# Blender 5.2.0 LTS
# www.blender.org
mtllib tree.mtl
o mesh
v 0.037689 0.212424 -0.599805
v 0.077649 0.214535 -0.559598
v 0.046484 0.300785 -0.568695
v -0.033894 0.175740 -0.596399
v -0.082409 0.263087 -0.576524
v -0.063002 0.177839 -0.580846
v -0.118776 0.290767 -0.530302
v -0.166936 -0.092577 -0.568554
v -0.133655 0.206451 -0.548453
v -0.156378 0.254934 -0.559079
v -0.041470 -0.214960 -0.551161
v 0.026529 -0.150122 -0.532453
v -0.175790 -0.207679 -0.559102
v -0.125132 -0.144516 -0.557450
v -0.127016 -0.201235 -0.537863
v -0.074808 -0.114726 -0.568218
v -0.110794 0.224899 -0.592379
v -0.102784 -0.170390 -0.558271
v -0.123929 -0.043744 -0.554109
v -0.075197 -0.174976 -0.527088
v -0.043216 -0.126969 -0.567234
v -0.009424 0.323141 -0.518164
v 0.017845 0.342163 -0.560687
v -0.003578 0.289734 -0.560915
v -0.099290 -0.126146 -0.529507
v -0.204344 -0.083188 -0.557837
v -0.158357 0.041303 -0.507061
v 0.243575 0.084917 -0.518810
v -0.025319 0.126582 -0.524978
v 0.018019 0.161845 -0.575044
v 0.035000 0.328456 -0.507423
v -0.244845 -0.197965 -0.523788
v 0.144834 0.116768 -0.546226
v -0.263338 -0.074718 -0.480147
v 0.146932 0.057881 -0.516928
v 0.170835 0.214398 -0.528970
v 0.074274 0.258500 -0.575137
v 0.072864 0.308109 -0.516206
v 0.073181 0.162812 -0.536851
v 0.111858 0.091298 -0.541769
v 0.126578 0.244504 -0.512587
v -0.066915 0.324028 -0.546851
v -0.166968 -0.223805 -0.497646
v -0.264624 -0.146461 -0.497211
v -0.068507 -0.066108 -0.534500
v 0.224042 0.167100 -0.522405
v 0.061054 -0.149076 -0.512201
v -0.013885 -0.066760 -0.536535
v -0.097053 0.042758 -0.523341
v 0.039532 0.091877 -0.424744
v 0.053308 0.130335 -0.502864
v -0.189634 0.000427 -0.475819
v -0.036179 -0.035356 -0.472232
v 0.202575 0.239354 -0.493088
v -0.099974 -0.221816 -0.490815
v -0.060245 0.018935 -0.487599
v 0.107794 0.275007 -0.498984
v -0.116244 0.198641 -0.502562
v -0.176199 0.206133 -0.500404
v 0.185888 0.059977 -0.541771
v 0.194728 0.038181 -0.483144
v 0.270700 0.134120 -0.524703
v 0.240115 0.270362 -0.468708
v 0.268821 0.210451 -0.460321
v -0.078026 0.162007 -0.504457
v -0.076753 0.176713 -0.533632
v -0.056489 -0.036479 -0.502676
v 0.124351 0.061230 -0.458841
v -0.220336 0.279171 -0.498109
v -0.170316 0.296086 -0.483914
v -0.106911 0.066348 -0.482457
v -0.029497 0.342669 -0.473178
v -0.088577 0.170393 -0.469182
v 0.083686 0.285711 -0.466041
v -0.119825 0.305788 -0.495043
v 0.220282 0.021186 -0.436204
v -0.064783 -0.225975 -0.463235
v -0.171531 -0.194870 -0.456013
v -0.150988 0.180426 -0.454181
v 0.003479 0.356981 -0.465095
v -0.327551 0.480147 -0.427356
v 0.021005 -0.204729 -0.480127
v -0.169905 0.319276 -0.442365
v 0.138218 0.597575 -0.451952
v 0.120125 0.668602 -0.480904
v -0.249899 -0.119709 -0.424213
v 0.061192 -0.096151 -0.446704
v -0.046408 0.166663 -0.493245
v 0.317152 0.130220 -0.429331
v 0.269482 0.267002 -0.443243
v 0.154144 0.277177 -0.437033
v -0.151510 0.434339 -0.450600
v -0.101607 0.436080 -0.453665
v -0.251682 0.456474 -0.441636
v -0.279704 0.533731 -0.487414
v -0.229475 0.518743 -0.449533
v -0.241931 -0.069866 -0.427462
v 0.049827 0.349883 -0.438932
v -0.037977 0.171785 -0.470452
v -0.109962 0.360455 -0.471052
v -0.071632 0.354678 -0.444014
v 0.041310 -0.117784 -0.506029
v -0.030501 0.053485 -0.397499
v 0.279063 0.035547 -0.469611
v -0.063865 0.153948 -0.463237
v 0.303166 0.178992 -0.446202
v 0.033021 0.124082 -0.457271
v -0.183703 0.609315 -0.400926
v -0.310515 0.541939 -0.443473
v -0.162539 -0.947474 -0.457864
v 0.031774 -0.956483 -0.426393
v 0.042640 -0.172221 -0.449529
v 0.034323 0.620078 -0.430430
v 0.100834 0.560750 -0.427738
v 0.156730 0.650144 -0.453994
v 0.084996 -0.934285 -0.438845
v 0.119997 -0.920093 -0.410537
v -0.147859 -0.921567 -0.415491
v 0.157511 0.019266 -0.447696
v -0.002840 0.092893 -0.432081
v -0.013996 0.139668 -0.454724
v 0.105382 0.307166 -0.444905
v -0.230830 0.354550 -0.418697
v -0.202230 0.368853 -0.441975
v 0.064490 0.685508 -0.431623
v -0.238468 -0.955938 -0.422229
v -0.193576 -0.921827 -0.421037
v -0.213099 0.206960 -0.445585
v -0.363901 0.537709 -0.420766
v 0.234573 0.586769 -0.419647
v 0.227221 0.635018 -0.411290
v 0.197938 0.669002 -0.451287
v 0.182337 -0.949705 -0.462360
v 0.206017 -0.932168 -0.435405
v -0.089376 0.093167 -0.409004
v -0.057170 0.188744 -0.414605
v -0.007789 0.153372 -0.429345
v -0.167320 0.339452 -0.427331
v -0.162700 0.501530 -0.443080
v 0.153940 0.537087 -0.414214
v 0.003659 -0.932759 -0.406424
v -0.082625 -0.946152 -0.449723
v -0.067709 -0.221357 -0.402183
v -0.035513 -0.059250 -0.426071
v -0.027953 0.342481 -0.407532
v 0.009869 0.331744 -0.435409
v -0.135568 0.382450 -0.411426
v -0.117115 0.496787 -0.418854
v -0.101708 0.563319 -0.392111
v -0.106876 -0.956216 -0.441330
v -0.004941 -0.208366 -0.442804
v -0.208871 -0.161244 -0.410441
v 0.104038 0.060262 -0.406567
v 0.303360 0.075202 -0.408942
v -0.121957 0.347293 -0.406972
v -0.286979 0.407023 -0.434705
v -0.285909 -0.934983 -0.393861
v -0.053075 -0.094014 -0.434114
v -0.152984 0.063069 -0.379570
v 0.310504 0.088658 -0.467830
v -0.217120 0.292373 -0.424798
v 0.122491 0.353116 -0.453482
v 0.046162 0.405260 -0.414131
v 0.157571 0.499328 -0.433513
v -0.359577 0.593230 -0.405131
v 0.058949 0.717916 -0.399236
v 0.020674 -0.219315 -0.401478
v -0.098565 -0.174416 -0.433755
v -0.030137 0.008921 -0.383167
v -0.106366 0.131878 -0.430937
v -0.070015 0.131657 -0.446099
v -0.320125 0.151717 -0.413462
v -0.211520 0.169115 -0.410943
v -0.217129 0.102431 -0.402917
v -0.272078 0.188108 -0.430253
v -0.240264 0.235124 -0.403922
v -0.179019 0.291053 -0.402338
v -0.081972 0.376651 -0.399522
v 0.207284 0.536344 -0.421832
v 0.135286 0.689061 -0.418025
v -0.085404 -0.913688 -0.408477
v -0.024631 -0.193349 -0.407129
v 0.016159 -0.133020 -0.394307
v -0.349500 0.257024 -0.435202
v -0.289103 0.453937 -0.420555
v 0.222523 0.630948 -0.456939
v -0.174507 0.562541 -0.434045
v -0.286155 0.228206 -0.405838
v -0.340825 0.197179 -0.396457
v -0.259979 0.302637 -0.394918
v -0.162636 0.325857 -0.399018
v 0.141591 0.365473 -0.420367
v -0.128420 0.618232 -0.412754
v -0.227758 0.599493 -0.396847
v 0.005849 0.610936 -0.426075
v 0.051709 0.678227 -0.357788
v 0.088503 0.709472 -0.441923
v 0.150547 0.721225 -0.384623
v -0.058045 -0.178282 -0.414225
v -0.122470 -0.187404 -0.393316
v -0.085264 -0.070705 -0.387299
v -0.099149 -0.101089 -0.412673
v -0.222282 0.361197 -0.347730
v -0.089540 0.445495 -0.391353
v 0.011354 0.592213 -0.384183
v -0.126342 -0.182538 -0.444853
v -0.127226 -0.131090 -0.394724
v 0.235801 0.233999 -0.390433
v -0.294109 0.332085 -0.376457
v -0.053843 0.447985 -0.368986
v -0.303992 -0.957181 -0.372626
v -0.177065 0.139284 -0.372001
v -0.136686 -0.082238 -0.395655
v -0.171225 0.047073 -0.419981
v 0.260702 0.041211 -0.386079
v -0.036795 0.161087 -0.401226
v -0.391976 0.153509 -0.342395
v -0.139101 0.149886 -0.372501
v -0.108998 0.192425 -0.406868
v -0.392056 0.212340 -0.373363
v -0.369945 0.251511 -0.368631
v -0.169038 0.348948 -0.371729
v 0.093219 0.421297 -0.371121
v -0.352589 0.429618 -0.348590
v -0.388938 0.493892 -0.371354
v 0.143319 0.498903 -0.357133
v 0.328708 0.474993 -0.344979
v 0.191636 0.665509 -0.391768
v 0.286761 -0.955586 -0.376120
v 0.005497 -0.909480 -0.348291
v -0.175896 0.108963 -0.386582
v -0.166599 0.180991 -0.429106
v -0.161386 0.182533 -0.391615
v -0.217055 0.267852 -0.375002
v 0.202000 0.273271 -0.429883
v 0.160801 0.307319 -0.402502
v -0.188883 0.307730 -0.349736
v 0.005750 0.391073 -0.402625
v 0.306824 0.471444 -0.408669
v 0.296363 0.510806 -0.413449
v -0.067889 0.530763 -0.387258
v 0.095982 0.505683 -0.304163
v -0.378420 0.537982 -0.343764
v -0.279804 0.622918 -0.366691
v -0.280825 0.610926 -0.399775
v 0.171795 0.044623 -0.388327
v 0.143025 0.079504 -0.397223
v 0.055656 0.123542 -0.382271
v -0.121746 0.302596 -0.379224
v 0.041513 0.546214 -0.366516
v -0.322241 0.582856 -0.413378
v 0.003332 0.636398 -0.388835
v -0.202353 -0.074123 -0.396327
v -0.128213 -0.055313 -0.345615
v -0.267770 0.071299 -0.369818
v 0.324302 0.112974 -0.380127
v -0.289943 0.384841 -0.325064
v 0.047597 -0.155356 -0.412066
v -0.146698 -0.181452 -0.397236
v -0.152012 -0.157175 -0.375994
v -0.056064 -0.041473 -0.343146
v 0.282515 0.524742 -0.362153
v 0.318937 0.511268 -0.374930
v -0.019989 0.540947 -0.349732
v 0.270868 -0.929274 -0.365259
v 0.006128 0.139804 -0.391880
v -0.034547 0.115262 -0.348008
v 0.007560 0.166037 -0.355940
v 0.190831 0.252061 -0.392738
v 0.254431 0.488711 -0.365406
v -0.194713 0.606698 -0.357580
v 0.090986 0.703236 -0.359244
v 0.089336 0.746338 -0.401040
v 0.126547 0.743252 -0.350762
v -0.034935 0.174256 -0.361035
v -0.042775 0.344070 -0.359383
v 0.186119 0.453115 -0.347942
v 0.197621 0.489385 -0.385400
v 0.262536 0.646667 -0.359056
v -0.233656 -0.916659 -0.289874
v -0.169500 -0.022350 -0.407707
v -0.171282 0.013035 -0.329489
v -0.044525 0.528869 -0.347870
v 0.307558 0.634961 -0.332835
v -0.333950 0.597378 -0.353159
v -0.034291 0.619757 -0.343220
v -0.292042 -0.928637 -0.337985
v -0.201402 0.281506 -0.361703
v -0.337896 0.297116 -0.393490
v -0.343198 0.299388 -0.346267
v -0.105970 0.382089 -0.367115
v 0.196221 0.365770 -0.332963
v -0.025236 0.484661 -0.333057
v -0.152244 0.636456 -0.339060
v 0.009908 0.676086 -0.352845
v -0.206525 0.064125 -0.339020
v 0.203324 0.069240 -0.361989
v 0.180845 0.086290 -0.330777
v 0.219493 0.244441 -0.340510
v -0.283189 0.309583 -0.342510
v -0.087646 0.591764 -0.319392
v -0.177403 0.068968 -0.356157
v -0.118309 0.177895 -0.334433
v 0.280734 0.201801 -0.390074
v 0.283084 0.229941 -0.345916
v -0.238510 0.313676 -0.351633
v 0.229273 0.451577 -0.327142
v 0.220937 0.664569 -0.337046
v 0.220139 -0.917427 -0.304955
v -0.167481 0.101375 -0.328628
v -0.071158 0.179370 -0.353414
v -0.153969 0.293355 -0.339176
v -0.212679 0.361953 -0.343257
v 0.016784 0.489649 -0.348872
v -0.205043 0.026916 -0.350352
v -0.074705 0.375885 -0.363928
v -0.309413 0.425755 -0.387277
v 0.041756 0.423065 -0.353686
v -0.014326 0.415546 -0.343679
v -0.112078 -0.114158 -0.371917
v -0.088556 -0.125843 -0.266504
v -0.077625 0.041574 -0.335243
v -0.413361 0.272816 -0.322403
v -0.056522 0.412611 -0.331761
v -0.231220 0.637744 -0.327889
v 0.078637 0.722311 -0.312126
v 0.114932 0.698829 -0.321797
v -0.099557 -0.021434 -0.323354
v -0.335050 0.118379 -0.369947
v -0.296463 0.085708 -0.293279
v 0.104782 0.121842 -0.322818
v 0.065481 0.150525 -0.337345
v -0.034664 0.230284 -0.315779
v 0.272458 0.167093 -0.318074
v 0.099245 0.424210 -0.312823
v 0.328920 -0.955381 -0.280501
v 0.317399 -0.929870 -0.338058
v 0.126886 0.112450 -0.337488
v 0.187746 0.148472 -0.303199
v -0.420412 0.231153 -0.286773
v -0.112346 0.360592 -0.370271
v 0.142957 0.431728 -0.322484
v 0.323095 0.569154 -0.326088
v 0.081864 0.089021 -0.353222
v -0.069967 0.199725 -0.340797
v -0.374960 0.269294 -0.322207
v -0.048710 0.359156 -0.328264
v -0.156493 0.389126 -0.288024
v 0.295447 0.512969 -0.326440
v 0.368029 0.508477 -0.333326
v -0.283145 0.641902 -0.306872
v -0.133558 -0.125377 -0.334357
v -0.108259 -0.096612 -0.316559
v 0.238958 0.127093 -0.340280
v 0.270648 0.075229 -0.344596
v -0.267907 0.328143 -0.310809
v 0.295509 0.446372 -0.365018
v 0.380579 0.457745 -0.324727
v -0.376568 0.497465 -0.287285
v 0.062514 0.494620 -0.305160
v 0.161062 0.692349 -0.324040
v -0.385244 -0.934945 -0.312409
v -0.164402 -0.113642 -0.368056
v -0.132017 0.032329 -0.315595
v 0.263161 0.245043 -0.297306
v 0.167210 0.449227 -0.310762
v -0.041318 0.555457 -0.321882
v -0.312434 0.625729 -0.226836
v -0.036004 0.682054 -0.276075
v -0.191402 0.089514 -0.302834
v 0.219188 0.407601 -0.336276
v -0.106401 -0.910445 -0.224165
v 0.038809 -0.909646 -0.263521
v 0.115948 0.089243 -0.289859
v -0.138702 0.305037 -0.306865
v -0.110826 0.375082 -0.305811
v -0.091790 0.100517 -0.346769
v 0.174209 0.138505 -0.338486
v 0.172684 0.162909 -0.313228
v -0.100142 0.324202 -0.335919
v -0.269049 0.669003 -0.346194
v 0.276283 0.673036 -0.335698
v 0.277458 0.651907 -0.291445
v 0.143530 0.499650 -0.292983
v -0.379671 0.576021 -0.307674
v -0.125389 0.099395 -0.309418
v -0.113241 0.106032 -0.384121
v -0.107023 0.141464 -0.270751
v 0.107082 0.150003 -0.297891
v -0.068462 0.246869 -0.298140
v -0.321992 0.416385 -0.274487
v 0.274914 0.424930 -0.307651
v 0.072059 0.444340 -0.292954
v 0.024352 0.717872 -0.287704
v -0.249113 0.089369 -0.323477
v -0.247130 0.071734 -0.302325
v 0.198555 0.323482 -0.244292
v -0.227988 0.676079 -0.244259
v 0.322144 0.436539 -0.316309
v 0.124735 0.448641 -0.274152
v -0.199412 0.646255 -0.261736
v -0.324662 -0.912433 -0.188396
v 0.052362 0.181980 -0.261645
v -0.190932 0.315028 -0.302370
v 0.361239 0.556296 -0.289873
v -0.110532 0.617586 -0.298371
v 0.208516 0.650574 -0.264340
v 0.270264 -0.917686 -0.239409
v -0.017097 -0.917053 -0.243756
v -0.058675 0.214720 -0.259093
v 0.205815 0.235745 -0.298641
v 0.216088 0.206649 -0.269205
v -0.370084 0.283742 -0.271176
v 0.256013 0.338455 -0.258298
v -0.362483 0.599800 -0.255556
v 0.323902 0.615679 -0.277154
v 0.305485 0.658392 -0.270890
v -0.217401 0.090517 -0.302289
v -0.266061 0.087394 -0.286365
v 0.146640 0.148639 -0.288625
v 0.205213 0.288059 -0.344943
v 0.228130 0.277608 -0.265642
v -0.271294 0.345327 -0.275493
v -0.291899 0.372748 -0.257707
v -0.078811 0.362270 -0.313216
v -0.271941 0.666153 -0.229313
v 0.004448 0.713934 -0.254904
v -0.407773 -0.938965 -0.237284
v -0.145856 0.133054 -0.300365
v 0.195082 0.340523 -0.285946
v 0.213275 0.327524 -0.332848
v 0.216535 0.357738 -0.272995
v 0.179819 0.507023 -0.267659
v -0.116005 0.620086 -0.260356
v -0.405594 -0.955939 -0.234652
v 0.131641 -0.917573 -0.250714
v -0.124143 -0.089329 -0.292597
v -0.136906 0.059341 -0.243786
v -0.329402 0.342812 -0.269896
v -0.319467 0.302466 -0.285161
v 0.099351 0.492323 -0.270197
v -0.127624 -0.021806 -0.296047
v -0.330031 0.101160 -0.223965
v -0.375134 0.342030 -0.273346
v -0.117328 0.346149 -0.263856
v 0.161845 0.460644 -0.253831
v -0.341345 0.467729 -0.235247
v 0.312829 0.559940 -0.258261
v -0.111873 -0.141054 -0.250287
v 0.044003 0.732671 -0.260253
v 0.152660 0.161140 -0.249889
v -0.064707 0.644300 -0.245037
v 0.415773 -0.954104 -0.035243
v 0.301177 -0.927180 -0.281101
v 0.128208 0.694341 -0.247522
v -0.095998 0.756208 -0.280730
v -0.067828 0.787334 -0.266832
v -0.228038 0.147937 -0.216092
v -0.155407 0.356714 -0.279429
v 0.358959 0.403546 -0.273012
v -0.143094 0.735491 -0.251020
v -0.117110 -0.049050 -0.271303
v -0.248006 0.350157 -0.276875
v -0.234992 0.356171 -0.242044
v -0.214169 0.312570 -0.240453
v -0.206588 0.368884 -0.268338
v -0.187948 0.369243 -0.246513
v -0.163115 0.322697 -0.255456
v 0.193007 0.383307 -0.249589
v -0.062267 0.722825 -0.232747
v 0.160001 0.493537 -0.238697
v 0.410368 0.538454 -0.284191
v 0.411749 0.499336 -0.236771
v 0.279173 0.660109 -0.224983
v -0.192273 0.139716 -0.246070
v -0.127805 0.161495 -0.209932
v -0.165643 0.146289 -0.231053
v -0.400930 0.216464 -0.229573
v -0.414747 0.288671 -0.234749
v -0.067601 0.366308 -0.245486
v -0.405958 0.550002 -0.254538
v -0.040312 -0.135763 -0.156305
v -0.183443 0.048763 -0.248444
v -0.335362 0.350750 -0.242417
v -0.151299 0.676020 -0.235227
v -0.130048 0.697807 -0.255513
v 0.377778 -0.927409 -0.185864
v -0.143555 -0.018002 -0.249979
v -0.103925 0.301280 -0.215350
v -0.050509 0.320232 -0.215105
v -0.170789 0.358115 -0.220235
v -0.055628 0.328971 -0.261561
v -0.077294 0.575780 -0.251984
v -0.174126 0.764904 -0.253375
v -0.121460 0.047927 -0.264834
v -0.138593 -0.009022 -0.208552
v -0.369208 0.104909 -0.277551
v 0.130652 0.181311 -0.158040
v 0.034662 0.191370 -0.221487
v 0.200580 0.278751 -0.210733
v -0.152925 0.322137 -0.221976
v -0.126831 0.348916 -0.251982
v -0.391574 0.316851 -0.213675
v 0.294768 0.373240 -0.219816
v 0.098653 0.440909 -0.242529
v 0.108586 0.479767 -0.230984
v 0.103680 0.680772 -0.180947
v -0.129034 0.802013 -0.223830
v 0.104959 -0.873383 -0.193156
v -0.367640 0.177568 -0.196441
v -0.469417 0.257840 -0.245823
v 0.248178 0.374682 -0.232948
v 0.114602 0.472879 -0.240067
v -0.029359 0.598743 -0.208728
v -0.074676 0.816232 -0.219145
v -0.202296 0.785717 -0.224754
v -0.261957 0.345864 -0.215628
v -0.117486 0.345520 -0.206320
v -0.382270 0.499104 -0.231197
v 0.285995 0.608845 -0.205013
v -0.409537 -0.916525 -0.170837
v -0.198238 0.102147 -0.238260
v -0.156541 0.175190 -0.188120
v -0.039375 0.204023 -0.217328
v -0.221458 0.367339 -0.199298
v 0.171851 0.377228 -0.202164
v -0.218764 -0.900244 -0.037051
v 0.095486 0.108140 -0.257791
v -0.408749 0.169093 -0.253740
v -0.151127 0.627982 -0.227052
v -0.198010 0.637647 -0.204657
v -0.451016 0.299692 -0.202447
v -0.379263 0.335121 -0.199053
v -0.006274 0.533522 -0.233304
v 0.031822 0.610562 -0.176032
v -0.069924 0.667016 -0.187247
v -0.016118 0.781086 -0.217012
v 0.189208 0.204064 -0.210796
v -0.445892 0.219407 -0.230401
v -0.204107 0.314808 -0.191458
v 0.005694 0.360212 -0.167496
v 0.145168 0.485666 -0.184430
v -0.034874 0.466761 -0.193774
v 0.172646 0.640748 -0.220587
v 0.121940 0.684825 -0.193181
v -0.208322 0.736725 -0.218058
v -0.458442 -0.954417 -0.185416
v 0.406795 -0.953198 -0.191764
v -0.486187 0.248211 -0.215925
v 0.160743 0.327903 -0.188791
v 0.280872 0.375539 -0.185971
v 0.392704 0.420472 -0.189947
v 0.100104 0.425727 -0.179349
v -0.188206 0.791507 -0.191806
v 0.007564 0.845213 -0.176566
v -0.041800 -0.143540 -0.202103
v 0.062250 0.204709 -0.187276
v 0.101489 0.167644 -0.219251
v 0.084680 0.182907 -0.245408
v 0.378570 0.544704 -0.167356
v 0.213817 0.631946 -0.222349
v -0.169559 0.632634 -0.149376
v -0.134348 0.681914 -0.168345
v -0.454948 -0.921650 -0.166472
v 0.188037 0.195977 -0.178542
v 0.187744 0.240454 -0.183758
v -0.115829 0.300396 -0.160085
v -0.320048 0.436977 -0.168336
v 0.422005 0.526141 -0.202706
v -0.368742 0.523924 -0.156577
v -0.335037 0.608326 -0.160558
v -0.007285 0.720071 -0.182717
v -0.057046 0.868020 -0.169946
v 0.183257 -0.913019 -0.128698
v -0.029626 0.255178 -0.173235
v 0.127024 0.192373 -0.226379
v 0.235413 0.302011 -0.184782
v 0.006864 0.681060 -0.184575
v 0.046257 0.788693 -0.181420
v -0.171367 0.229191 -0.164016
v 0.218701 0.239526 -0.206945
v 0.164502 0.227907 -0.197990
v -0.052259 0.362605 -0.210756
v 0.312534 0.386112 -0.163556
v 0.036411 0.526960 -0.154649
v -0.257494 0.631924 -0.175229
v 0.037108 0.711704 -0.211985
v 0.104674 0.359371 -0.173708
v 0.438115 0.472760 -0.199910
v -0.054315 0.515479 -0.208314
v -0.112512 0.573567 -0.231124
v 0.060748 0.653973 -0.200038
v -0.194794 0.749355 -0.176629
v -0.051508 -0.907687 -0.208964
v 0.141005 0.440740 -0.216268
v 0.370580 0.537520 -0.240269
v -0.102462 0.561284 -0.185210
v 0.197979 0.562014 -0.185180
v 0.042954 0.715101 -0.170177
v -0.110733 0.859543 -0.163158
v 0.442225 0.143877 -0.195067
v 0.418754 0.055599 -0.179706
v -0.257465 0.200903 -0.215969
v -0.255077 0.197706 -0.149195
v -0.084694 0.260769 -0.185935
v 0.042063 0.341247 -0.186101
v -0.287849 0.389683 -0.161781
v -0.095893 0.499919 -0.140725
v 0.416407 0.532384 -0.126157
v -0.125749 0.229047 -0.168824
v -0.070716 0.210171 -0.177348
v 0.109722 0.268082 -0.169888
v 0.131695 0.318316 -0.180947
v -0.369547 0.320980 -0.166564
v 0.200517 0.327387 -0.202760
v -0.002674 0.323527 -0.160176
v 0.236148 0.388393 -0.151295
v 0.213308 0.376164 -0.194633
v -0.338284 0.481460 -0.136876
v 0.015631 0.466154 -0.169472
v -0.020177 0.898214 -0.167364
v -0.295060 -0.914796 -0.112584
v -0.018796 -0.907710 -0.154364
v 0.490350 0.099901 -0.128547
v -0.285290 0.153583 -0.201043
v -0.301771 0.163331 -0.171111
v 0.243673 0.204112 -0.194254
v -0.065726 0.305664 -0.184702
v 0.230282 0.339334 -0.158106
v 0.286752 0.334104 -0.144232
v -0.049535 0.396990 -0.190890
v -0.091313 0.414872 -0.134132
v 0.233929 0.572470 -0.097755
v 0.239983 0.601990 -0.182399
v 0.281082 0.579507 -0.161886
v 0.326631 0.562045 -0.182422
v -0.223509 0.780670 -0.157214
v 0.338746 -0.913636 -0.090573
v -0.099100 -0.906693 -0.141966
v 0.373561 0.083128 -0.151801
v 0.153485 0.216060 -0.164119
v -0.027608 0.293503 -0.151283
v 0.066074 0.453534 -0.186407
v 0.052569 0.491172 -0.185329
v 0.140414 0.536241 -0.150838
v 0.084680 0.771561 -0.141901
v 0.413090 0.028767 -0.142936
v 0.118911 0.388344 -0.157202
v 0.373949 0.513255 -0.196510
v -0.287040 0.612616 -0.138570
v -0.206261 0.721399 -0.129302
v -0.198755 0.824324 -0.154142
v -0.426320 -0.955540 0.250720
v 0.513441 0.151669 -0.122664
v -0.332704 0.199775 -0.151180
v 0.249687 0.182097 -0.128649
v -0.432916 0.238941 -0.131135
v -0.217215 0.347689 -0.152514
v 0.400994 0.125461 -0.181409
v 0.321439 0.170750 -0.137787
v 0.156489 0.201481 -0.120968
v -0.259017 0.375133 -0.180397
v -0.248747 0.331236 -0.174885
v -0.284772 0.343480 -0.141430
v -0.242595 0.380092 -0.149581
v -0.314902 0.337525 -0.160823
v 0.373728 0.374938 -0.122460
v 0.345281 0.593288 -0.091676
v 0.478835 0.215612 -0.146559
v 0.318315 0.222617 -0.135208
v -0.427587 0.280061 -0.165749
v -0.261458 0.337235 -0.104951
v -0.176364 0.362435 -0.137492
v -0.136216 0.393754 -0.122091
v 0.343490 0.404888 -0.159251
v 0.344217 0.387918 -0.145193
v 0.138207 0.422460 -0.156535
v 0.187057 0.541993 -0.117630
v -0.130341 0.548425 -0.083070
v -0.007488 0.672858 -0.155930
v 0.394671 -0.943589 -0.131365
v 0.035676 -0.907065 -0.168451
v -0.009213 -0.790933 -0.112675
v -0.306779 0.216504 -0.132689
v -0.180046 0.219072 -0.120478
v 0.076548 0.716174 -0.132310
v -0.425727 -0.919663 -0.095338
v 0.256313 0.234596 -0.167407
v -0.136204 0.264882 -0.138910
v -0.376136 0.670468 -0.106176
v -0.333528 0.694081 -0.114527
v -0.184247 -0.901241 -0.014437
v -0.022415 -0.841392 -0.175838
v 0.292814 0.124118 -0.119729
v -0.465853 0.334243 -0.104614
v 0.195869 0.368443 -0.086416
v 0.191419 0.377327 -0.152213
v -0.055474 -0.896877 -0.116002
v -0.073810 -0.861023 -0.106032
v -0.077037 -0.828950 -0.152337
v 0.138126 0.010651 -0.125372
v 0.140835 0.058579 -0.121908
v 0.406629 0.195694 -0.159644
v 0.235058 0.355915 -0.153141
v 0.300953 0.394324 -0.081271
v -0.182559 0.382331 -0.165632
v -0.361602 0.572900 -0.135096
v -0.390597 0.634005 -0.136601
v -0.321264 0.637829 -0.128496
v 0.249141 0.323126 -0.131771
v 0.224167 0.321818 -0.068819
v 0.152355 0.480804 -0.152882
v 0.109083 0.499184 -0.120692
v 0.085385 0.544852 -0.116147
v -0.443591 0.540399 -0.120908
v -0.404621 0.519121 -0.145894
v -0.012045 0.677647 -0.117832
v 0.127384 0.736437 -0.162901
v 0.162617 0.710100 -0.114226
v 0.118661 0.666817 -0.109931
v 0.144364 0.795379 -0.121444
v 0.151073 0.364687 -0.111039
v -0.199155 0.407699 -0.115576
v -0.357792 0.456584 -0.108862
v 0.129649 0.847098 -0.122103
v -0.101127 0.905165 -0.072434
v -0.459183 -0.955191 -0.108111
v -0.076512 -0.903601 -0.077774
v -0.430691 0.370488 -0.109771
v 0.297479 0.357198 -0.114633
v 0.325479 0.389633 -0.122348
v -0.249127 0.592862 -0.118341
v -0.238551 0.649518 -0.127636
v -0.429889 0.621227 -0.138754
v -0.390707 0.644188 -0.089643
v 0.003857 0.915603 -0.101871
v 0.068273 -0.003877 -0.087859
v 0.317497 0.065718 -0.086738
v 0.242525 0.073470 -0.148990
v 0.398496 0.235630 -0.092119
v -0.242692 0.388131 -0.107863
v 0.115098 0.408936 -0.091983
v 0.444194 0.493288 -0.135470
v -0.080957 0.553505 -0.112402
v 0.100967 0.573279 -0.107558
v 0.135161 0.591302 -0.139617
v 0.085372 0.853801 -0.114342
v -0.145775 0.874965 -0.054107
v -0.230112 0.218982 -0.096098
v 0.309291 0.248181 -0.100199
v -0.114557 0.661899 -0.130586
v 0.057827 0.675531 -0.103569
v -0.136110 0.851470 -0.135302
v 0.010499 -0.835757 -0.117948
v 0.468380 0.064110 -0.089206
v -0.150205 0.283155 -0.109278
v 0.034272 0.439185 -0.082414
v -0.411159 0.430054 -0.078564
v -0.451365 0.502656 -0.129485
v -0.178896 0.578030 -0.076193
v 0.035507 0.672336 -0.124913
v 0.014952 0.619893 -0.073709
v -0.070837 0.678606 -0.133522
v -0.303315 0.649801 -0.067335
v 0.177541 0.674670 -0.070936
v -0.223117 0.804708 -0.127935
v -0.199725 0.857342 -0.065762
v -0.175366 0.854808 -0.108853
v -0.042073 0.918295 -0.126701
v 0.003836 -0.895626 -0.061612
v 0.024352 -0.815971 -0.082452
v 0.027040 0.187318 -0.092077
v -0.202019 0.305867 -0.111767
v -0.384971 0.343220 -0.127407
v -0.029945 0.377117 -0.094578
v -0.073223 0.471855 -0.128652
v -0.132078 0.668626 -0.107984
v -0.109710 0.665159 -0.085297
v 0.039801 -0.875251 -0.131859
v 0.064146 -0.807078 -0.080359
v 0.086697 -0.049147 -0.064712
v 0.104657 0.244817 -0.125672
v 0.129459 0.267431 -0.088690
v 0.259407 0.290262 -0.093891
v -0.050104 0.518287 -0.127106
v -0.007563 0.396745 -0.067050
v 0.461003 0.504042 -0.072896
v 0.188078 0.640507 -0.087963
v 0.248574 0.648523 -0.070483
v 0.008997 0.676533 -0.088517
v -0.046493 -0.787046 -0.109467
v -0.054612 -0.612926 -0.093481
v 0.000517 -0.570536 -0.083833
v 0.240075 0.067541 -0.118710
v -0.421437 0.180625 -0.078539
v -0.346674 0.420182 -0.085923
v -0.497080 0.538504 -0.072172
v 0.184417 0.796254 -0.073678
v 0.183571 0.779342 -0.110751
v 0.035589 0.924549 -0.068298
v -0.388083 -0.912762 -0.052184
v 0.129287 0.041550 -0.068171
v 0.363310 0.037618 -0.074418
v 0.538337 0.081851 -0.065407
v -0.374297 0.189046 -0.131335
v -0.511622 0.266748 -0.080047
v -0.226805 0.264940 -0.070671
v 0.097498 0.305741 -0.119899
v 0.132352 0.348529 -0.133556
v -0.361474 0.398009 -0.085298
v -0.295463 0.430980 -0.116507
v 0.151126 0.612956 -0.096917
v -0.205504 0.622621 -0.083364
v -0.108328 0.614103 -0.102549
v -0.049722 0.706011 -0.078260
v 0.159919 0.014116 -0.096689
v 0.225176 0.095626 -0.131532
v 0.560953 0.181036 -0.052768
v 0.507838 0.184121 -0.082687
v -0.248979 0.229846 -0.058737
v -0.197845 0.252944 -0.104611
v -0.397463 0.382100 -0.070407
v -0.298508 0.424675 -0.052189
v -0.320153 0.456448 -0.089696
v -0.038320 0.577959 -0.097267
v -0.040351 0.654058 -0.126373
v -0.246875 0.778010 -0.066265
v -0.039686 0.910965 -0.043778
v 0.363617 -0.910492 0.025122
v 0.034234 -0.724268 -0.065102
v -0.086278 -0.696158 -0.062670
v -0.010547 -0.190568 -0.139889
v -0.030233 -0.278155 -0.064275
v -0.037011 -0.188266 -0.118191
v 0.402889 0.260926 -0.063214
v -0.153439 0.236034 -0.101651
v 0.036849 0.309333 -0.107943
v 0.015438 0.343381 -0.106981
v 0.018608 0.405861 -0.063955
v 0.291255 0.404037 -0.051943
v -0.139607 0.496983 -0.086627
v -0.065155 0.494723 -0.094683
v -0.087161 0.624972 -0.105543
v 0.116509 -0.904210 -0.136213
v 0.077164 -0.864236 -0.125268
v 0.078218 -0.813853 -0.023626
v -0.064027 -0.241990 -0.045423
v -0.321304 0.190044 -0.066446
v -0.002471 0.211515 -0.096355
v 0.028741 0.264368 -0.081303
v -0.520490 0.196417 -0.064813
v -0.210081 0.198621 -0.059195
v -0.318396 0.371812 -0.123677
v 0.109403 0.481256 -0.065953
v 0.139530 0.534238 -0.062627
v 0.417826 0.569422 -0.066684
v 0.098564 0.588507 -0.076012
v 0.102400 0.627071 -0.065407
v 0.018719 -0.259901 -0.053951
v -0.482624 0.351060 -0.036451
v -0.180003 0.416677 -0.066750
v -0.052433 0.569587 -0.079361
v 0.190156 0.590537 -0.082308
v 0.242540 0.594459 -0.043643
v -0.234050 0.828410 -0.090706
v -0.197501 0.837996 -0.024113
v 0.037964 0.008169 -0.021224
v -0.447132 0.176217 -0.039968
v 0.039410 0.171715 -0.057036
v -0.577697 0.254734 -0.006100
v -0.006161 0.236720 -0.072025
v 0.439489 0.263145 -0.099848
v -0.003257 0.441569 -0.111131
v 0.382902 0.422861 -0.052792
v 0.417501 0.487319 -0.037332
v -0.503053 0.579989 -0.050442
v 0.034764 -0.520577 -0.054801
v 0.389196 0.036126 -0.032812
v -0.003907 0.160789 -0.076566
v 0.208240 0.197432 -0.049739
v 0.151118 0.349836 -0.079984
v 0.044166 0.616657 -0.062236
v -0.446470 0.641651 -0.035630
v 0.166197 0.856274 -0.052457
v 0.379598 -0.915394 -0.032196
v 0.032874 -0.364733 -0.045329
v 0.028030 -0.110332 -0.073670
v 0.027765 -0.016211 -0.059651
v 0.183749 0.226038 -0.066537
v 0.280045 0.260010 -0.047759
v -0.287722 0.360071 -0.036814
v -0.203282 0.391522 -0.081942
v -0.234008 0.420823 -0.060054
v -0.043084 0.515906 -0.096260
v 0.431790 0.637891 -0.068678
v 0.227259 0.666802 -0.049164
v -0.130136 0.664652 -0.050895
v -0.078184 0.680699 -0.001929
v -0.110997 -0.610385 -0.037585
v -0.057764 -0.424149 -0.069866
v 0.478894 0.035195 -0.060693
v 0.299351 0.105447 -0.007174
v 0.265408 0.115692 -0.093914
v 0.029630 0.142128 -0.073968
v 0.081414 0.203681 -0.110712
v 0.483693 0.239590 -0.053998
v 0.205559 0.276112 -0.066620
v -0.524663 0.331536 -0.046910
v -0.281851 0.378832 -0.077164
v 0.432119 0.543006 -0.046989
v 0.357794 0.646606 -0.082110
v 0.045433 0.659515 -0.056156
v -0.339223 0.653937 -0.065553
v -0.012725 -0.170755 -0.073297
v -0.020290 -0.016420 -0.068532
v 0.092953 -0.061806 -0.036317
v -0.061487 0.014411 -0.039688
v 0.294276 0.094381 -0.097123
v -0.019847 0.267530 -0.032090
v 0.201393 0.390727 -0.035171
v 0.147450 0.403946 -0.031793
v 0.086440 0.553524 -0.040351
v -0.386828 0.692116 -0.073599
v -0.018657 0.721473 -0.042197
v 0.199145 0.752657 -0.034776
v -0.078887 -0.768420 -0.066993
v -0.171197 -0.872040 -0.046090
v 0.065282 -0.639063 -0.044047
v 0.348896 0.237625 -0.057347
v 0.404708 0.237858 -0.041651
v 0.023115 0.290149 -0.024522
v 0.447233 0.528237 -0.104335
v 0.306073 0.637483 -0.048882
v -0.092549 0.652760 -0.036477
v 0.089688 0.647216 -0.037919
v -0.239246 0.667905 -0.076635
v -0.293408 0.620472 -0.078617
v -0.009706 -0.859044 -0.053150
v 0.097678 0.010131 -0.010491
v -0.063260 0.072349 -0.025756
v -0.194860 0.127374 -0.043830
v -0.123378 0.014688 -0.055592
v -0.204078 0.039093 -0.031675
v 0.586897 0.078030 -0.026275
v 0.258304 0.172317 -0.022284
v 0.223592 0.154586 -0.077936
v -0.246406 0.274647 -0.025535
v -0.169436 0.445270 -0.053880
v -0.156137 0.384486 -0.038146
v -0.166491 -0.811658 -0.039053
v 0.067837 -0.495530 -0.000599
v -0.059386 -0.105495 -0.049179
v -0.340908 0.167288 -0.115085
v -0.466664 0.152041 -0.060965
v -0.491888 0.154360 -0.015138
v -0.479042 0.211904 -0.083655
v -0.128735 0.445287 -0.043845
v -0.163334 0.463152 -0.066585
v 0.491899 0.598169 -0.010315
v -0.209052 0.654655 -0.039178
v 0.232978 -0.912082 0.044786
v 0.220362 0.388603 -0.039692
v 0.242338 0.405916 -0.060622
v -0.174425 0.515226 -0.046728
v 0.300111 0.673611 -0.005382
v 0.068411 0.653388 0.010009
v -0.160350 -0.901998 0.025983
v 0.379846 0.040150 0.008129
v -0.256182 0.208009 -0.009498
v -0.192783 0.441810 -0.046264
v -0.133159 0.578582 -0.012709
v 0.043815 0.614327 0.004498
v 0.061058 0.909512 -0.017656
v -0.423068 -0.911842 0.042944
v -0.231493 -0.864673 -0.008949
v -0.130100 -0.706213 0.001746
v -0.084601 -0.280648 0.004341
v 0.138728 -0.007004 -0.048529
v -0.159763 -0.004941 -0.012507
v 0.513119 0.193193 -0.021270
v 0.237701 0.224993 -0.032080
v -0.072913 0.478347 -0.009779
v -0.330154 0.669754 0.001016
v 0.150506 0.859912 -0.008237
v 0.078768 -0.635637 -0.003678
v -0.370407 0.183059 -0.052635
v 0.212346 0.275365 -0.041515
v 0.396326 0.634369 -0.023496
v 0.164737 0.676959 -0.042515
v 0.179771 0.652960 -0.040254
v 0.211074 0.675849 -0.005978
v -0.182705 0.684249 -0.080084
v -0.217149 0.713491 -0.058761
v -0.218159 0.762236 -0.019336
v 0.190178 0.796768 0.046017
v 0.107591 0.918800 -0.050474
v -0.033411 0.904198 0.025317
v -0.455089 -0.927976 0.000620
v -0.464993 -0.954758 0.036218
v 0.459868 0.613134 -0.051604
v 0.436013 0.643459 -0.013683
v 0.063007 -0.896625 0.000823
v -0.075204 -0.142241 0.006803
v -0.394435 0.109026 -0.050186
v -0.407345 0.143872 -0.011345
v 0.545785 0.172184 -0.000522
v 0.568428 0.124969 -0.036727
v 0.514193 0.241912 -0.035848
v -0.435861 0.388687 -0.017542
v -0.260629 0.390452 -0.011359
v 0.397851 0.456453 0.001643
v 0.470907 0.524045 -0.010337
v 0.186309 0.726473 -0.010788
v -0.072711 -0.825724 -0.047334
v -0.193307 0.398084 -0.008532
v -0.131727 0.366224 -0.007782
v 0.335995 0.421939 0.013020
v 0.140248 0.412162 -0.000312
v -0.458610 0.448498 -0.015871
v -0.511602 0.486072 -0.013082
v -0.500893 0.560196 0.034743
v 0.374797 0.663247 0.015148
v -0.047991 0.632675 -0.046467
v -0.270613 -0.909145 -0.008884
v 0.053622 -0.237962 0.011459
v -0.238264 0.096979 -0.031899
v -0.536443 0.160266 -0.013382
v 0.278135 0.238615 -0.000481
v 0.483488 0.277271 -0.024349
v 0.439840 0.283633 -0.047847
v 0.429475 0.305287 -0.017084
v 0.389176 0.331204 -0.003840
v -0.181586 0.622157 0.038338
v -0.004356 0.634652 -0.041995
v -0.266591 0.650978 -0.009616
v 0.163277 0.659284 -0.015811
v -0.135407 0.681077 -0.015419
v -0.152824 0.651656 -0.038364
v 0.198954 0.827600 -0.034109
v -0.397598 0.089693 -0.022356
v -0.352187 0.076428 0.020927
v 0.552734 0.088323 0.023290
v -0.560070 0.191601 0.055043
v -0.472676 0.383236 0.003676
v 0.214409 0.398214 0.022622
v -0.106812 0.490495 0.010238
v -0.130216 0.490197 -0.033661
v 0.035851 0.581915 -0.031904
v -0.182272 0.721267 0.005260
v -0.392159 0.074027 -0.043729
v -0.194455 0.169782 0.018005
v -0.271366 0.356508 0.017896
v 0.235083 0.324553 -0.012596
v -0.206028 0.377150 -0.029904
v 0.470767 0.465658 0.020593
v 0.079290 0.622784 -0.008631
v 0.051779 -0.385407 0.035520
v -0.316304 0.057158 0.001391
v -0.390349 0.161979 -0.031435
v 0.528670 0.214441 0.012148
v 0.474389 0.259930 0.012287
v -0.090645 0.388055 0.034775
v 0.481099 0.643934 0.011034
v -0.039518 0.689627 0.006413
v 0.177585 0.858705 0.063000
v -0.085600 0.927622 0.026354
v 0.456408 0.072988 0.057400
v -0.327676 0.045884 0.029308
v -0.326796 0.098303 0.027897
v -0.368039 0.183399 -0.005743
v -0.442992 0.175156 0.000744
v 0.273936 0.398846 -0.007061
v 0.247136 0.401004 0.017668
v -0.084032 0.538617 0.032359
v -0.482744 0.611729 0.014719
v -0.402816 0.666364 -0.012000
v -0.393107 0.707170 0.019961
v -0.176419 0.841169 0.026248
v 0.077350 0.924853 0.018425
v 0.053838 -0.148674 -0.027467
v -0.371144 0.085147 -0.031028
v -0.348342 0.125684 0.015013
v -0.328706 0.113082 -0.007137
v -0.484484 0.160046 0.019506
v -0.224948 0.171457 -0.013499
v 0.303877 0.179773 0.035695
v -0.578407 0.234626 0.019041
v 0.376782 0.241486 -0.010070
v -0.470088 0.442806 0.023066
v -0.173232 0.572909 -0.016052
v 0.288659 0.661880 0.055982
v -0.093751 -0.853271 -0.008807
v 0.081193 -0.731705 0.011351
v -0.062648 0.023083 -0.004102
v -0.197273 0.097099 0.006367
v 0.539314 0.034276 -0.015715
v -0.274518 0.207731 0.021665
v 0.447896 0.319743 0.028841
v 0.225906 0.389796 -0.011183
v -0.301253 0.390903 0.014567
v -0.222670 0.409731 -0.008697
v -0.138995 0.692291 0.042047
v 0.005946 0.694069 -0.003885
v 0.173471 0.675458 -0.002252
v 0.126880 -0.884662 0.022714
v -0.091598 -0.521193 0.049257
v -0.095089 -0.395598 0.015605
v 0.355251 0.056178 0.032712
v -0.527516 0.134973 0.026271
v -0.243860 0.168769 -0.008734
v -0.295490 0.183304 0.029611
v 0.350423 0.304263 0.026987
v -0.234813 0.360932 0.029275
v 0.060823 0.675895 0.045477
v -0.136373 0.863717 0.011425
v -0.264107 -0.909144 0.052866
v -0.106301 -0.059989 -0.010174
v -0.123265 0.021101 0.014525
v -0.033188 -0.022006 0.063976
v -0.053987 0.148749 0.070948
v -0.048863 0.156818 -0.006596
v 0.437824 0.268043 0.027872
v 0.344480 0.350134 0.028202
v 0.159630 0.456209 0.045057
v -0.114228 0.586797 0.033659
v 0.162986 0.667551 0.025241
v 0.372187 0.679355 0.077782
v 0.139176 0.658487 0.004849
v -0.361911 0.672775 0.055294
v -0.048023 -0.893321 0.039930
v -0.081940 -0.894072 0.019553
v -0.072447 -0.893075 -0.012915
v 0.129880 -0.832068 0.057275
v 0.080443 -0.665474 0.015497
v -0.299315 0.195403 -0.005506
v -0.422902 0.168260 0.068630
v 0.422700 0.243135 -0.003436
v 0.415682 0.229668 0.057993
v 0.468833 0.216787 0.038279
v -0.248965 0.230042 0.050728
v 0.275673 0.419655 -0.001094
v -0.114391 0.452601 0.031807
v 0.009056 0.683826 0.031110
v 0.024264 0.070841 0.017800
v 0.331606 0.239434 0.003450
v -0.125797 0.387312 0.036533
v -0.448982 0.664362 0.053030
v 0.157965 0.710343 0.035883
v 0.112051 0.674785 0.015599
v -0.196855 0.782296 0.048581
v -0.175856 -0.823374 0.007735
v -0.120029 -0.780360 0.055038
v 0.085750 -0.725251 0.045194
v 0.049216 -0.681996 0.033669
v 0.045973 -0.297788 0.053013
v -0.053631 -0.089678 0.030683
v -0.270834 0.022805 0.004118
v 0.008548 0.167775 0.010580
v 0.027032 0.246837 0.070912
v 0.461897 0.371118 0.055837
v -0.521022 0.362658 0.056275
v -0.305382 0.379345 0.037596
v -0.080659 0.402989 -0.004305
v -0.065934 0.437986 0.018919
v 0.109505 0.504983 -0.008498
v -0.042919 0.636213 0.052950
v 0.404268 -0.924576 0.124525
v 0.410198 -0.956629 0.115125
v 0.143661 -0.905639 -0.000207
v 0.188907 -0.863519 0.041098
v -0.092713 -0.729317 0.068408
v 0.037972 -0.512285 0.061114
v -0.275634 0.030299 0.051214
v 0.555084 0.136578 0.055107
v -0.268094 0.390903 0.026422
v -0.262945 0.364572 0.050694
v 0.294963 0.419713 0.050667
v 0.194181 0.421157 0.049531
v -0.488651 0.482566 0.039476
v -0.517668 0.533679 -0.001016
v -0.062540 0.574741 0.049879
v -0.253113 0.685800 0.003138
v 0.227864 0.656569 0.037222
v -0.036353 0.890035 0.053676
v -0.217749 -0.912056 0.077507
v -0.157601 -0.859155 0.009661
v 0.074712 -0.672692 0.040515
v 0.356486 0.253606 0.025727
v -0.603799 0.235082 0.052534
v -0.532692 0.306254 0.009534
v -0.224892 0.632872 0.043297
v -0.212210 0.664439 -0.002427
v -0.140875 0.880327 0.063800
v 0.108325 0.901928 0.005401
v 0.089228 -0.706471 0.012523
v 0.048231 -0.656417 0.042738
v -0.040264 -0.241299 0.067634
v 0.095459 -0.042482 0.052928
v -0.190636 0.203684 0.004485
v -0.191904 0.266533 0.051384
v -0.119771 0.436756 0.063154
v 0.497786 0.452959 0.083675
v 0.000396 0.562348 0.023378
v -0.019023 0.555554 0.077250
v -0.040511 0.596368 0.024517
v 0.517928 0.622228 0.054865
v -0.239623 0.661112 0.069321
v -0.161452 0.760800 0.054482
v 0.066894 -0.117145 0.012000
v -0.424971 0.166492 0.041184
v -0.396178 0.185797 0.047856
v 0.282108 0.283653 0.075379
v 0.295205 0.360132 0.070414
v -0.471675 0.356819 0.051043
v -0.437997 0.362654 0.034901
v -0.482086 0.328488 0.027997
v 0.517352 0.570035 0.051906
v 0.537925 0.529771 0.036390
v 0.120076 0.638636 0.034515
v 0.091582 0.628255 0.053590
v 0.203513 -0.872486 0.082149
v 0.033389 0.166860 0.047809
v -0.278995 0.309358 0.109370
v -0.205286 0.428927 0.046468
v -0.462786 0.543261 0.064005
v 0.048997 0.623525 0.058014
v 0.188943 0.754201 0.094837
v 0.136627 0.896578 0.067997
v 0.038777 0.889118 0.079775
v -0.260249 -0.019387 0.101933
v -0.510744 0.185898 0.097602
v 0.325734 0.243897 0.075841
v -0.427704 0.436505 0.052124
v 0.163323 0.495880 0.081503
v -0.452913 0.487884 0.048704
v 0.043850 0.585307 0.043290
v 0.081352 0.544047 0.028288
v 0.189806 0.690302 0.037190
v 0.088707 0.699511 0.085252
v 0.073528 0.000593 0.093968
v 0.333319 0.145360 0.067194
v -0.284598 0.209693 0.074160
v -0.026887 0.715218 0.052925
v 0.113470 -0.848606 0.100279
v 0.012928 -0.689250 0.101298
v 0.358289 0.226071 0.055706
v 0.388867 0.232607 0.101568
v -0.442895 0.384657 0.067954
v -0.457934 0.609254 0.044410
v 0.252987 0.633188 0.145702
v -0.471242 -0.953381 0.111230
v -0.169802 -0.839586 0.054374
v -0.057067 -0.445982 0.076783
v -0.074706 -0.340715 0.104075
v -0.374953 0.126943 0.063451
v 0.466498 0.232362 0.085869
v -0.555342 0.274572 0.038711
v -0.235012 0.309062 0.045969
v -0.249044 0.323432 0.040153
v 0.554622 0.486912 0.113129
v 0.080745 0.598741 0.077942
v -0.174344 0.598032 0.114763
v -0.083109 0.595502 0.024259
v -0.113520 0.749344 0.072178
v -0.009514 0.728508 0.082125
v 0.054405 -0.759781 0.089673
v -0.054539 -0.128845 0.053555
v -0.057627 -0.038204 0.086750
v -0.277283 -0.000649 0.035070
v 0.470573 0.169945 0.096355
v 0.518684 0.185883 0.048118
v -0.356373 0.191270 0.084550
v 0.368004 0.268843 0.043572
v 0.490160 0.276191 0.092512
v 0.330930 0.396385 0.097544
v 0.320956 0.444527 0.066827
v 0.216879 0.482328 0.075202
v -0.488658 0.574523 0.088292
v 0.030243 0.552645 0.053976
v 0.008353 0.654320 0.063399
v -0.348024 0.694612 0.099153
v -0.374374 -0.917291 0.186084
v -0.111251 -0.890016 0.070700
v -0.151782 -0.857588 0.098736
v 0.096669 -0.048602 0.107189
v 0.394354 0.112554 0.086879
v -0.211248 0.220235 0.048499
v -0.567391 0.259144 0.073044
v -0.277918 0.418364 0.063368
v -0.332023 0.424095 0.068142
v 0.388161 0.474731 0.115777
v -0.067230 0.675732 0.092814
v -0.446270 -0.925992 0.109715
v -0.089734 -0.837167 0.077138
v -0.021212 -0.636168 0.088800
v -0.006888 0.093486 0.070603
v 0.543987 0.090665 0.063299
v -0.007782 0.229142 0.067718
v -0.550586 0.330581 0.051299
v -0.542909 0.316278 0.089381
v 0.468610 0.386493 0.097227
v 0.355362 0.415570 0.084094
v 0.342379 0.470345 0.086016
v -0.424128 0.502776 0.082703
v 0.563787 0.519564 0.117323
v 0.089922 0.526648 0.092252
v 0.045214 0.527500 0.126168
v 0.070425 0.555108 0.109197
v -0.089671 0.606927 0.076864
v 0.389931 0.197529 0.090728
v -0.472521 0.343241 0.091391
v 0.386715 0.438944 0.095534
v 0.422464 0.442067 0.083859
v 0.390908 0.394705 0.061370
v 0.375746 0.464001 0.046816
v 0.005351 0.682850 0.095116
v 0.005976 -0.893241 0.061001
v 0.034116 -0.902611 0.091969
v -0.015722 -0.893997 0.088206
v 0.040294 -0.154765 0.077739
v -0.063092 0.018469 0.130023
v 0.202190 0.065471 0.106128
v 0.438204 0.197877 0.062558
v -0.280039 0.246718 0.118856
v -0.001848 0.275112 0.108268
v -0.224656 0.440285 0.111521
v 0.456235 0.454834 0.081970
v -0.412167 0.689118 0.066277
v 0.437610 0.670466 0.080223
v -0.082144 0.689516 0.055394
v -0.112061 0.858605 0.080913
v -0.056506 0.886100 0.116439
v -0.066485 -0.894736 0.084810
v -0.052792 -0.854155 0.046354
v -0.271293 0.440096 0.107824
v -0.117336 0.434245 0.113601
v 0.517832 0.584840 0.128017
v -0.205570 0.647219 0.151392
v -0.447897 0.626211 0.097306
v 0.185021 0.791938 0.102419
v 0.140436 0.829679 0.098508
v 0.107547 -0.908883 0.094513
v 0.034869 -0.878137 0.053730
v 0.034301 -0.044527 0.048111
v 0.052274 0.428520 0.102569
v 0.438890 0.424722 0.134066
v 0.417866 0.477597 0.064014
v -0.497350 0.602942 0.060512
v 0.310725 0.662928 0.127001
v 0.400904 0.708286 0.098188
v 0.089497 0.731785 0.113990
v 0.033324 0.723888 0.087119
v -0.165258 -0.913901 0.142994
v 0.013165 -0.389051 0.084909
v 0.016316 0.410987 0.088532
v 0.260887 0.458878 0.058968
v 0.290060 0.461261 0.108568
v -0.436927 0.551054 0.090387
v -0.280786 0.693838 0.121821
v -0.297541 -0.910919 0.144881
v -0.088739 -0.900683 0.173511
v -0.041994 -0.265451 0.102699
v 0.017180 -0.258619 0.076026
v -0.008807 0.014679 0.164215
v 0.422720 0.225878 0.119926
v 0.236718 0.312813 0.128692
v -0.439389 0.367446 0.114300
v -0.305901 0.383849 0.095596
v 0.192332 0.524250 0.134103
v -0.437603 0.563809 0.142391
v -0.105165 0.722321 0.105013
v 0.254727 -0.911195 0.114575
v -0.022330 -0.133976 0.083940
v 0.033924 -0.066982 0.101941
v 0.025957 0.223784 0.149030
v 0.284730 0.240273 0.129542
v 0.228612 0.406723 0.187275
v -0.411559 0.703506 0.099776
v 0.134151 0.715773 0.076841
v 0.134524 0.784223 0.105829
v -0.107409 0.853280 0.115560
v 0.007786 -0.299666 0.136626
v -0.334015 0.223551 0.118727
v -0.374785 0.207479 0.145634
v 0.525127 0.276290 0.148423
v 0.295132 0.419437 0.130562
v -0.227166 0.380813 0.062487
v -0.176817 0.435827 0.078856
v -0.183524 0.425785 0.138855
v 0.409189 0.400397 0.090053
v 0.420215 0.464362 0.106749
v -0.140898 0.774993 0.138523
v 0.297348 -0.908907 0.203626
v -0.323378 0.203933 0.054371
v -0.509996 0.362718 0.118554
v 0.383203 0.449260 0.132880
v 0.445575 0.450782 0.124762
v 0.525935 0.541431 0.130889
v 0.478171 0.662733 0.110626
v 0.373981 0.675851 0.132506
v 0.341576 0.247648 0.174156
v -0.075267 0.529792 0.122401
v -0.025102 0.545643 0.124661
v -0.111491 0.620032 0.107034
v -0.075373 -0.803966 0.145125
v -0.034112 -0.030617 0.160630
v 0.077691 0.236718 0.102512
v -0.310335 0.204463 0.157968
v 0.293423 0.446050 0.160448
v -0.440302 0.450726 0.091206
v -0.429815 0.407569 0.125473
v -0.410925 0.441883 0.149237
v -0.396183 0.449900 0.095670
v -0.380712 0.478623 0.133152
v 0.082224 0.663448 0.097085
v 0.003484 0.940869 0.137366
v 0.061900 -0.866341 0.097518
v 0.060523 -0.865715 0.154303
v -0.442518 0.179139 0.138698
v 0.049792 0.387764 0.134851
v 0.225967 0.494033 0.155877
v 0.056710 0.871761 0.113908
v 0.073253 -0.908906 0.127706
v 0.159779 -0.010225 0.085593
v 0.148592 -0.030463 0.121955
v 0.145551 0.032063 0.095497
v -0.327704 0.219411 0.162914
v -0.486931 0.213507 0.151107
v -0.536105 0.234853 0.113480
v 0.325100 0.462252 0.150541
v 0.327678 0.462265 0.107737
v 0.023963 0.536503 0.147196
v -0.112164 0.567881 0.130924
v -0.423352 0.635576 0.140546
v 0.096827 0.651102 0.148573
v 0.111464 0.853346 0.138614
v 0.019979 0.918512 0.113907
v -0.027086 -0.827609 0.148551
v 0.161526 0.675721 0.112154
v 0.147534 0.625180 0.147244
v 0.064811 0.707795 0.126215
v 0.023434 0.872205 0.163084
v -0.244404 -0.897222 0.184172
v -0.037444 -0.716850 0.100311
v -0.538486 0.291829 0.150485
v 0.516983 0.483058 0.151865
v -0.149036 0.594717 0.158984
v -0.319637 0.703645 0.168785
v 0.090678 0.783822 0.143801
v 0.402420 0.420083 0.130984
v 0.043772 0.540219 0.188109
v -0.175368 0.749486 0.170394
v -0.273866 -0.132150 0.168229
v -0.309646 -0.101745 0.158423
v 0.174768 0.013257 0.133078
v 0.207703 0.065675 0.160554
v 0.011884 0.376508 0.140442
v 0.479990 0.468537 0.180965
v -0.065232 0.458345 0.172585
v 0.353648 -0.917076 0.248612
v 0.530887 0.243803 0.108961
v 0.500133 0.221716 0.153014
v -0.268771 0.299067 0.162874
v -0.516660 0.350859 0.148393
v -0.443753 0.363221 0.164918
v -0.229878 0.382301 0.165709
v 0.349715 0.452661 0.124740
v 0.395112 0.467208 0.145567
v 0.331408 0.448333 0.145553
v 0.525395 0.583602 0.170347
v 0.121015 0.639812 0.088429
v -0.026852 -0.858851 0.158826
v -0.056075 0.513485 0.173353
v -0.139139 0.815087 0.159480
v -0.095428 0.855465 0.199377
v 0.233263 0.034627 0.114395
v 0.299241 0.233601 0.164562
v 0.251345 0.248112 0.157274
v 0.416918 0.424066 0.180286
v -0.355773 0.432691 0.156470
v 0.006621 0.483634 0.136736
v -0.015562 0.510904 0.149764
v 0.121290 0.523012 0.119683
v 0.180675 0.563351 0.164231
v -0.192405 0.587595 0.182111
v -0.350133 0.658102 0.209239
v 0.038906 -0.840957 0.185980
v 0.258504 0.120324 0.148601
v 0.249953 0.178032 0.159245
v 0.275375 0.205478 0.169610
v -0.024745 0.544462 0.175626
v 0.180388 0.656314 0.179508
v 0.218548 0.650210 0.144534
v -0.300558 -0.064154 0.166054
v -0.285524 0.027816 0.166348
v -0.241324 -0.020900 0.162218
v -0.424619 0.474466 0.181441
v 0.533403 0.539340 0.196011
v -0.037017 0.917474 0.179834
v -0.250082 -0.914309 0.237212
v -0.117503 -0.909945 0.216053
v -0.263782 -0.072927 0.115876
v -0.296373 0.343143 0.122235
v -0.245922 0.345937 0.201866
v -0.465114 0.442263 0.182570
v 0.422238 0.657677 0.181836
v -0.139883 0.834275 0.211910
v -0.000407 0.923921 0.176794
v -0.027761 0.000640 0.239858
v 0.214755 0.302221 0.182567
v -0.098119 0.425069 0.175631
v 0.078171 0.544267 0.190278
v 0.124756 0.613156 0.197774
v -0.103884 0.645571 0.213303
v -0.093047 0.676446 0.158330
v -0.133141 0.709957 0.141557
v 0.423462 0.694653 0.144865
v 0.115245 0.721890 0.208000
v 0.123198 0.771800 0.237854
v 0.071711 0.837590 0.142618
v 0.514149 0.189474 0.200668
v 0.252879 0.441764 0.207660
v 0.078714 0.834981 0.196848
v -0.359808 0.005581 0.208493
v -0.318475 0.056652 0.199160
v -0.416364 0.206155 0.183846
v 0.412855 0.253161 0.159149
v -0.297333 0.332266 0.193148
v 0.357023 0.444977 0.170988
v 0.033654 0.493123 0.156324
v 0.499837 0.621550 0.211971
v 0.479657 0.652970 0.177545
v -0.170446 0.714032 0.147245
v 0.206449 -0.907520 0.309072
v -0.474806 0.233280 0.200329
v -0.458711 0.328593 0.219786
v -0.341428 0.452541 0.192047
v 0.408405 0.472781 0.199987
v 0.473144 0.688820 0.149468
v -0.053594 -0.846394 0.204946
v -0.111656 -0.843546 0.193194
v -0.275654 -0.093321 0.199081
v -0.038282 0.004543 0.162978
v -0.095320 0.013317 0.213197
v -0.323907 0.139142 0.169748
v -0.364966 0.526034 0.224383
v 0.430374 0.608444 0.222716
v -0.013471 0.917062 0.226044
v 0.271030 0.130490 0.180914
v -0.349198 0.204946 0.194417
v 0.460563 0.231114 0.201285
v 0.537864 0.491328 0.194462
v -0.441121 0.579174 0.197892
v -0.362597 0.591033 0.223076
v -0.032840 -0.898289 0.138024
v -0.009759 -0.910762 0.224064
v -0.096305 -0.025561 0.215881
v -0.082966 -0.014669 0.148085
v -0.314530 0.153662 0.192305
v -0.286191 0.328224 0.232634
v -0.121242 0.373661 0.196718
v 0.337241 0.623994 0.224578
v -0.058516 -0.904194 0.285324
v 0.333308 0.247485 0.230240
v 0.548520 0.307287 0.231756
v -0.453653 0.414679 0.231467
v -0.058181 0.521989 0.238622
v -0.227911 0.616423 0.220106
v -0.274359 0.627613 0.242981
v 0.288975 0.091521 0.173094
v -0.319087 0.092001 0.211304
v 0.366098 0.109270 0.213595
v 0.378396 0.163105 0.172406
v 0.351141 0.082270 0.191838
v 0.268635 0.241603 0.180593
v 0.275676 0.252614 0.215652
v -0.339232 0.296872 0.262362
v 0.480332 0.569652 0.220141
v -0.229516 0.672285 0.191671
v -0.149505 0.759082 0.261005
v 0.063784 -0.907560 0.324376
v -0.106624 0.605415 0.202165
v -0.007748 -0.870753 0.233883
v -0.084022 -0.011154 0.247715
v 0.494111 0.196141 0.235305
v 0.457024 0.385758 0.253909
v 0.295107 0.467586 0.179849
v 0.411175 0.457535 0.172064
v -0.379514 0.433911 0.181845
v -0.184703 0.574638 0.247290
v 0.137870 0.571527 0.186164
v 0.155020 0.614015 0.193468
v -0.384490 0.237877 0.225362
v 0.232492 0.266065 0.214948
v 0.272232 0.422345 0.234818
v 0.202765 0.571302 0.211091
v 0.012418 0.912245 0.225158
v -0.387578 -0.922202 0.256535
v -0.231754 -0.075853 0.227940
v -0.232733 -0.082486 0.187331
v -0.210927 -0.047940 0.209429
v 0.288247 0.233405 0.259744
v -0.226831 0.347785 0.232882
v -0.157228 0.358154 0.244518
v -0.395289 0.461993 0.208704
v 0.157747 0.635792 0.239127
v 0.281128 0.635076 0.181210
v 0.289860 0.590806 0.231045
v 0.044474 0.844038 0.207741
v 0.340526 0.115131 0.214660
v 0.386128 0.193457 0.252281
v -0.329577 0.251813 0.204967
v 0.553471 0.269823 0.253435
v -0.400410 0.489152 0.230107
v 0.497001 0.531353 0.223077
v 0.227742 0.600902 0.196578
v 0.005444 0.840171 0.227640
v -0.252437 -0.096150 0.283565
v -0.272335 0.099333 0.226874
v -0.289404 0.078893 0.197581
v -0.092552 0.418926 0.235458
v 0.378913 0.433095 0.223848
v 0.340244 0.466163 0.203618
v 0.396074 0.533627 0.240893
v 0.015410 0.541054 0.266644
v 0.344091 0.583654 0.246566
v 0.108836 0.853165 0.256943
v 0.468677 0.221842 0.254102
v 0.214566 0.279195 0.250072
v -0.082002 0.353209 0.208640
v -0.421926 0.385055 0.215361
v 0.237373 0.512805 0.244963
v -0.020426 0.523916 0.241615
v -0.335892 0.624379 0.238826
v -0.152341 0.708593 0.217864
v 0.055290 -0.864421 0.262187
v 0.386539 0.231580 0.235876
v -0.431816 0.297687 0.255274
v -0.141739 -0.017796 0.197171
v -0.128195 -0.019892 0.280564
v -0.119200 -0.012730 0.221535
v -0.225971 0.125541 0.267616
v -0.267948 0.140622 0.230226
v -0.298991 0.121352 0.258057
v -0.178885 0.329811 0.256800
v 0.460578 0.559012 0.267714
v 0.005429 0.504950 0.205573
v 0.089675 0.559516 0.228716
v 0.257750 0.593054 0.246066
v -0.341537 -0.044865 0.259558
v 0.005349 -0.010459 0.176976
v 0.547061 0.254921 0.197855
v -0.421729 0.350012 0.244685
v -0.032310 0.414550 0.274947
v -0.492256 0.460548 0.270064
v -0.024111 0.539600 0.263177
v -0.073501 0.564869 0.241824
v -0.110695 -0.907126 0.270634
v -0.340061 0.011637 0.259353
v 0.082565 0.076050 0.255458
v 0.129050 0.141140 0.252367
v 0.184069 0.101990 0.254481
v 0.256823 0.213136 0.226895
v 0.234401 0.215251 0.258389
v 0.288545 0.487806 0.228080
v -0.123398 0.620201 0.273109
v -0.123620 0.698230 0.281249
v -0.218043 0.037578 0.264843
v -0.180084 -0.022211 0.259422
v -0.382385 0.311088 0.260822
v -0.069494 0.363791 0.249253
v 0.201546 0.354039 0.250648
v 0.273172 0.406861 0.283710
v -0.447802 0.474875 0.247425
v -0.449520 0.455828 0.218591
v 0.149025 0.565525 0.259838
v -0.333976 0.541432 0.252628
v -0.136291 0.580217 0.251566
v -0.035884 0.845483 0.280563
v -0.292033 -0.923938 0.343049
v 0.014764 0.118275 0.274741
v 0.016677 0.073997 0.272373
v 0.408854 0.241448 0.240857
v 0.342537 0.239209 0.280513
v 0.389563 0.393553 0.304050
v -0.278439 0.577850 0.243143
v -0.279712 0.529358 0.228255
v 0.282428 0.540040 0.250013
v 0.198427 0.614456 0.285124
v 0.188852 0.708817 0.271377
v 0.172035 0.042979 0.272922
v -0.243172 0.306024 0.237562
v -0.109795 0.339804 0.244114
v -0.368384 0.499447 0.279679
v -0.223595 0.588727 0.267874
v 0.227667 0.568896 0.269862
v -0.163488 0.722781 0.264397
v 0.023498 0.807983 0.295013
v -0.221474 -0.055312 0.270192
v -0.359311 0.056778 0.276491
v 0.109086 0.034775 0.292603
v -0.341280 0.121225 0.263884
v 0.519293 0.241902 0.276499
v -0.483012 0.324738 0.302383
v -0.276436 0.333679 0.268389
v -0.471011 0.363507 0.263924
v -0.057293 0.322894 0.279943
v -0.056969 0.465963 0.238715
v -0.046749 0.499488 0.256138
v -0.192064 -0.044834 0.289107
v -0.321704 0.076655 0.250917
v 0.175381 0.239346 0.285913
v 0.415748 0.233850 0.277557
v -0.063687 0.523474 0.277353
v 0.162552 0.186390 0.275986
v -0.400874 0.335069 0.261112
v -0.240326 0.340230 0.280090
v 0.492776 0.359760 0.306614
v -0.212150 0.525969 0.319839
v -0.266694 0.515704 0.277296
v -0.097080 0.545743 0.254088
v -0.098248 0.667772 0.300688
v -0.101294 0.826135 0.273568
v 0.366441 -0.942313 0.266327
v 0.180320 0.270828 0.277911
v 0.204737 0.324631 0.292240
v -0.012588 0.361769 0.289751
v 0.260663 0.550688 0.273461
v -0.322382 0.526017 0.296342
v -0.155882 0.542810 0.322554
v 0.291143 -0.956212 0.327604
v -0.007001 -0.908208 0.321997
v -0.200961 0.068503 0.288182
v 0.100213 0.182112 0.305359
v 0.515138 0.313884 0.280250
v -0.144685 0.288199 0.303603
v -0.143554 0.329174 0.306545
v 0.327556 0.397425 0.309136
v 0.046725 0.541089 0.296215
v 0.085472 0.555658 0.327249
v 0.134385 0.761270 0.286718
v 0.080231 0.786010 0.281287
v -0.204541 0.023695 0.299826
v 0.259825 0.105784 0.329786
v -0.006355 0.434802 0.302314
v -0.067548 0.467689 0.279878
v -0.424467 0.468064 0.306868
v -0.213315 -0.003155 0.248782
v -0.244757 -0.048398 0.331629
v -0.138699 -0.003920 0.337868
v -0.042364 0.060310 0.323044
v 0.211498 0.169525 0.281939
v 0.377041 0.257333 0.283246
v -0.424794 0.287023 0.339915
v -0.405761 0.497520 0.314313
v -0.368899 0.522402 0.307658
v 0.132119 0.719424 0.256663
v 0.170626 0.723337 0.315860
v -0.304822 0.128235 0.296151
v -0.260506 0.160599 0.323415
v 0.472524 0.238788 0.300235
v -0.367940 0.262173 0.332654
v -0.216004 0.310643 0.286755
v -0.484641 0.390668 0.340982
v -0.027629 0.501110 0.270483
v -0.051924 0.522452 0.295681
v 0.010325 -0.859272 0.277273
v -0.330098 -0.024788 0.336479
v -0.389962 0.041234 0.341272
v -0.357352 0.136991 0.290626
v -0.480138 0.440933 0.298059
v -0.090343 0.607549 0.311218
v 0.205315 0.683163 0.312146
v 0.280703 -0.920533 0.300907
v -0.287787 -0.078732 0.310202
v -0.172633 0.161096 0.360241
v 0.127724 0.205106 0.348806
v -0.180367 0.291733 0.297350
v -0.168866 0.321065 0.294303
v 0.002498 0.027142 0.332083
v 0.402370 0.232986 0.349562
v 0.181675 0.224087 0.348942
v -0.099642 0.511092 0.276011
v -0.047879 0.485151 0.306092
v -0.035254 0.818479 0.318791
v -0.137415 -0.911168 0.397078
v 0.097454 0.033732 0.337720
v 0.330840 0.235047 0.336208
v 0.187458 0.562857 0.320794
v -0.046435 0.117666 0.305016
v -0.047873 0.204315 0.316301
v 0.000882 0.176114 0.312321
v 0.045292 0.187060 0.360375
v 0.391452 0.225908 0.283265
v -0.025541 0.274346 0.321871
v -0.042317 0.285260 0.296223
v -0.195370 0.296865 0.334346
v 0.227796 0.292835 0.330648
v -0.078835 0.535632 0.306773
v 0.052974 0.561518 0.312304
v 0.244430 0.659987 0.342558
v -0.090906 0.736401 0.347262
v 0.024873 0.750041 0.333921
v -0.280372 -0.049707 0.349293
v 0.188425 0.020920 0.323363
v 0.031536 0.036824 0.301500
v -0.116363 0.071455 0.345591
v -0.371083 0.107844 0.341930
v -0.334651 0.133292 0.337272
v -0.317958 0.174859 0.359611
v 0.236837 0.224430 0.316715
v 0.240965 0.175621 0.350395
v 0.033649 0.028659 0.369398
v -0.052926 0.151082 0.344866
v -0.319532 0.307408 0.296489
v 0.487449 0.308776 0.345595
v -0.121316 0.338112 0.348838
v -0.023137 0.537038 0.326451
v 0.032010 0.006444 0.299061
v 0.418323 0.335206 0.341166
v -0.305209 0.515228 0.359794
v 0.005496 0.564155 0.310570
v -0.096708 0.555844 0.339137
v 0.007575 0.788746 0.335557
v 0.183903 0.041852 0.372312
v -0.055998 0.228070 0.340872
v -0.386623 0.306420 0.312021
v 0.507267 0.265687 0.314786
v 0.260439 0.368036 0.355843
v 0.390599 0.384827 0.373961
v -0.448872 0.482389 0.346290
v -0.010196 0.510113 0.305860
v 0.151371 0.764296 0.353696
v 0.273516 -0.919740 0.344655
v 0.282433 0.249480 0.361887
v -0.094066 0.264027 0.332666
v -0.021229 0.320983 0.333492
v 0.020511 0.346134 0.327970
v -0.055158 0.553520 0.346323
v 0.048043 -0.904694 0.386642
v -0.037327 0.051462 0.439106
v 0.036989 0.394138 0.357475
v -0.143012 0.514269 0.383786
v 0.164790 0.596024 0.367494
v 0.173835 0.709614 0.358984
v -0.030625 0.750051 0.329909
v -0.000174 -0.902151 0.373450
v -0.333871 0.317904 0.386199
v 0.026061 0.531185 0.323425
v 0.048444 0.562032 0.363563
v 0.248920 0.053560 0.380196
v -0.192293 0.264258 0.348610
v -0.469852 0.379951 0.396825
v -0.145825 0.028175 0.342130
v -0.226427 0.187322 0.365196
v -0.167036 0.210870 0.352095
v -0.219058 0.214754 0.342818
v -0.216320 0.235493 0.381196
v -0.144661 0.289459 0.355892
v 0.004604 0.550303 0.352841
v -0.065319 0.613070 0.374834
v -0.090187 0.688353 0.363254
v -0.346532 -0.955331 0.371268
v -0.071774 0.119796 0.392439
v 0.282976 0.160412 0.369496
v -0.256440 0.299732 0.409942
v -0.225322 0.312261 0.390221
v -0.024387 0.768060 0.390332
v -0.236305 -0.914466 0.398953
v -0.065399 0.074686 0.405685
v -0.371279 0.142555 0.377467
v 0.419020 0.268053 0.352913
v 0.031560 0.324268 0.370539
v -0.082348 0.311247 0.366480
v 0.098524 0.579807 0.374384
v -0.238760 -0.955942 0.454615
v 0.142876 -0.911146 0.410627
v -0.153245 -0.005897 0.365807
v -0.149673 -0.023803 0.328783
v 0.165182 0.222927 0.412413
v -0.382706 0.297207 0.362129
v 0.515112 0.276256 0.347558
v 0.242915 0.624218 0.361402
v -0.244361 -0.038969 0.474122
v 0.212316 0.062037 0.301745
v -0.146226 0.211977 0.387473
v -0.105770 0.282696 0.371313
v 0.435359 0.225173 0.331100
v 0.367383 0.303006 0.379860
v 0.386559 0.347704 0.394267
v -0.459282 0.461433 0.382264
v -0.037065 0.549392 0.315443
v -0.052881 0.531984 0.339102
v -0.037940 0.721380 0.372515
v -0.381285 0.102509 0.411694
v -0.216357 0.203653 0.408314
v -0.044109 0.318891 0.405150
v 0.001578 0.470729 0.393736
v -0.013581 0.487658 0.345781
v 0.035666 0.751248 0.399068
v -0.287357 -0.052686 0.403777
v -0.339072 -0.015741 0.379562
v 0.208077 0.035608 0.416945
v -0.018901 0.195587 0.352338
v -0.049227 0.154268 0.424726
v 0.315976 0.368864 0.390491
v 0.294405 0.422837 0.343385
v 0.055131 0.460077 0.396878
v 0.097625 0.753127 0.402130
v 0.221463 -0.931323 0.376469
v -0.192450 0.000165 0.337712
v 0.078982 0.044356 0.402595
v -0.099858 0.016986 0.405486
v 0.007203 0.203634 0.397231
v 0.370138 0.211293 0.331390
v -0.111363 0.235355 0.387389
v -0.057636 0.528179 0.378869
v -0.025107 -0.956264 0.464933
v -0.181186 -0.041918 0.382181
v 0.051202 0.213302 0.411013
v 0.217728 0.207880 0.403291
v -0.142027 0.328442 0.384600
v -0.238608 0.493492 0.407074
v 0.119286 0.577966 0.400438
v -0.024870 0.680853 0.403041
v 0.366307 0.260797 0.373865
v -0.266032 0.253160 0.430018
v -0.272554 0.324491 0.330777
v -0.353023 0.505540 0.401610
v -0.148567 0.494384 0.462876
v 0.145731 0.707301 0.444405
v 0.190367 0.650840 0.381168
v 0.069810 0.584486 0.412625
v -0.191653 -0.041605 0.417943
v 0.286766 0.299283 0.386667
v -0.020138 0.532084 0.410632
v -0.068210 -0.922615 0.480214
v 0.139166 0.037395 0.393844
v -0.044378 0.332036 0.429551
v 0.040050 0.332170 0.405022
v -0.282254 -0.923202 0.417905
v 0.074321 0.364563 0.398363
v -0.075817 0.507959 0.422027
v -0.103003 0.540694 0.375227
v -0.042561 0.644550 0.415121
v -0.281649 0.188686 0.459261
v -0.113108 0.297467 0.417829
v -0.273390 0.355799 0.375536
v 0.050723 0.030090 0.428701
v 0.124598 0.034685 0.442288
v 0.248892 0.173779 0.472944
v -0.240571 0.215891 0.439816
v -0.094682 0.320649 0.442492
v 0.328592 0.324593 0.406813
v -0.065808 0.584632 0.413542
v 0.133108 0.598179 0.436711
v 0.196371 -0.951235 0.432999
v -0.275784 0.161673 0.381733
v -0.006442 0.237236 0.377436
v -0.255728 0.351343 0.444532
v -0.422566 0.475201 0.431334
v 0.279816 0.104538 0.423402
v -0.366802 0.143369 0.415197
v 0.111105 0.235253 0.426128
v -0.422796 0.435415 0.436721
v 0.021273 0.545689 0.435433
v -0.063063 0.069342 0.429667
v 0.019396 0.289049 0.394762
v -0.000968 0.324272 0.439717
v -0.023073 0.297003 0.398143
v -0.001871 0.324108 0.402351
v 0.028485 0.325406 0.458510
v -0.290417 0.359728 0.453289
v 0.008264 0.761885 0.403462
v -0.338365 0.011623 0.430116
v -0.076390 0.309746 0.400155
v 0.002678 0.481754 0.442591
v -0.159858 -0.029426 0.497658
v 0.038938 0.287883 0.440541
v -0.421660 0.309891 0.396843
v -0.409169 0.368071 0.434397
v 0.102872 0.362524 0.446777
v -0.010632 0.727145 0.425047
v 0.131197 -0.951966 0.452497
v 0.156623 -0.955179 0.427518
v 0.168847 -0.002091 0.400464
v -0.114359 0.203854 0.413332
v -0.096653 0.175473 0.439000
v -0.015838 0.546942 0.448261
v -0.122305 0.496525 0.496036
v -0.189370 -0.917339 0.437772
v -0.101419 0.144447 0.405279
v -0.063362 0.107057 0.430100
v -0.277586 0.489075 0.456701
v 0.216163 0.177066 0.482911
v -0.127618 0.190464 0.443147
v -0.135593 0.210654 0.439906
v -0.054622 0.322837 0.462351
v -0.335279 0.407665 0.455035
v 0.002445 0.626847 0.435420
v 0.058860 0.680444 0.448065
v -0.339105 -0.021176 0.457664
v 0.176916 0.047115 0.448033
v -0.032905 0.110605 0.477008
v -0.005986 0.247195 0.417588
v -0.371318 0.450871 0.465377
v -0.063472 0.563607 0.431542
v -0.324238 0.150252 0.457606
v -0.148378 0.171295 0.425925
v 0.152719 0.233302 0.479474
v -0.242356 0.440106 0.439910
v 0.096694 0.447679 0.445711
v -0.202035 0.508918 0.479392
v -0.316723 0.533237 0.432812
v 0.047517 0.611219 0.447195
v 0.196454 0.671858 0.439252
v 0.126334 0.711825 0.458586
v -0.161091 -0.943469 0.440285
v 0.082538 0.015334 0.463527
v -0.299688 0.047837 0.499940
v 0.245551 0.122652 0.480848
v 0.061420 0.224819 0.525408
v -0.299012 0.310435 0.448487
v -0.063469 0.488767 0.512529
v 0.241646 0.068218 0.462044
v -0.097375 0.262923 0.458270
v -0.286415 0.440850 0.472671
v 0.098852 0.438325 0.483681
v 0.002657 0.583490 0.475394
v -0.028483 -0.915791 0.443486
v -0.075729 0.133949 0.467047
v -0.231899 0.367717 0.493343
v 0.114717 -0.916809 0.460723
v 0.067653 -0.916726 0.462404
v -0.314411 -0.061393 0.441996
v 0.002795 0.177449 0.475194
v -0.157628 0.205645 0.447199
v -0.191236 0.189723 0.487670
v 0.075286 0.304246 0.439937
v -0.121560 0.186640 0.482454
v 0.035787 0.350151 0.516840
v 0.086267 0.351037 0.496882
v -0.292678 -0.023864 0.482724
v 0.161686 0.061154 0.512672
v -0.332584 0.472020 0.449485
v 0.029560 0.514979 0.512908
v 0.038843 -0.950025 0.478790
v -0.078667 0.035707 0.495605
v -0.139417 0.102559 0.556677
v 0.121104 0.031565 0.530786
v -0.166993 0.227178 0.506166
v -0.238544 0.214577 0.495176
v -0.099354 -0.949957 0.483937
v -0.252632 0.009423 0.515397
v -0.006414 0.108985 0.516144
v -0.170139 0.155574 0.530720
v -0.113950 0.235705 0.490458
v 0.190742 0.100276 0.508230
v -0.224214 0.435571 0.512651
v 0.026431 0.052338 0.482803
v -0.250339 0.093253 0.552667
v 0.040584 0.483871 0.542208
v 0.067502 0.041032 0.564265
v -0.094124 0.022028 0.520032
v 0.208013 0.143204 0.528242
v -0.225119 0.176254 0.513858
v 0.071861 0.403811 0.530678
v -0.191741 0.449384 0.513359
v -0.202663 -0.029538 0.512584
v -0.247516 0.307025 0.537562
v -0.293041 0.276426 0.487908
v -0.178519 0.383443 0.518585
v -0.018913 0.150414 0.507709
v 0.172548 0.187355 0.539023
v -0.138854 0.388703 0.545649
v 0.022017 0.143296 0.540603
v -0.057007 0.362104 0.535021
v -0.095686 0.438211 0.539708
v -0.020046 0.498111 0.540186
v 0.124066 0.231970 0.524512
v -0.294416 0.281210 0.534417
v -0.158242 0.021638 0.539433
v 0.017178 0.344242 0.544313
v -0.121525 0.351437 0.523128
v -0.147311 0.471441 0.539040
v -0.044902 0.475348 0.548356
v 0.177458 0.128334 0.554471
v -0.276006 0.234926 0.500338
v -0.212262 0.232805 0.537959
v -0.085635 0.324155 0.493764
v -0.029117 0.328066 0.511480
v 0.055274 0.096305 0.574484
v -0.122308 0.282606 0.528660
v -0.174251 0.295029 0.541993
v 0.025650 0.421392 0.547332
v 0.077794 0.186328 0.568310
v 0.161423 0.068332 0.579570
v -0.144265 0.245345 0.568662
v -0.142392 0.285418 0.585403
v 0.008288 0.363616 0.583465
v 0.168815 0.116401 0.586658
v 0.023274 0.400918 0.575024
v 0.127973 0.155428 0.587071
v 0.114337 0.107263 0.597486
vn 0.2966 -0.1348 -0.9454
vn 0.6289 -0.1944 -0.7528
vn 0.3860 -0.5049 -0.7721
vn 0.5821 0.1469 -0.7997
vn 0.6400 -0.0185 -0.7681
vn -0.7544 -0.1609 -0.6364
vn -0.0469 -0.6194 -0.7837
vn -0.1969 -0.3007 -0.9332
vn -0.3644 0.3958 -0.8429
vn 0.1680 0.6086 -0.7754
vn -0.5940 0.6253 -0.5061
vn 0.1398 0.6951 -0.7052
vn -0.4531 0.2977 -0.8403
vn 0.6448 -0.1205 -0.7548
vn -0.3707 -0.5923 -0.7154
vn -0.1446 -0.0580 -0.9878
vn 0.3254 -0.2183 -0.9200
vn 0.3580 0.0270 -0.9333
vn -0.0338 -0.6918 -0.7213
vn -0.3277 0.8363 -0.4395
vn 0.0337 0.1093 -0.9934
vn -0.3835 0.1895 -0.9039
vn 0.3019 0.4062 -0.8625
vn 0.0832 -0.0505 -0.9953
vn 0.0750 0.2494 -0.9655
vn 0.2292 0.2522 -0.9401
vn -0.5027 -0.7268 -0.4680
vn -0.0477 0.1615 -0.9857
vn 0.6030 -0.1274 -0.7875
vn 0.3744 0.9022 -0.2143
vn -0.1874 0.8129 -0.5514
vn 0.3506 0.2519 -0.9020
vn 0.3491 -0.1576 -0.9237
vn -0.2251 0.4168 -0.8807
vn -0.1151 0.7497 -0.6517
vn 0.1551 0.3678 -0.9169
vn 0.3718 -0.2098 -0.9043
vn -0.3519 0.0590 -0.9342
vn -0.0050 -0.1664 -0.9860
vn -0.4327 -0.8063 -0.4034
vn 0.2698 0.9431 -0.1941
vn -0.6419 -0.4901 -0.5897
vn -0.4178 -0.5156 -0.7481
vn 0.1708 0.5221 -0.8356
vn 0.1012 -0.2128 -0.9718
vn -0.3484 -0.9278 -0.1335
vn 0.3564 0.6533 -0.6680
vn -0.8472 0.1331 -0.5143
vn 0.4628 0.3241 -0.8251
vn 0.2402 -0.8546 -0.4603
vn 0.7207 0.6140 -0.3218
vn 0.2854 -0.0458 -0.9573
vn 0.4737 0.7822 -0.4047
vn -0.4247 -0.8361 -0.3471
vn -0.7974 0.5323 -0.2843
vn -0.5826 0.4722 -0.6615
vn -0.0007 -0.9954 0.0957
vn 0.3953 -0.0971 -0.9134
vn -0.3439 -0.1648 -0.9244
vn -0.2246 -0.9675 -0.1159
vn -0.8103 0.3091 -0.4979
vn 0.2678 0.4547 -0.8494
vn 0.7854 0.4314 -0.4438
vn 0.6234 0.7163 -0.3134
vn 0.7607 0.2929 -0.5793
vn -0.7953 -0.5949 0.1168
vn -0.2303 -0.9308 -0.2838
vn 0.0020 -0.7978 -0.6029
vn -0.0426 -0.9475 0.3170
vn 0.0314 0.9009 -0.4329
vn 0.6701 0.6512 -0.3562
vn -0.2589 0.4594 -0.8496
vn -0.2827 -0.9183 -0.2771
vn 0.1750 0.7578 -0.6286
vn 0.8409 0.3968 -0.3680
vn -0.0887 0.9074 -0.4107
vn 0.6785 -0.6205 -0.3932
vn 0.1891 -0.4790 -0.8572
vn -0.2093 0.8751 -0.4363
vn -0.3753 -0.9209 -0.1055
vn -0.2143 -0.9752 0.0558
vn -0.0214 0.8421 -0.5389
vn 0.1784 -0.9839 0.0115
vn 0.1858 -0.9038 -0.3856
vn 0.4792 -0.5857 0.6537
vn -0.1660 -0.9029 0.3966
vn 0.6508 -0.7554 0.0758
vn -0.7811 -0.1952 0.5931
vn 0.0240 0.3770 -0.9259
vn -0.1351 -0.6696 -0.7303
vn 0.4795 -0.5857 0.6535
vn 0.2581 0.8680 -0.4242
vn -0.4168 -0.5232 -0.7433
vn 0.1446 -0.7059 -0.6934
vn -0.4341 -0.0822 -0.8971
vn -0.7819 0.6216 -0.0469
vn 0.7052 -0.6693 -0.2340
vn -0.8515 -0.1605 0.4991
vn -0.7398 -0.5848 -0.3327
vn 0.7326 -0.6806 -0.0084
vn 0.4792 -0.5858 0.6536
vn -0.2789 -0.9575 0.0733
vn -0.6267 0.6613 0.4122
vn -0.3836 0.7238 -0.5736
vn 0.9024 0.1977 -0.3830
vn -0.7034 -0.1707 -0.6900
vn 0.8863 -0.3868 -0.2548
vn 0.1672 0.7384 -0.6533
vn 0.3294 -0.0179 -0.9440
vn -0.9421 -0.1871 -0.2783
vn 0.3198 0.6571 -0.6826
vn -0.3512 0.3131 -0.8824
vn -0.0679 0.2347 -0.9697
vn -0.2602 0.9493 0.1764
vn -0.2952 -0.9487 -0.1132
vn -0.1650 -0.9563 -0.2415
vn -0.1505 0.8315 -0.5347
vn 0.0433 0.9683 -0.2460
vn 0.0704 -0.4177 -0.9058
vn 0.6716 0.0889 -0.7356
vn 0.0651 -0.1857 -0.9805
vn 0.9590 0.2001 -0.2008
vn 0.8116 -0.5753 -0.1019
vn 0.8789 -0.2181 -0.4243
vn -0.7196 0.1324 -0.6816
vn 0.6551 0.3437 -0.6729
vn -0.1688 0.3448 -0.9234
vn 0.4600 -0.8728 0.1633
vn 0.9630 -0.2109 0.1678
vn -0.7139 -0.6666 0.2143
vn 0.1258 -0.4630 -0.8774
vn 0.0070 0.9839 -0.1788
vn -0.4193 0.5992 -0.6820
vn -0.5524 -0.2504 -0.7951
vn 0.0998 -0.5198 -0.8484
vn 0.3567 0.4336 -0.8275
vn -0.1505 -0.5094 0.8473
vn 0.4738 0.0003 -0.8806
vn 0.1377 -0.0427 -0.9895
vn 0.1517 0.2105 -0.9657
vn -0.2332 -0.1077 -0.9665
vn -0.5363 -0.4251 -0.7292
vn 0.2949 0.8177 -0.4944
vn 0.5189 0.5601 -0.6457
vn 0.0046 0.9614 -0.2751
vn -0.1065 0.1467 -0.9834
vn -0.5703 -0.0949 -0.8159
vn 0.6215 -0.1735 -0.7640
vn -0.8086 -0.1054 -0.5789
vn 0.3238 -0.2242 -0.9192
vn -0.8326 0.3171 -0.4541
vn 0.1416 0.4306 -0.8914
vn -0.3211 0.5174 -0.7932
vn -0.8126 -0.5141 -0.2746
vn 0.7325 -0.6807 -0.0081
vn 0.8154 0.0296 -0.5782
vn 0.8681 0.2330 -0.4383
vn -0.3651 -0.1830 -0.9128
vn -0.5627 0.2655 -0.7829
vn -0.0814 0.3012 -0.9501
vn 0.5649 0.0143 -0.8250
vn 0.6159 0.3865 -0.6865
vn 0.5893 -0.7928 -0.1555
vn -0.9520 0.2906 -0.0960
vn 0.0661 0.9954 0.0687
vn -0.0323 -0.9982 0.0509
vn -0.0757 -0.8709 -0.4856
vn -0.4773 0.1821 0.8597
vn -0.5804 0.8048 0.1240
vn -0.2457 -0.5509 -0.7976
vn -0.7201 -0.5494 -0.4238
vn 0.0947 0.5878 -0.8034
vn 0.0016 0.9225 -0.3861
vn -0.1610 0.7927 -0.5879
vn -0.0472 0.8675 -0.4951
vn 0.4689 -0.5378 0.7006
vn 0.3732 -0.3233 0.8696
vn -0.3729 0.7636 -0.5271
vn 0.5747 0.1731 -0.7999
vn 0.7354 0.3055 -0.6048
vn -0.4188 -0.5624 -0.7130
vn -0.3717 -0.7876 -0.4914
vn -0.6310 -0.6929 0.3489
vn 0.4820 -0.0377 0.8753
vn -0.3996 0.9164 0.0227
vn 0.5063 -0.4476 -0.7371
vn -0.5978 0.0339 -0.8010
vn 0.1355 0.6072 -0.7829
vn -0.3081 0.2034 0.9294
vn 0.3635 -0.1366 0.9215
vn -0.2863 0.9542 -0.0867
vn 0.0371 -0.9945 0.0980
vn 0.4441 -0.1939 -0.8747
vn 0.2280 -0.5944 0.7712
vn 0.3572 0.7737 -0.5232
vn -0.5149 0.3619 -0.7771
vn -0.1127 0.2747 -0.9549
vn -0.6339 0.6378 -0.4375
vn 0.2784 -0.0304 -0.9600
vn 0.5185 0.4973 -0.6956
vn -0.5636 0.5154 -0.6455
vn 0.6322 -0.2706 0.7260
vn -0.7047 -0.0874 -0.7041
vn -0.1467 0.6546 0.7416
vn -0.2169 -0.2418 -0.9458
vn 0.2084 -0.2719 -0.9395
vn 0.0923 0.2579 -0.9617
vn -0.7305 0.6349 -0.2516
vn 0.6573 0.7524 -0.0427
vn 0.5609 0.5155 -0.6478
vn 0.1772 0.9734 -0.1454
vn 0.4326 -0.7847 0.4440
vn 0.5490 -0.0953 0.8304
vn 0.2580 -0.4928 0.8310
vn -0.9292 -0.0635 -0.3641
vn -0.5460 -0.7593 -0.3540
vn -0.0568 0.9926 -0.1076
vn -0.0429 0.1465 -0.9883
vn -0.1204 -0.1384 -0.9830
vn 0.7937 0.4673 -0.3895
vn 0.0087 0.8611 -0.5083
vn -0.1507 0.6470 -0.7474
vn -0.3044 0.7987 -0.5190
vn -0.0047 0.9937 0.1118
vn -0.1651 -0.5880 -0.7918
vn -0.1717 0.8576 -0.4848
vn -0.8147 0.1876 -0.5487
vn -0.9125 0.4090 -0.0010
vn -0.7414 0.6199 -0.2568
vn 0.6946 0.7153 0.0769
vn -0.1538 -0.3474 0.9250
vn -0.2910 0.2473 0.9242
vn -0.0000 0.0001 1.0000
vn 0.3430 -0.8296 0.4406
vn -0.2562 -0.7655 0.5903
vn -0.7494 -0.0376 0.6611
vn 0.2646 0.0377 -0.9636
vn -0.0821 0.6823 -0.7264
vn 0.7360 0.6728 0.0752
vn 0.7509 0.1075 -0.6516
vn -0.6987 -0.4486 -0.5572
vn -0.1816 -0.3894 -0.9030
vn 0.3173 0.7493 -0.5813
vn 0.1161 -0.7532 0.6474
vn 0.2896 -0.8011 0.5238
vn -0.0001 -0.0001 1.0000
vn 0.5646 -0.3757 0.7349
vn 0.9961 -0.0009 0.0882
vn -0.0897 -0.2974 -0.9505
vn 0.2709 0.9402 0.2065
vn -0.1448 0.9533 0.2649
vn -0.7494 -0.0375 0.6611
vn -0.0112 0.8292 -0.5588
vn 0.8324 -0.1294 -0.5388
vn 0.6766 0.0021 -0.7363
vn -0.2204 -0.5846 -0.7808
vn 0.9350 0.0198 0.3541
vn -0.6779 -0.5056 0.5337
vn 0.8146 -0.1041 -0.5706
vn 0.6409 0.5936 -0.4867
vn -0.5838 -0.7244 -0.3667
vn 0.1327 0.0831 0.9877
vn 0.3404 -0.8671 0.3637
vn -0.8049 -0.4496 -0.3874
vn -0.9012 -0.4178 -0.1155
vn -0.5241 -0.8014 -0.2883
vn 0.3980 -0.7490 -0.5297
vn -0.8045 -0.1113 -0.5835
vn -0.7881 0.3606 -0.4989
vn 0.3693 0.9258 -0.0803
vn -0.7560 -0.0150 0.6544
vn -0.0798 -0.9020 0.4244
vn -0.7038 -0.5771 -0.4144
vn -0.8612 -0.2605 -0.4364
vn -0.4243 -0.8509 -0.3098
vn 0.3638 0.2664 -0.8926
vn -0.6845 -0.3282 -0.6509
vn 0.0255 0.9945 -0.1012
vn -0.8012 0.2799 0.5289
vn 0.0692 -0.8237 -0.5628
vn 0.4419 -0.5859 -0.6793
vn 0.5662 -0.6832 -0.4611
vn 0.0406 -0.9945 0.0969
vn 0.4518 0.2862 -0.8449
vn -0.0492 -0.5075 0.8603
vn -0.2672 0.7616 -0.5904
vn 0.2052 -0.7279 -0.6543
vn -0.5109 -0.4688 -0.7205
vn 0.7832 -0.0762 -0.6170
vn 0.2351 -0.9361 -0.2616
vn -0.9907 0.0762 -0.1131
vn -0.5148 0.7120 -0.4775
vn 0.6784 0.1184 -0.7251
vn 0.4201 -0.3253 0.8472
vn 0.6120 -0.2070 0.7633
vn 0.1571 -0.3460 0.9250
vn -0.6182 -0.7315 0.2875
vn -0.7859 -0.5306 -0.3175
vn -0.5738 -0.6511 0.4969
vn -0.6794 0.2791 0.6786
vn -0.0455 -0.5937 0.8034
vn 0.4937 0.0274 -0.8692
vn -0.7699 0.5712 -0.2847
vn -0.6940 -0.7128 0.1016
vn -0.1542 -0.1863 0.9703
vn 0.6993 -0.0983 -0.7081
vn -0.6890 0.3831 -0.6152
vn -0.5156 0.7829 -0.3483
vn -0.0291 0.2739 0.9613
vn 0.1590 -0.4472 0.8802
vn 0.6755 -0.6235 0.3936
vn 0.0138 -0.8856 0.4643
vn 0.1743 -0.5099 -0.8424
vn 0.0419 -0.7589 -0.6499
vn 0.3694 0.6742 -0.6396
vn 0.1843 0.4843 -0.8553
vn 0.2494 -0.9027 0.3506
vn 0.8251 0.5202 0.2204
vn -0.5058 -0.7044 0.4980
vn -0.5407 -0.6324 0.5547
vn -0.6055 -0.4817 0.6335
vn -0.2824 -0.7359 0.6154
vn -0.3384 -0.9222 0.1869
vn 0.7717 -0.1326 -0.6220
vn -0.2101 -0.2919 -0.9331
vn 0.0038 0.3498 -0.9368
vn -0.0878 0.9328 -0.3496
vn -0.8568 0.4999 0.1267
vn 0.6876 0.6759 -0.2652
vn 0.2849 0.1191 -0.9511
vn 0.8545 -0.5185 0.0318
vn -0.6635 -0.2016 -0.7205
vn -0.0697 0.9941 -0.0835
vn -0.9092 -0.0204 0.4158
vn -0.6829 -0.6626 -0.3074
vn -0.1333 -0.6403 0.7565
vn 0.7314 0.5939 0.3352
vn 0.0700 -0.6126 -0.7873
vn 0.9862 -0.1231 -0.1106
vn 0.1812 0.9463 0.2678
vn 0.3949 -0.1988 -0.8969
vn 0.8086 0.2899 -0.5120
vn -0.6695 0.1896 -0.7182
vn -0.3598 0.8272 -0.4316
vn -0.7690 0.6271 -0.1236
vn 0.3182 0.3525 -0.8801
vn 0.0084 0.9845 -0.1754
vn -0.0343 0.8640 -0.5023
vn -0.7247 -0.4713 0.5027
vn -0.0126 -0.9958 0.0905
vn -0.8561 -0.1177 0.5032
vn -0.1943 0.9711 -0.1388
vn 0.8937 0.3153 0.3193
vn 0.1775 -0.7332 0.6564
vn 0.9745 -0.0864 -0.2070
vn 0.0623 0.1795 -0.9818
vn -0.7858 0.6147 -0.0684
vn 0.4362 -0.8716 -0.2237
vn 0.5638 -0.3645 -0.7411
vn 0.2251 0.9714 0.0757
vn 0.0560 0.9974 -0.0454
vn 0.5324 -0.5666 -0.6289
vn -0.0544 -0.9379 0.3426
vn 0.7957 -0.4417 0.4145
vn -0.0259 -0.0985 0.9948
vn -0.0581 0.9975 -0.0393
vn 0.1974 -0.4398 -0.8761
vn -0.0484 0.6425 -0.7648
vn 0.8838 0.4274 -0.1902
vn -0.3795 -0.7590 0.5291
vn 0.3951 -0.0726 -0.9158
vn -0.0574 -0.7007 0.7111
vn -0.5191 -0.7648 -0.3816
vn 0.8673 0.2379 0.4372
vn 0.2804 0.2876 -0.9158
vn -0.9213 -0.2791 0.2708
vn 0.9785 0.2056 -0.0161
vn -0.0950 0.6789 -0.7281
vn -0.2017 -0.4667 -0.8611
vn 0.1155 -0.5959 -0.7947
vn 0.9314 0.3542 0.0839
vn 0.4270 0.8587 -0.2834
vn 0.2027 0.9070 -0.3690
vn 0.3203 0.8335 0.4503
vn -0.1895 -0.9800 0.0600
vn -0.3604 -0.6150 0.7013
vn -0.3548 -0.6221 0.6979
vn -0.1595 -0.8856 0.4363
vn 0.7206 -0.1332 0.6805
vn -0.0465 -0.5243 -0.8502
vn 0.0550 0.9267 -0.3718
vn -0.6178 0.7733 -0.1426
vn 0.1192 0.7839 -0.6094
vn 0.3425 0.9102 0.2330
vn -0.2574 -0.5776 -0.7747
vn 0.4004 0.1859 -0.8973
vn -0.2196 -0.0457 0.9745
vn -0.2434 -0.9682 0.0573
vn 0.4453 -0.5170 -0.7311
vn -0.9268 -0.3582 -0.1125
vn 0.9208 0.3155 -0.2293
vn -0.6658 -0.7446 0.0478
vn -0.6452 0.1188 -0.7547
vn -0.3955 0.1690 -0.9028
vn 0.7700 0.0072 -0.6380
vn -0.1690 -0.9685 -0.1832
vn 0.0257 -0.9224 0.3853
vn -0.6377 0.7528 0.1633
vn -0.9560 0.2532 -0.1483
vn -0.8966 -0.4341 0.0874
vn 0.0317 -0.9809 -0.1918
vn -0.8895 -0.3748 -0.2613
vn 0.6350 0.0786 -0.7685
vn 0.2278 0.2399 -0.9437
vn -0.5659 0.6301 -0.5318
vn -0.8467 0.3092 0.4331
vn -0.3298 -0.2318 0.9152
vn 0.2406 -0.2589 0.9355
vn 0.4498 0.4078 -0.7946
vn -0.3169 0.1391 -0.9382
vn 0.2465 -0.7667 -0.5928
vn 0.5958 -0.4341 -0.6757
vn -0.5107 -0.1611 -0.8445
vn -0.3859 0.8906 -0.2405
vn 0.6391 0.6241 0.4495
vn 0.2526 -0.8754 0.4121
vn -0.7450 -0.6330 -0.2104
vn 0.8706 -0.2883 0.3986
vn 0.6617 0.5632 -0.4949
vn 0.7637 -0.3192 -0.5612
vn -0.5527 0.8203 0.1472
vn -0.5337 0.7645 -0.3614
vn 0.3027 0.9073 -0.2918
vn -0.7927 0.2180 -0.5692
vn 0.3867 0.9116 -0.1397
vn -0.1191 -0.3413 -0.9324
vn -0.3224 0.9211 -0.2181
vn -0.8062 0.1221 -0.5789
vn 0.0299 -0.9995 0.0116
vn -0.3825 -0.6042 0.6990
vn 0.8675 -0.1740 -0.4660
vn -0.4723 -0.7113 0.5206
vn -0.3620 0.9059 -0.2198
vn -0.0967 0.9920 -0.0809
vn 0.0140 -0.3869 0.9220
vn -0.5055 -0.8270 -0.2462
vn 0.0694 0.2643 0.9619
vn 0.1707 -0.8544 0.4908
vn 0.3550 -0.8978 0.2608
vn 0.5428 -0.8388 -0.0422
vn -0.3104 0.4938 -0.8123
vn 0.9407 -0.0678 -0.3325
vn 0.5278 0.7605 -0.3782
vn 0.9510 -0.3049 0.0511
vn 0.0872 -0.9543 -0.2859
vn 0.7561 0.5460 -0.3608
vn 0.2296 -0.8728 0.4308
vn 0.3857 -0.9040 -0.1845
vn -0.1044 -0.8903 0.4432
vn -0.5601 0.8100 -0.1739
vn -0.7646 -0.6426 0.0488
vn -0.2587 0.7565 -0.6006
vn -0.8161 -0.5707 -0.0907
vn -0.3085 -0.7819 0.5418
vn 0.0190 -0.8729 0.4875
vn 0.9514 0.3077 0.0115
vn -0.5974 -0.7146 -0.3640
vn 0.4208 -0.6242 -0.6583
vn 0.7815 -0.0540 -0.6216
vn 0.6038 0.1933 -0.7733
vn 0.2124 0.9367 0.2782
vn 0.9580 0.1662 -0.2336
vn 0.7746 -0.5950 0.2143
vn 0.2386 0.9357 -0.2598
vn 0.4837 0.8479 -0.2171
vn -0.3250 0.9239 0.2019
vn -0.1114 0.9919 -0.0613
vn -0.9966 0.0150 0.0814
vn -0.3189 -0.9239 0.2117
vn 0.8354 0.2539 0.4874
vn 0.1465 -0.9723 0.1822
vn 0.2263 0.8972 0.3792
vn -0.0160 0.9992 -0.0363
vn 0.9687 0.0254 0.2471
vn 0.1864 -0.4256 -0.8855
vn -0.3190 0.9447 -0.0761
vn 0.9464 -0.1518 -0.2851
vn 0.0822 0.9945 -0.0655
vn 0.9760 -0.1320 -0.1730
vn -0.9448 0.3082 -0.1110
vn -0.6411 -0.3261 -0.6947
vn 0.0239 -0.2370 -0.9712
vn -0.6125 0.7904 0.0140
vn -0.5172 0.8458 0.1311
vn 0.7830 0.0245 0.6215
vn 0.9686 -0.0364 0.2460
vn 0.9468 0.2085 -0.2451
vn 0.1511 -0.9868 0.0589
vn 0.5388 0.4918 -0.6840
vn -0.5359 -0.8356 0.1208
vn 0.0602 -0.4844 -0.8728
vn -0.3076 0.4059 -0.8606
vn -0.1242 0.9486 -0.2910
vn 0.9194 0.3671 0.1410
vn 0.8632 0.4314 0.2623
vn -0.0757 -0.9960 0.0471
vn 0.4995 0.5597 -0.6612
vn -0.8616 0.3526 -0.3652
vn -0.4380 0.8521 0.2865
vn -0.8874 0.4568 0.0625
vn -0.5485 -0.8304 0.0978
vn 0.4009 0.7183 -0.5686
vn -0.7507 0.5656 -0.3413
vn -0.5687 -0.6682 0.4798
vn -0.4770 -0.8779 0.0423
vn -0.5598 -0.0418 -0.8276
vn -0.5923 0.7676 0.2448
vn -0.7449 -0.6668 -0.0214
vn 0.4027 0.6574 0.6369
vn 0.1915 -0.8128 0.5502
vn -0.0821 -0.9867 0.1403
vn 0.5291 -0.1268 -0.8390
vn 0.2061 -0.8315 0.5158
vn 0.0218 -0.9932 -0.1147
vn -0.9956 0.0221 0.0913
vn 0.1427 -0.9524 0.2695
vn 0.7491 -0.4203 -0.5120
vn -0.6929 0.4418 -0.5698
vn -0.0534 -0.9672 -0.2483
vn 0.6474 -0.7481 0.1459
vn -0.7657 -0.6277 -0.1403
vn 0.7790 0.5430 0.3134
vn 0.4622 0.8866 0.0179
vn 0.9795 -0.1111 0.1682
vn 0.8022 -0.5477 -0.2376
vn -0.6843 0.6900 -0.2357
vn 0.9091 -0.3966 -0.1272
vn 0.2222 0.9537 -0.2028
vn -0.4722 0.3408 -0.8129
vn -0.5723 0.5651 -0.5943
vn 0.6364 0.7671 0.0814
vn 0.5834 0.7142 -0.3866
vn 0.4861 -0.3479 -0.8017
vn 0.5459 -0.5313 -0.6479
vn 0.0369 0.4601 -0.8871
vn -0.1512 -0.8982 0.4128
vn 0.6433 -0.7468 -0.1684
vn 0.1432 0.3693 -0.9182
vn 0.5759 -0.8067 0.1325
vn 0.6081 -0.7008 -0.3728
vn 0.1083 -0.9744 -0.1969
vn 0.0939 -0.9796 0.1779
vn -0.7507 0.5656 -0.3414
vn -0.7507 0.5657 -0.3412
vn 0.1931 0.3635 -0.9114
vn -0.0274 -0.6672 -0.7444
vn 0.8212 0.5703 0.0196
vn 0.0849 -0.8817 0.4641
vn 0.1361 -0.9189 0.3702
vn -0.8563 -0.3796 -0.3501
vn -0.6615 0.5696 -0.4879
vn 0.2321 -0.6147 -0.7538
vn 0.2941 0.4357 0.8507
vn 0.5237 0.7791 0.3446
vn 0.3478 0.8568 0.3806
vn -0.1662 0.1353 -0.9768
vn -0.4342 -0.2089 -0.8763
vn 0.1814 0.9677 -0.1750
vn 0.9248 0.3748 -0.0646
vn -0.7964 -0.0750 -0.6002
vn 0.0359 0.1660 0.9855
vn 0.0723 -0.9830 -0.1687
vn -0.8033 0.5526 -0.2221
vn 0.5882 0.6219 -0.5170
vn 0.5141 0.4047 -0.7562
vn 0.1070 0.9816 0.1583
vn -0.1378 -0.2471 0.9591
vn -0.4696 -0.8654 0.1747
vn -0.2019 0.9772 0.0661
vn -0.2426 0.6732 -0.6985
vn -0.0301 0.9775 0.2089
vn 0.7029 0.6143 -0.3586
vn 0.8651 0.4719 0.1700
vn -0.7029 -0.1779 -0.6887
vn 0.4421 -0.0851 0.8929
vn -0.0161 -0.7495 -0.6618
vn -0.6011 -0.7548 -0.2626
vn -0.1095 -0.8701 0.4805
vn -0.5177 0.5946 0.6152
vn -0.3593 0.4425 0.8216
vn -0.3570 -0.9315 -0.0700
vn -0.4466 -0.8838 0.1395
vn 0.7636 0.6429 0.0599
vn 0.1804 -0.1200 0.9763
vn -0.7266 -0.1031 -0.6793
vn 0.2344 -0.3562 -0.9045
vn 0.8889 -0.3855 -0.2476
vn -0.3676 -0.0900 -0.9256
vn 0.2714 0.1411 0.9521
vn -0.0917 0.3566 0.9298
vn 0.1150 -0.9521 0.2832
vn 0.1555 -0.7074 0.6895
vn 0.6258 -0.4868 -0.6094
vn 0.1650 0.5139 -0.8418
vn 0.7255 0.6090 -0.3206
vn 0.7894 -0.5078 0.3450
vn 0.4360 -0.8965 -0.0783
vn 0.1875 -0.9599 0.2082
vn -0.6235 0.7636 -0.1677
vn 0.6197 -0.5579 0.5520
vn 0.2585 0.9343 0.2455
vn -0.0612 0.7371 -0.6730
vn 0.6072 0.4939 -0.6224
vn -0.4233 -0.7520 0.5053
vn 0.0481 -0.9824 0.1802
vn -0.5113 0.0612 -0.8572
vn -0.1422 0.9031 -0.4051
vn -0.4987 -0.1465 0.8543
vn -0.5889 -0.1316 0.7974
vn -0.0621 0.9550 0.2901
vn -0.0472 0.9238 -0.3800
vn 0.0808 0.9843 -0.1567
vn 0.5210 -0.8200 0.2367
vn 0.9895 -0.0670 -0.1283
vn 0.0626 -0.9494 -0.3077
vn -0.8286 -0.4990 -0.2537
vn 0.8589 0.4536 0.2379
vn 0.1083 -0.9324 0.3447
vn 0.2306 -0.8414 0.4888
vn -0.5218 0.2523 0.8149
vn 0.0244 -0.8433 0.5369
vn 0.8786 -0.3920 -0.2730
vn 0.9321 -0.0152 -0.3619
vn 0.1412 -0.9885 0.0542
vn 0.3123 -0.3756 0.8726
vn 0.1045 0.9856 0.1328
vn 0.3298 0.0613 -0.9421
vn -0.1602 0.8930 -0.4205
vn -0.5133 0.8460 0.1443
vn 0.2398 0.9202 0.3093
vn 0.5688 -0.0093 0.8224
vn -0.5998 -0.7997 0.0257
vn 0.0507 0.9881 -0.1452
vn -0.3337 0.8035 0.4930
vn -0.1033 0.9800 -0.1703
vn -0.2399 0.9348 -0.2619
vn 0.4105 0.6523 0.6372
vn -0.0546 0.0988 0.9936
vn 0.2987 0.2057 -0.9319
vn -0.3865 -0.0094 0.9222
vn 0.7763 0.6201 0.1135
vn 0.2488 0.9284 -0.2759
vn -0.0983 -0.8232 0.5592
vn 0.2009 -0.0743 0.9768
vn 0.3808 -0.7158 -0.5854
vn -0.4496 -0.6586 -0.6035
vn -0.5902 -0.7865 -0.1818
vn -0.1210 -0.2792 -0.9526
vn -0.1102 -0.9334 0.3415
vn 0.1621 0.9842 0.0716
vn 0.0454 -0.9794 0.1968
vn 0.6869 -0.6249 -0.3710
vn 0.2907 0.7192 0.6310
vn 0.6564 0.6412 -0.3975
vn -0.1779 0.7584 -0.6270
vn 0.3756 0.4291 -0.8214
vn 0.2270 -0.8755 0.4267
vn -0.1190 -0.1182 -0.9858
vn -0.1255 -0.9259 -0.3563
vn 0.3818 0.8702 -0.3113
vn -0.2153 0.6602 -0.7196
vn 0.5869 0.8063 -0.0733
vn -0.3547 0.9343 0.0344
vn 0.4465 0.8115 0.3771
vn -0.5314 -0.8242 -0.1958
vn -0.3307 0.5933 -0.7339
vn 0.0481 -0.6935 -0.7188
vn 0.8463 0.5086 0.1584
vn -0.2417 0.9557 -0.1680
vn 0.1438 0.1558 -0.9773
vn -0.8282 0.5310 0.1793
vn 0.6846 0.7194 0.1173
vn -0.5055 -0.8601 0.0684
vn -0.8101 -0.5658 -0.1538
vn -0.4143 0.5536 0.7224
vn 0.3863 -0.4005 -0.8309
vn -0.3199 0.4833 -0.8149
vn 0.4251 0.8295 0.3622
vn 0.4029 0.4428 -0.8010
vn 0.7515 -0.3295 0.5716
vn -0.3232 -0.5172 0.7925
vn -0.1022 -0.7184 0.6881
vn -0.1145 -0.6100 0.7841
vn 0.7689 0.2485 -0.5891
vn -0.8842 -0.0871 0.4589
vn -0.3262 -0.5963 0.7335
vn 0.5515 0.1055 -0.8275
vn 0.4395 -0.7676 0.4664
vn 0.6663 -0.6136 0.4238
vn -0.5672 -0.7901 -0.2323
vn 0.1887 -0.7089 0.6796
vn 0.3322 -0.9399 0.0789
vn -0.6389 -0.2231 0.7362
vn -0.1487 0.0099 0.9888
vn 0.0706 0.9969 -0.0359
vn 0.7211 -0.5724 0.3904
vn 0.9049 0.2020 -0.3745
vn -0.7746 0.6310 0.0420
vn -0.1552 0.9704 0.1848
vn 0.3011 -0.3446 0.8892
vn 0.6414 0.7501 0.1610
vn -0.4093 -0.2386 -0.8806
vn 0.2797 0.1546 0.9476
vn -0.4288 0.8736 0.2302
vn -0.0932 -0.9310 -0.3530
vn -0.9790 0.1539 -0.1338
vn -0.3585 0.8308 0.4257
vn 0.1941 0.9803 0.0357
vn 0.5131 -0.3269 -0.7937
vn -0.5603 0.8212 -0.1077
vn -0.4144 0.7814 -0.4665
vn -0.6308 0.0437 -0.7748
vn -0.1498 0.1117 -0.9824
vn -0.1979 0.2463 -0.9488
vn 0.0815 0.2306 -0.9696
vn 0.0879 -0.2394 0.9669
vn -0.8778 -0.3995 0.2643
vn 0.1986 0.3128 0.9288
vn 0.4091 0.0595 -0.9105
vn -0.7165 0.6816 0.1481
vn 0.7870 0.1907 0.5867
vn 0.5301 0.6269 -0.5710
vn -0.0619 -0.7906 -0.6092
vn 0.0742 -0.6436 0.7618
vn -0.3256 -0.4679 -0.8216
vn -0.2822 0.9590 0.0250
vn -0.6664 -0.7290 -0.1566
vn -0.0917 -0.8339 0.5442
vn 0.2795 -0.9589 -0.0494
vn 0.4634 -0.8629 -0.2018
vn -0.5234 -0.7731 -0.3583
vn 0.2877 0.6078 0.7402
vn 0.3190 0.2256 -0.9205
vn 0.5505 0.1128 -0.8272
vn 0.4509 -0.5630 -0.6926
vn -0.0012 -0.4249 -0.9052
vn -0.2994 -0.8886 -0.3474
vn -0.2302 -0.9002 0.3696
vn 0.5875 0.8009 -0.1162
vn 0.0364 -0.9798 0.1965
vn 0.6534 -0.2043 0.7289
vn -0.1005 0.9779 -0.1834
vn 0.1466 -0.0882 -0.9853
vn -0.0872 0.9905 -0.1065
vn -0.8885 0.0609 -0.4549
vn -0.3360 0.8921 -0.3022
vn 0.2731 -0.9614 -0.0329
vn -0.0127 -0.2361 -0.9716
vn -0.2928 0.5100 -0.8088
vn -0.7140 0.4510 -0.5356
vn -0.4238 -0.1546 -0.8925
vn 0.7378 0.6750 -0.0079
vn 0.7371 0.6601 -0.1448
vn -0.9035 0.2374 -0.3568
vn 0.4316 -0.1627 0.8873
vn 0.0770 0.2218 -0.9721
vn -0.1800 0.9563 -0.2303
vn -0.5328 -0.0161 0.8461
vn 0.9701 0.0925 -0.2245
vn -0.8601 -0.5097 -0.0213
vn -0.7719 -0.4800 -0.4169
vn -0.0969 0.2971 0.9499
vn -0.6034 0.7164 -0.3502
vn -0.7467 -0.6628 0.0567
vn -0.4102 -0.7216 0.5577
vn -0.3240 0.9054 -0.2743
vn -0.8126 -0.4414 0.3806
vn 0.1770 0.9829 -0.0500
vn 0.6232 -0.1099 -0.7743
vn -0.1462 -0.9824 -0.1161
vn -0.5337 -0.7482 -0.3941
vn -0.4865 0.6859 -0.5412
vn -0.1450 -0.9894 -0.0041
vn -0.1280 -0.9885 -0.0805
vn -0.1156 -0.1102 -0.9872
vn -0.4987 -0.8666 -0.0146
vn -0.8914 -0.2531 -0.3761
vn -0.7621 0.4527 -0.4629
vn 0.1679 0.6553 -0.7365
vn 0.3406 -0.6936 0.6348
vn 0.4471 0.8931 -0.0495
vn -0.0696 -0.8465 0.5279
vn -0.1660 -0.3725 0.9131
vn 0.3578 0.6085 0.7083
vn -0.0975 -0.9941 0.0478
vn 0.2231 -0.8867 -0.4049
vn -0.0863 0.8830 -0.4614
vn -0.7175 -0.5681 -0.4031
vn -0.0005 0.7259 -0.6878
vn -0.4187 -0.7425 -0.5229
vn 0.2893 0.1895 -0.9383
vn 0.3239 0.1378 -0.9360
vn -0.3547 0.4772 -0.8040
vn 0.7577 0.5505 -0.3504
vn 0.5589 -0.7574 0.3377
vn 0.6356 0.4988 -0.5892
vn 0.6446 0.0157 0.7644
vn -0.4516 -0.8871 -0.0955
vn -0.4543 0.5949 -0.6631
vn -0.3439 -0.9117 -0.2247
vn 0.4371 0.8742 -0.2116
vn -0.1595 0.9869 0.0228
vn 0.3293 0.1892 -0.9251
vn 0.8230 0.4212 -0.3812
vn -0.4988 0.4072 -0.7651
vn 0.4753 -0.8195 0.3202
vn 0.9631 0.1476 -0.2252
vn 0.8855 0.3109 -0.3453
vn 0.4616 0.7665 -0.4465
vn -0.3330 -0.9338 0.1309
vn -0.4447 -0.8294 0.3381
vn 0.1255 -0.3460 -0.9298
vn -0.4765 0.4413 0.7604
vn 0.7690 0.1833 -0.6124
vn 0.5913 -0.5207 -0.6158
vn 0.1364 0.6987 -0.7023
vn -0.4089 0.9044 -0.1219
vn 0.2632 0.7870 -0.5580
vn 0.6028 0.2580 0.7550
vn -0.8072 0.3483 -0.4765
vn 0.5522 -0.4411 -0.7074
vn 0.7560 0.4899 0.4342
vn -0.8327 -0.2829 -0.4761
vn 0.2410 0.8347 -0.4951
vn 0.3800 0.3013 -0.8745
vn -0.3768 -0.3800 -0.8448
vn -0.7294 0.2909 -0.6192
vn 0.8117 0.2141 0.5434
vn -0.0002 -0.2698 -0.9629
vn 0.4598 0.7058 -0.5389
vn -0.7052 0.4518 -0.5465
vn -0.2310 -0.6674 -0.7080
vn -0.3544 0.9277 0.1175
vn -0.9114 0.0824 -0.4031
vn 0.0561 0.3694 -0.9276
vn -0.1693 -0.8875 -0.4286
vn -0.1745 0.9019 -0.3951
vn 0.4126 -0.8835 -0.2218
vn -0.0091 -0.9703 0.2419
vn -0.0587 -0.9244 -0.3769
vn -0.3257 -0.3394 -0.8825
vn -0.2353 -0.9646 0.1193
vn 0.7603 0.3963 0.5146
vn -0.2696 -0.9411 -0.2039
vn -0.3568 0.7670 -0.5333
vn -0.3885 -0.5771 -0.7183
vn -0.3556 0.7471 -0.5616
vn -0.5996 0.5223 -0.6063
vn 0.2526 -0.8588 0.4458
vn 0.6761 -0.1445 -0.7225
vn -0.0652 -0.0925 -0.9936
vn 0.5281 0.3121 -0.7898
vn 0.0490 0.3485 -0.9360
vn 0.8892 0.3752 -0.2617
vn -0.8285 -0.1386 0.5425
vn -0.9168 -0.2096 -0.3400
vn 0.5832 -0.2981 -0.7557
vn 0.1424 -0.8221 -0.5513
vn 0.8167 0.2857 -0.5013
vn -0.3346 -0.3716 -0.8660
vn 0.6833 -0.2701 -0.6784
vn 0.5225 0.0739 -0.8494
vn -0.5728 0.6607 -0.4852
vn -0.2709 0.9339 -0.2335
vn 0.3714 -0.8599 -0.3501
vn 0.2327 0.9268 -0.2948
vn 0.1985 0.4618 0.8645
vn 0.1512 0.5334 -0.8323
vn -0.0000 -0.0000 1.0000
vn 0.5181 -0.5246 0.6756
vn -0.5501 0.8348 -0.0223
vn -0.1856 -0.9558 -0.2279
vn -0.3690 0.2171 0.9037
vn -0.1212 0.9871 -0.1048
vn -0.1234 0.9820 -0.1428
vn -0.7892 0.5915 -0.1655
vn -0.3253 -0.9228 -0.2063
vn -0.5366 -0.8333 -0.1329
vn 0.1823 -0.9785 -0.0960
vn -0.5905 0.8032 0.0783
vn 0.2522 0.6342 -0.7309
vn -0.4488 -0.8087 -0.3802
vn 0.3260 -0.9140 -0.2414
vn -0.6676 -0.6718 -0.3210
vn -0.6291 -0.6843 -0.3688
vn -0.2659 0.8462 0.4619
vn 0.6721 0.4467 -0.5906
vn 0.9977 0.0656 -0.0191
vn 0.8197 -0.5569 0.1342
vn 0.7597 0.2566 -0.5975
vn -0.2161 -0.0100 -0.9763
vn 0.1074 0.4745 -0.8737
vn 0.9142 -0.1889 0.3586
vn -0.3024 0.8803 -0.3656
vn -0.7933 -0.5478 -0.2656
vn 0.1517 -0.9502 0.2723
vn -0.2029 -0.1137 -0.9726
vn 0.2129 -0.9730 0.0897
vn -0.0895 0.6537 -0.7515
vn 0.7525 -0.6586 0.0035
vn -0.2133 0.0408 -0.9761
vn 0.7012 -0.2034 -0.6834
vn -0.5447 -0.1633 -0.8226
vn 0.5032 -0.7008 -0.5057
vn 0.3117 0.4262 -0.8493
vn -0.9089 0.2847 0.3046
vn 0.9973 0.0707 0.0201
vn 0.4034 -0.9034 -0.1456
vn 0.5522 0.7808 0.2923
vn 0.7901 0.5331 0.3026
vn -0.0036 -0.7287 0.6848
vn -0.4148 -0.8853 -0.2102
vn 0.1187 0.6899 -0.7141
vn -0.0782 0.7869 -0.6121
vn -0.2708 0.9523 0.1410
vn -0.4047 0.9009 0.1571
vn -0.0048 0.9866 -0.1631
vn 0.1776 0.3751 -0.9098
vn 0.5113 0.2562 -0.8203
vn -0.6707 -0.3081 -0.6748
vn -0.0906 0.1609 -0.9828
vn -0.8394 0.5322 0.1109
vn 0.2791 0.3813 -0.8813
vn 0.0061 -0.9380 -0.3466
vn -0.8195 0.4862 -0.3032
vn -0.9856 -0.0195 0.1680
vn -0.2518 0.8924 0.3745
vn 0.7179 -0.2719 -0.6409
vn -0.1004 -0.9480 -0.3021
vn -0.5202 -0.1771 0.8355
vn -0.7680 0.3596 -0.5300
vn -0.8100 0.2111 0.5471
vn 0.2810 0.4664 -0.8387
vn 0.6302 -0.0724 -0.7730
vn 0.4398 0.1844 -0.8790
vn -0.0813 0.6025 -0.7940
vn -0.1859 -0.9724 0.1407
vn 0.0970 -0.9425 0.3198
vn -0.1781 -0.9691 -0.1705
vn -0.6675 -0.6718 -0.3210
vn -0.4532 0.8414 0.2944
vn -0.1672 -0.9472 -0.2737
vn 0.0394 -0.2136 -0.9761
vn 0.3128 -0.9238 0.2209
vn 0.2591 -0.4223 -0.8687
vn -0.8476 -0.0084 -0.5306
vn -0.6510 0.6145 0.4455
vn -0.7243 0.6835 0.0903
vn -0.9528 0.3001 0.0462
vn 0.9209 0.3828 0.0730
vn -0.1560 0.5336 -0.8312
vn 0.7726 0.2559 -0.5811
vn -0.0193 0.9876 -0.1560
vn -0.1160 0.9928 -0.0312
vn -0.7621 0.0589 -0.6448
vn -0.2017 -0.3916 -0.8978
vn 0.3349 0.1271 -0.9337
vn 0.2276 0.8639 -0.4493
vn 0.6777 -0.3928 -0.6216
vn 0.5971 0.4866 -0.6377
vn 0.5952 -0.1513 0.7892
vn -0.6563 0.0023 -0.7545
vn 0.6440 -0.0285 -0.7645
vn 0.7282 -0.4492 -0.5176
vn -0.8041 0.1201 -0.5822
vn -0.3652 0.2897 -0.8847
vn -0.6848 0.7231 0.0904
vn 0.6228 0.6780 -0.3905
vn 0.1797 -0.9551 0.2356
vn 0.2488 0.7852 -0.5671
vn -0.7913 -0.5606 -0.2442
vn -0.4078 0.3648 -0.8370
vn 0.3115 -0.9303 0.1938
vn 0.7617 0.2750 0.5867
vn -0.1491 -0.6998 -0.6986
vn 0.2955 0.0853 0.9515
vn 0.8908 0.3531 -0.2861
vn -0.0210 -0.9312 0.3638
vn -0.9101 0.1828 -0.3718
vn -0.0056 0.9996 -0.0260
vn -0.7262 0.0664 -0.6842
vn -0.1322 0.3156 -0.9396
vn 0.4027 -0.8578 0.3194
vn -0.7908 -0.5664 0.2320
vn 0.4334 0.5128 -0.7411
vn -0.0834 0.9018 -0.4241
vn 0.0381 -0.7879 -0.6146
vn 0.5336 -0.7074 -0.4635
vn 0.6086 -0.5542 0.5678
vn 0.6018 -0.7655 0.2278
vn 0.9750 0.2224 0.0018
vn 0.7092 0.0162 0.7048
vn 0.7137 0.4867 0.5037
vn 0.5670 0.4710 -0.6757
vn 0.6932 0.3363 -0.6375
vn 0.6272 0.0680 -0.7759
vn -0.2234 -0.3828 -0.8964
vn -0.9245 -0.0876 -0.3711
vn 0.4180 -0.9074 -0.0441
vn -0.1944 0.1221 -0.9733
vn 0.0814 0.5897 -0.8035
vn 0.5393 -0.2234 -0.8119
vn -0.4408 -0.0554 -0.8959
vn -0.0425 0.9988 -0.0235
vn -0.9840 -0.1574 -0.0837
vn 0.0870 0.9784 0.1874
vn 0.7177 0.6651 -0.2063
vn 0.5579 -0.0566 -0.8280
vn 0.2548 -0.9390 -0.2310
vn 0.7468 0.6174 -0.2472
vn 0.9406 0.2479 0.2319
vn -0.6189 -0.0332 -0.7848
vn -0.6919 0.7215 0.0271
vn 0.7335 -0.4989 -0.4616
vn -0.7625 -0.4219 -0.4906
vn 0.3965 0.7100 -0.5820
vn -0.8443 -0.1398 -0.5173
vn -0.4282 0.8198 -0.3803
vn 0.9886 -0.0148 -0.1495
vn 0.4500 -0.1179 -0.8852
vn -0.6160 -0.7772 0.1284
vn -0.8793 0.3150 0.3572
vn -0.6273 0.7258 -0.2823
vn 0.3256 0.8510 -0.4121
vn 0.0072 -0.6408 -0.7677
vn 0.3556 -0.9024 -0.2432
vn -0.9964 -0.0643 -0.0549
vn -0.0984 0.6711 -0.7348
vn 0.3992 -0.9042 -0.1519
vn -0.5791 0.6367 -0.5092
vn 0.2930 0.9553 -0.0402
vn 0.3979 -0.3019 -0.8663
vn 0.1654 0.0486 -0.9850
vn -0.5248 0.1468 -0.8385
vn -0.7297 -0.6780 -0.0883
vn -0.6595 0.7516 -0.0127
vn 0.3298 0.6738 0.6612
vn 0.2574 -0.8214 0.5090
vn 0.1370 0.4782 -0.8675
vn 0.5451 0.5938 -0.5918
vn 0.5591 0.8289 -0.0178
vn -0.5889 -0.0972 -0.8023
vn 0.6675 0.0968 -0.7383
vn -0.1345 -0.9907 -0.0215
vn 0.9404 0.3387 0.0300
vn -0.8392 -0.4047 -0.3632
vn -0.0815 -0.9486 0.3057
vn 0.8908 0.3529 -0.2861
vn -0.0527 -0.9815 -0.1841
vn 0.8908 0.3531 -0.2860
vn 0.8121 0.0235 0.5831
vn -0.1997 0.9493 -0.2427
vn -0.0693 -0.9970 -0.0356
vn 0.2623 -0.9625 -0.0688
vn -0.8845 0.0329 -0.4654
vn 0.7609 0.0620 -0.6458
vn -0.6613 -0.6997 -0.2705
vn -0.6956 -0.6250 0.3543
vn 0.7894 -0.3031 -0.5338
vn -0.5552 0.7620 -0.3333
vn 0.5895 0.4689 -0.6577
vn -0.0380 0.9964 0.0763
vn -0.1894 0.6682 -0.7195
vn 0.5931 -0.1947 -0.7813
vn -0.5868 -0.8032 0.1030
vn -0.2582 -0.8122 0.5231
vn -0.4390 -0.1186 -0.8907
vn 0.4315 -0.8714 -0.2334
vn -0.3440 -0.5511 -0.7603
vn 0.5215 0.8526 0.0336
vn -0.2547 -0.9662 0.0401
vn -0.7344 -0.5330 0.4202
vn 0.6701 0.7423 -0.0051
vn -0.7268 -0.5629 -0.3935
vn 0.9127 -0.2374 -0.3326
vn 0.2199 -0.9015 -0.3727
vn 0.8909 0.3529 -0.2859
vn 0.0600 -0.9977 -0.0314
vn 0.9037 -0.3746 -0.2072
vn 0.6467 0.2205 -0.7302
vn 0.7705 0.1008 -0.6294
vn 0.9113 -0.0420 -0.4096
vn -0.3351 0.6933 -0.6380
vn -0.3817 0.1398 -0.9137
vn 0.6603 0.6218 -0.4212
vn -0.1480 0.5745 -0.8050
vn -0.5673 0.6928 -0.4453
vn -0.4956 0.6886 0.5294
vn 0.4330 0.1119 -0.8944
vn 0.2941 0.4333 -0.8519
vn -0.5865 -0.8034 0.1030
vn -0.4727 -0.8041 -0.3605
vn -0.6690 -0.2523 -0.6991
vn -0.6824 -0.5846 -0.4389
vn 0.7329 -0.1277 -0.6682
vn 0.9451 0.2308 0.2314
vn 0.0798 -0.9004 -0.4276
vn -0.6340 -0.6499 0.4191
vn 0.2117 0.4927 -0.8440
vn -0.8941 0.0550 -0.4444
vn -0.4430 0.3682 -0.8174
vn -0.7809 0.1815 -0.5977
vn 0.4776 -0.2477 -0.8429
vn -0.6824 -0.2872 0.6722
vn -0.4065 -0.8436 0.3508
vn 0.9722 0.1228 0.1996
vn 0.6020 0.5304 0.5968
vn -0.1555 -0.2972 -0.9421
vn 0.3050 0.9385 0.1621
vn -0.5636 0.2451 -0.7889
vn 0.2581 -0.7910 -0.5547
vn -0.5868 -0.8032 0.1028
vn 0.8226 0.5360 -0.1899
vn 0.6919 0.6383 -0.3373
vn -0.5364 0.2685 -0.8001
vn 0.9289 -0.0649 -0.3645
vn 0.7998 0.5770 -0.1653
vn 0.2982 -0.9355 -0.1896
vn -0.3817 0.1398 -0.9136
vn 0.2446 -0.9693 0.0259
vn 0.7897 0.6050 0.1014
vn -0.9563 0.1913 0.2211
vn 0.4686 -0.0737 -0.8803
vn 0.6329 0.4628 -0.6207
vn 0.8808 0.0649 -0.4690
vn 0.6405 0.3081 -0.7034
vn 0.0476 0.9949 -0.0885
vn 0.8457 0.2262 0.4833
vn 0.4294 -0.7267 0.5362
vn 0.4268 -0.7132 -0.5561
vn 0.0313 -0.7369 -0.6753
vn 0.2298 -0.9732 -0.0038
vn -0.0378 -0.9652 0.2586
vn -0.8974 -0.0700 -0.4356
vn 0.0480 0.9852 -0.1647
vn -0.9995 -0.0135 -0.0282
vn -0.2718 0.9187 -0.2866
vn -0.4138 0.4089 -0.8134
vn -0.8932 -0.3309 -0.3046
vn -0.2475 -0.9306 0.2696
vn 0.5680 -0.8230 0.0065
vn -0.0000 -0.0000 -1.0000
vn 0.9516 -0.1735 0.2538
vn 0.6982 -0.1950 -0.6888
vn 0.4245 0.6991 -0.5754
vn -0.4644 0.7057 -0.5351
vn -0.2846 0.9397 0.1896
vn -0.9630 0.0387 0.2667
vn 0.1112 0.9413 -0.3186
vn -0.9047 0.3957 -0.1578
vn -0.9198 -0.0856 -0.3828
vn -0.9452 0.1870 -0.2676
vn 0.2077 -0.8954 -0.3940
vn -0.2081 -0.6730 -0.7098
vn 0.0187 0.2324 0.9724
vn -0.3595 0.9300 0.0763
vn 0.4287 0.5856 -0.6880
vn 0.3005 0.9528 0.0421
vn 0.6630 0.7283 0.1732
vn -0.2894 0.3063 -0.9069
vn 0.8923 0.1620 -0.4213
vn 0.3511 0.3347 -0.8745
vn 0.8588 -0.3736 -0.3505
vn -0.3156 0.3885 -0.8657
vn 0.4270 -0.7131 -0.5561
vn 0.1429 -0.9872 -0.0706
vn 0.0409 -0.9229 -0.3830
vn 0.2232 -0.8976 -0.3800
vn -0.9566 0.2697 -0.1101
vn 0.1177 0.9523 -0.2816
vn -0.4821 0.8366 -0.2603
vn 0.2508 -0.5230 0.8146
vn 0.6350 0.6328 -0.4431
vn -0.5003 0.6583 0.5625
vn -0.2676 0.9305 0.2503
vn -0.4036 0.7270 -0.5555
vn -0.7976 -0.0827 0.5975
vn 0.9628 0.2654 0.0502
vn 0.1107 0.9452 0.3071
vn -0.7145 -0.6931 -0.0956
vn -0.4725 0.8383 0.2720
vn -0.7105 0.2814 0.6450
vn 0.1525 -0.8370 -0.5255
vn 0.4121 -0.8911 -0.1898
vn -0.8989 -0.1728 -0.4026
vn 0.1714 -0.9716 0.1629
vn 0.9478 0.2025 -0.2465
vn 0.3140 -0.5588 -0.7676
vn -0.7874 -0.5951 -0.1607
vn 0.0167 0.9956 -0.0918
vn 0.9704 -0.2293 -0.0758
vn -0.1977 0.9790 0.0503
vn -0.4307 0.8973 0.0965
vn 0.4254 0.6726 -0.6055
vn -0.1490 0.9114 -0.3836
vn -0.3823 -0.8945 -0.2319
vn -0.9117 0.2649 -0.3139
vn -0.9936 0.0969 0.0575
vn 0.5945 -0.3397 0.7288
vn 0.4666 0.5149 -0.7192
vn 0.0619 -0.8646 -0.4987
vn 0.2786 -0.7730 0.5699
vn -0.8484 -0.0666 0.5252
vn -0.2147 -0.9703 -0.1116
vn 0.3504 -0.8379 0.4186
vn 0.2785 -0.7731 0.5699
vn 0.9838 0.1685 -0.0604
vn 0.7269 0.6796 -0.0989
vn 0.2699 -0.9623 -0.0332
vn 0.5363 -0.8415 -0.0656
vn -0.7170 -0.5559 -0.4206
vn 0.6561 -0.2203 -0.7218
vn -0.8347 0.3940 0.3848
vn 0.9469 0.3212 0.0158
vn -0.4698 0.7143 -0.5187
vn 0.0409 -0.9228 -0.3832
vn 0.4269 -0.7132 -0.5560
vn -0.3832 0.5597 0.7348
vn 0.0109 -0.8980 0.4399
vn -0.3221 -0.9457 0.0446
vn 0.1428 -0.9872 -0.0705
vn 0.4268 -0.7131 -0.5561
vn -0.2395 -0.8039 -0.5444
vn 0.3481 -0.8270 0.4415
vn -0.9004 -0.4279 0.0788
vn -0.9552 -0.1210 -0.2700
vn -0.7295 -0.3398 0.5936
vn 0.2065 0.9411 -0.2679
vn 0.6001 0.7347 -0.3165
vn 0.7141 0.6550 0.2472
vn -0.7246 -0.5824 -0.3685
vn -0.3566 -0.9315 -0.0722
vn -0.9297 0.0479 -0.3651
vn -0.2055 -0.7529 0.6252
vn -0.5262 -0.8345 -0.1631
vn 0.8620 -0.4701 -0.1898
vn -0.1075 0.0986 -0.9893
vn -0.3662 0.5852 -0.7235
vn -0.6372 0.7645 -0.0976
vn 0.5389 0.7642 -0.3545
vn 0.7075 0.2730 -0.6519
vn 0.7085 -0.6744 -0.2081
vn 0.8010 0.3706 0.4701
vn 0.4771 0.3989 -0.7831
vn -0.5385 -0.7975 -0.2720
vn -0.8941 -0.2778 0.3512
vn 0.9479 -0.0709 0.3107
vn -0.1589 -0.9873 0.0049
vn -0.9796 -0.1965 -0.0415
vn 0.3698 0.9278 0.0492
vn -0.8173 0.3062 -0.4881
vn -0.0558 -0.9068 0.4179
vn 0.6895 0.2683 -0.6727
vn -0.5744 0.7660 -0.2887
vn -0.8464 -0.5235 0.0975
vn -0.7223 0.6874 0.0762
vn 0.9320 -0.3480 0.1011
vn -0.9603 -0.2659 0.0843
vn 0.1471 0.9504 -0.2741
vn -0.9449 0.3107 0.1028
vn 0.5373 0.4307 0.7252
vn 0.4271 -0.7131 -0.5560
vn -0.7398 0.6269 0.2443
vn -0.4917 0.8537 -0.1715
vn -0.1766 0.9684 -0.1762
vn 0.2301 -0.8283 -0.5108
vn 0.1403 -0.9881 0.0633
vn 0.0692 -0.7072 -0.7036
vn 0.4154 0.8754 -0.2473
vn 0.4174 0.7854 -0.4572
vn 0.2093 -0.9755 -0.0675
vn 0.3431 -0.5344 0.7725
vn 0.0645 -0.7328 0.6774
vn -0.7863 -0.5224 0.3300
vn 0.1428 -0.9872 -0.0707
vn 0.0687 -0.9776 0.1988
vn 0.7394 -0.2930 0.6062
vn -0.2540 -0.8361 -0.4863
vn -0.6996 -0.6762 0.2308
vn 0.2939 -0.9558 0.0130
vn 0.9606 0.0084 0.2778
vn 0.4918 0.8152 0.3060
vn -0.4370 -0.6805 -0.5882
vn -0.9366 0.2053 -0.2839
vn -0.1001 -0.8097 0.5782
vn -0.1313 -0.2993 0.9451
vn 0.6758 -0.7140 0.1833
vn -0.8803 -0.2345 0.4125
vn -0.0411 0.7752 0.6304
vn 0.0020 -0.7429 0.6694
vn 0.6581 0.6066 -0.4460
vn -0.1893 0.9639 0.1872
vn 0.0922 0.9633 -0.2519
vn -0.3846 0.0152 0.9230
vn 0.4978 0.4928 -0.7137
vn 0.8407 -0.4600 -0.2857
vn -0.3855 -0.1137 0.9157
vn -0.9679 0.1134 0.2242
vn -0.3533 -0.1432 -0.9245
vn 0.3500 -0.9190 -0.1813
vn 0.3298 0.0889 0.9398
vn -0.1848 0.9677 0.1716
vn -0.1051 -0.2473 -0.9632
vn 0.8321 -0.5514 -0.0600
vn -0.7008 0.0801 0.7088
vn -0.7638 -0.5326 -0.3646
vn -0.8926 0.3224 -0.3152
vn -0.7035 0.6488 -0.2901
vn -0.2505 0.0368 -0.9674
vn 0.2773 0.3240 -0.9045
vn -0.2174 0.9583 0.1856
vn -0.8013 0.2221 0.5555
vn 0.5920 -0.8059 0.0096
vn 0.2171 -0.9758 0.0273
vn 0.8049 0.5871 -0.0862
vn 0.5924 0.2453 -0.7674
vn 0.1902 -0.8628 0.4684
vn -0.8143 -0.5167 0.2646
vn 0.3226 0.1260 0.9381
vn 0.6915 0.5316 0.4891
vn -0.1025 0.4076 0.9074
vn -0.7882 0.6142 -0.0385
vn 0.7730 0.4876 -0.4060
vn -0.8164 0.0417 0.5759
vn 0.5266 -0.8491 -0.0411
vn 0.4468 -0.8605 0.2447
vn 0.6374 -0.4939 -0.5914
vn -0.3253 -0.4226 -0.8459
vn -0.0178 -0.6896 -0.7240
vn 0.5426 -0.1482 -0.8268
vn -0.2431 -0.9666 0.0805
vn 0.7517 0.6316 -0.1898
vn 0.7501 0.4140 -0.5157
vn -0.2212 0.4142 -0.8829
vn 0.9115 0.2187 -0.3482
vn -0.1855 -0.8880 0.4207
vn -0.1401 0.9825 0.1230
vn 0.8853 0.4640 -0.0293
vn -0.8132 0.5425 -0.2108
vn 0.9716 0.2363 0.0154
vn -0.6801 0.7069 0.1942
vn -0.2101 0.2427 -0.9471
vn 0.2719 -0.9587 -0.0837
vn 0.7910 -0.0288 -0.6112
vn 0.6722 0.5489 -0.4968
vn 0.0378 -0.6070 -0.7938
vn -0.5781 0.7436 -0.3360
vn -0.1321 0.8278 -0.5453
vn -0.1079 0.9864 -0.1241
vn 0.5250 -0.8289 0.1929
vn 0.2727 0.9592 -0.0753
vn -0.5334 0.6361 0.5575
vn -0.4162 0.9085 0.0367
vn -0.7245 0.4711 -0.5031
vn 0.4806 0.8494 -0.2179
vn -0.3499 -0.6149 0.7067
vn 0.4784 -0.6353 -0.6062
vn 0.8425 0.3995 -0.3614
vn -0.8708 -0.2415 0.4282
vn 0.1186 0.6372 0.7615
vn 0.0769 -0.9736 0.2149
vn 0.0471 0.8273 0.5597
vn 0.8843 -0.2666 0.3832
vn -0.2533 -0.9602 0.1177
vn 0.8370 -0.5470 0.0159
vn -0.4543 -0.4272 0.7817
vn 0.9739 0.0832 0.2112
vn 0.5398 -0.3106 -0.7824
vn -0.4448 -0.8079 -0.3867
vn -0.0787 -0.8721 -0.4829
vn 0.4014 -0.7742 -0.4894
vn 0.7124 -0.5628 -0.4193
vn 0.5903 -0.8058 0.0480
vn -0.7303 0.3322 0.5969
vn 0.3161 0.9373 -0.1468
vn 0.7072 -0.0000 -0.7071
vn 0.3078 -0.1494 0.9396
vn 0.4707 0.8634 0.1814
vn 0.1334 0.4337 -0.8911
vn -0.7952 0.2879 0.5336
vn -0.9461 0.2744 0.1721
vn 0.9002 0.0634 0.4309
vn -0.6741 -0.1299 0.7271
vn -0.4053 0.1895 -0.8943
vn -0.0058 -0.1697 -0.9855
vn 0.4084 0.4936 -0.7679
vn 0.5897 0.7404 -0.3224
vn -0.2429 0.9649 -0.0998
vn 0.6010 0.7865 -0.1419
vn 0.9789 -0.0257 0.2028
vn 0.5427 -0.1482 -0.8268
vn 0.5061 0.8131 0.2876
vn 0.3863 -0.8153 0.4313
vn 0.0311 0.8959 -0.4432
vn -0.1618 0.1502 -0.9753
vn -0.5976 0.3438 -0.7243
vn 0.1325 0.7229 -0.6781
vn 0.5263 -0.4010 -0.7498
vn -0.0059 0.5312 0.8472
vn -0.5110 -0.8385 -0.1890
vn 0.4577 0.2728 0.8462
vn -0.6822 0.1041 0.7237
vn 0.7158 0.0461 0.6968
vn -0.6672 0.4083 0.6230
vn 0.1899 -0.8628 0.4685
vn 0.4122 -0.4311 0.8026
vn -0.4977 -0.6456 0.5792
vn -0.6598 -0.2937 0.6917
vn -0.3364 -0.4963 -0.8003
vn 0.1597 -0.5529 -0.8178
vn -0.2804 0.9013 -0.3301
vn 0.3276 0.8408 0.4309
vn 0.7923 -0.5970 0.1261
vn -0.0250 0.9918 0.1255
vn -0.5393 0.8037 0.2516
vn -0.7969 0.2603 -0.5452
vn -0.4014 0.7445 -0.5335
vn 0.8578 0.2725 0.4358
vn -0.3855 0.9203 -0.0661
vn -0.8455 0.3329 -0.4175
vn 0.2889 -0.9071 0.3062
vn 0.7018 0.6778 -0.2191
vn -0.0961 0.8626 0.4967
vn 0.1632 -0.5579 0.8137
vn -0.8239 0.4429 -0.3536
vn 0.0527 -0.6095 -0.7910
vn 0.6460 0.5856 0.4897
vn 0.3161 0.9373 -0.1467
vn 0.7072 -0.0000 -0.7070
vn 0.3430 0.4865 0.8035
vn -0.9426 0.1895 -0.2748
vn -0.0315 -0.6801 -0.7325
vn 0.5666 -0.3160 -0.7610
vn 0.5878 -0.8069 0.0581
vn 0.4270 0.8391 0.3371
vn 0.0815 -0.9327 -0.3513
vn 0.3393 -0.8907 0.3026
vn -0.0264 -0.9360 0.3511
vn 0.0053 -0.9989 -0.0471
vn -0.1167 -0.9192 -0.3762
vn 0.6260 -0.5978 -0.5008
vn -0.3365 0.7456 0.5752
vn -0.1616 0.9676 -0.1940
vn -0.0106 0.9854 0.1700
vn 0.5121 0.8208 -0.2531
vn -0.2673 -0.1179 0.9564
vn -0.1746 0.9643 0.1991
vn 0.7903 0.2312 0.5675
vn -0.7781 0.3947 0.4887
vn 0.6031 -0.7498 0.2720
vn -0.1311 -0.9087 0.3964
vn 0.3612 -0.9238 -0.1268
vn -0.7297 -0.3681 -0.5762
vn -0.6387 0.2599 -0.7243
vn -0.2006 0.4884 -0.8493
vn 0.5672 0.6584 0.4948
vn 0.1903 -0.8628 0.4684
vn 0.7922 -0.5939 0.1405
vn -0.2992 0.8775 0.3749
vn -0.4183 0.8255 0.3789
vn -0.1898 -0.8931 0.4079
vn 0.2182 0.9491 -0.2271
vn 0.7513 -0.4674 0.4659
vn 0.9240 0.2822 0.2579
vn -0.9710 -0.1657 0.1721
vn 0.7078 -0.2398 -0.6645
vn -0.6505 -0.6630 0.3705
vn 0.2057 -0.7342 -0.6471
vn 0.0197 0.9950 -0.0983
vn 0.1753 0.9582 0.2262
vn 0.7701 0.6131 0.1762
vn -0.2572 -0.9088 0.3286
vn 0.1167 0.2928 0.9490
vn -0.0000 0.2426 -0.9701
vn 0.7213 -0.6611 0.2065
vn -0.4360 -0.8255 0.3585
vn -0.6403 -0.5517 -0.5345
vn -0.0247 -0.9927 0.1183
vn -0.2198 -0.8753 0.4308
vn 0.4682 -0.8258 -0.3145
vn -0.1765 -0.7038 0.6881
vn -0.5258 -0.5114 0.6797
vn -0.7751 -0.5322 -0.3406
vn -0.0428 -0.8863 0.4611
vn 0.9027 -0.1681 0.3961
vn -0.3230 0.3373 -0.8842
vn 0.3328 -0.9387 -0.0902
vn -0.8580 0.1488 0.4916
vn 0.6227 -0.6684 -0.4067
vn 0.7769 0.5477 -0.3107
vn 0.1947 0.9634 -0.1843
vn -0.8248 0.1498 -0.5452
vn -0.1026 0.4239 0.8999
vn 0.4652 0.4979 0.7319
vn -0.6096 -0.1392 0.7804
vn 0.4818 -0.7141 -0.5078
vn 0.0992 0.9217 0.3749
vn -0.2543 -0.6171 0.7447
vn -0.6374 0.5590 -0.5303
vn -0.6372 0.0165 0.7705
vn -0.0512 -0.7335 0.6778
vn -0.7709 0.5599 -0.3037
vn 0.6018 0.1341 -0.7873
vn -0.1185 0.9335 0.3385
vn -0.8909 -0.2957 0.3447
vn -0.7417 0.6383 -0.2061
vn -0.3560 -0.0627 0.9324
vn -0.8553 -0.1622 0.4921
vn -0.2537 -0.5327 0.8074
vn 0.8351 0.5324 -0.1386
vn 0.4794 0.3791 0.7915
vn 0.4198 -0.8614 -0.2859
vn -0.7123 0.0058 0.7019
vn -0.1152 -0.7630 -0.6361
vn -0.8138 0.5810 -0.0118
vn 0.2929 -0.8453 -0.4468
vn 0.9782 -0.2074 -0.0114
vn -0.9502 0.3080 0.0470
vn -0.3557 -0.9214 -0.1565
vn -0.5468 0.7985 -0.2519
vn 0.4232 0.8555 0.2983
vn -0.5216 0.7863 -0.3312
vn -0.5063 -0.5099 0.6954
vn -0.3593 0.8019 0.4774
vn 0.4591 0.4231 0.7811
vn -0.6887 -0.1291 -0.7135
vn 0.4647 0.8744 -0.1398
vn 0.7000 0.4774 0.5312
vn 0.2629 -0.9395 0.2196
vn 0.7612 0.0433 -0.6471
vn -0.9261 0.3772 -0.0035
vn 0.9246 -0.2776 -0.2609
vn 0.1520 -0.8120 0.5635
vn -0.0512 -0.7336 0.6777
vn -0.4507 0.5986 -0.6623
vn 0.2550 -0.6949 -0.6723
vn -0.1143 0.8985 -0.4239
vn -0.2305 -0.3656 -0.9018
vn 0.1262 0.9414 -0.3128
vn 0.4367 0.8497 0.2954
vn -0.2069 0.9731 0.1011
vn -0.8165 0.1276 0.5630
vn 0.4056 0.9099 0.0872
vn 0.0565 -0.9967 -0.0575
vn -0.1586 -0.3663 0.9169
vn -0.0178 -0.6900 -0.7236
vn 0.7071 -0.0000 -0.7071
vn 0.3078 -0.1493 0.9397
vn 0.4674 0.1689 -0.8677
vn 0.4131 -0.8799 0.2349
vn 0.0815 0.6424 -0.7620
vn -0.4508 0.5986 -0.6621
vn 0.0510 -0.7795 -0.6243
vn 0.6411 -0.7576 0.1226
vn 0.0262 -0.5926 0.8051
vn -0.4269 -0.7591 0.4914
vn -0.7631 0.6419 0.0755
vn 0.3465 0.2906 -0.8919
vn -0.7108 0.6933 0.1186
vn 0.7066 0.1511 0.6913
vn 0.4416 0.2528 0.8608
vn 0.7537 0.5846 0.3004
vn -0.4509 0.5986 -0.6621
vn -0.3547 0.1029 -0.9293
vn -0.6861 -0.0861 0.7224
vn 0.7741 -0.5883 0.2340
vn 0.6992 -0.6136 -0.3670
vn 0.9019 0.1564 0.4027
vn 0.7748 0.0075 0.6322
vn 0.7990 0.3832 0.4634
vn 0.0145 -0.1245 0.9921
vn -0.7581 0.6329 0.1573
vn -0.5099 0.1864 0.8398
vn -0.2385 0.9709 0.0206
vn 0.5769 0.5090 -0.6388
vn 0.4347 -0.2087 -0.8760
vn -0.2936 0.8078 0.5112
vn 0.8143 0.5344 -0.2265
vn 0.2510 -0.3438 0.9049
vn -0.0387 0.3748 -0.9263
vn -0.7298 -0.3600 -0.5812
vn 0.6345 -0.0514 -0.7712
vn -0.4730 -0.7429 -0.4738
vn 0.9209 -0.1699 0.3507
vn -0.7835 -0.2445 -0.5712
vn -0.1405 -0.7287 -0.6703
vn 0.8089 -0.5052 -0.3007
vn -0.9288 0.2646 -0.2593
vn -0.0542 -0.9742 -0.2191
vn 0.2981 -0.3197 -0.8994
vn -0.9246 -0.2071 -0.3197
vn -0.0416 0.9720 -0.2313
vn 0.2739 0.8423 -0.4642
vn -0.9115 -0.3868 -0.1399
vn 0.7672 -0.6313 0.1135
vn 0.7522 -0.1322 0.6456
vn 0.0048 0.9839 0.1788
vn 0.0045 0.7217 0.6922
vn 0.0828 -0.9546 0.2861
vn 0.6081 -0.7919 -0.0555
vn 0.3638 -0.6303 -0.6858
vn 0.8273 0.5590 -0.0556
vn 0.7078 0.4472 -0.5468
vn 0.3853 0.9196 0.0766
vn 0.8309 0.3019 0.4674
vn -0.6842 0.7267 -0.0617
vn 0.2665 0.2429 0.9327
vn 0.5452 0.5351 -0.6453
vn -0.4017 0.8151 -0.4174
vn 0.6627 -0.6405 -0.3880
vn 0.1215 0.9900 -0.0715
vn -0.2134 0.9478 0.2370
vn 0.0374 -0.8542 0.5187
vn -0.4527 0.3922 0.8008
vn -0.1066 -0.9018 -0.4189
vn 0.1134 -0.9789 -0.1702
vn -0.2184 -0.5094 -0.8324
vn -0.7016 0.6136 0.3622
vn -0.2677 -0.9624 -0.0457
vn -0.3632 -0.8993 0.2438
vn 0.6364 -0.4649 -0.6155
vn 0.9220 0.3734 0.1028
vn -0.4027 0.6402 0.6542
vn -0.9623 0.1526 -0.2251
vn -0.1214 0.9926 0.0041
vn -0.9454 0.2284 0.2324
vn -0.8526 -0.1296 -0.5063
vn 0.2768 -0.9590 -0.0605
vn -0.4501 -0.6597 0.6018
vn -0.5832 0.1631 0.7958
vn -0.9364 -0.0758 -0.3427
vn -0.7386 -0.4843 0.4690
vn -0.4498 0.0723 0.8902
vn -0.7265 -0.6824 0.0802
vn 0.3840 0.6979 -0.6046
vn -0.1498 -0.9855 0.0798
vn 0.3200 0.9390 -0.1258
vn 0.2658 -0.1886 0.9454
vn -0.0142 0.9808 -0.1943
vn -0.4276 -0.2078 0.8798
vn 0.3576 -0.5866 -0.7267
vn 0.3359 -0.9344 0.1191
vn 0.2416 -0.9681 0.0667
vn 0.9769 0.1873 -0.1029
vn -0.9064 0.3724 -0.1992
vn -0.4676 0.1189 -0.8759
vn -0.4383 0.1276 0.8897
vn -0.0160 -0.9977 0.0662
vn -0.0124 -0.9949 -0.1005
vn -0.0898 -0.9406 -0.3275
vn -0.5318 0.1078 -0.8400
vn 0.1001 -0.7192 0.6875
vn -0.9543 0.1299 0.2690
vn -0.7048 0.6362 0.3138
vn -0.3628 0.7949 0.4863
vn -0.9115 0.0220 -0.4106
vn 0.3805 0.9233 -0.0515
vn 0.0690 0.9965 0.0471
vn -0.3969 0.9059 -0.1479
vn 0.7145 -0.5288 -0.4582
vn 0.6998 0.4129 0.5829
vn 0.5583 -0.1746 -0.8110
vn 0.3138 -0.6181 0.7208
vn -0.5346 0.4645 -0.7060
vn 0.0494 -0.9976 0.0480
vn -0.9578 -0.1151 0.2632
vn -0.8613 0.5077 0.0206
vn 0.0325 -0.9880 -0.1512
vn -0.2684 0.8578 0.4383
vn 0.7111 0.6293 0.3135
vn -0.0681 0.9756 -0.2087
vn -0.4311 0.4902 -0.7575
vn 0.0255 -0.9992 0.0293
vn -0.8026 0.5788 0.1444
vn -0.8880 0.4347 -0.1501
vn -0.4758 0.4667 -0.7455
vn 0.9447 -0.3233 0.0551
vn -0.7472 0.6377 -0.1869
vn -0.8699 -0.4747 -0.1337
vn 0.0814 -0.7893 0.6086
vn 0.8789 -0.0500 -0.4743
vn 0.6603 0.4498 -0.6014
vn 0.2936 0.6484 -0.7025
vn 0.9439 0.3042 0.1286
vn -0.1973 -0.9409 0.2752
vn 0.7504 -0.0005 0.6609
vn -0.6169 -0.7320 0.2890
vn -0.5754 -0.6080 -0.5471
vn -0.3856 0.9120 -0.1398
vn -0.6787 -0.0863 -0.7293
vn 0.2331 0.8996 0.3694
vn -0.5395 -0.8050 -0.2468
vn -0.1585 -0.8479 -0.5058
vn -0.7193 -0.5700 0.3971
vn -0.7476 0.5780 -0.3271
vn -0.3484 0.1107 -0.9308
vn -0.1530 -0.8041 -0.5745
vn -0.2365 -0.8445 0.4804
vn 0.9842 0.1622 -0.0712
vn 0.8375 0.5297 -0.1340
vn 0.4812 0.7798 0.4004
vn -0.2787 0.7323 0.6213
vn 0.3684 0.7516 0.5472
vn 0.9033 -0.4285 -0.0194
vn 0.8877 0.4108 0.2081
vn 0.6454 0.6585 0.3872
vn -0.1964 0.9758 -0.0958
vn 0.2881 0.8233 0.4890
vn -0.3604 -0.7662 -0.5321
vn -0.2594 -0.8133 -0.5209
vn 0.1318 -0.7123 -0.6894
vn 0.6294 0.6906 -0.3563
vn -0.1341 0.9134 0.3844
vn 0.3757 -0.6371 0.6730
vn 0.0501 0.8786 -0.4750
vn -0.0354 -0.9864 0.1602
vn 0.2853 -0.8237 0.4901
vn 0.6804 0.3090 -0.6645
vn -0.3168 0.4872 -0.8138
vn -0.8875 0.1765 -0.4257
vn -0.6564 0.6251 -0.4223
vn -0.9678 -0.0679 -0.2424
vn -0.5028 0.0114 -0.8643
vn 0.4518 -0.5321 -0.7161
vn -0.1300 -0.8505 -0.5097
vn -0.1512 -0.9658 0.2106
vn 0.2410 -0.9673 0.0796
vn 0.3932 0.7186 -0.5737
vn 0.4205 0.9032 -0.0859
vn 0.6541 -0.7066 -0.2700
vn 0.3840 -0.4608 -0.8001
vn 0.2390 -0.9098 0.3393
vn -0.2444 0.8183 0.5202
vn 0.6185 0.7689 -0.1619
vn -0.1400 0.8172 0.5591
vn -0.1444 -0.8462 0.5129
vn -0.6777 0.6135 -0.4054
vn -0.6265 0.2052 0.7519
vn 0.9890 -0.1246 -0.0803
vn 0.1135 -0.9578 0.2640
vn 0.6422 0.1862 -0.7436
vn 0.9858 0.1034 -0.1325
vn -0.4483 0.8939 0.0013
vn -0.1819 -0.0741 -0.9805
vn -0.9046 -0.3459 -0.2490
vn 0.1326 0.4085 0.9031
vn -0.5184 0.8412 0.1539
vn -0.5989 -0.7966 -0.0819
vn -0.9752 0.2051 -0.0839
vn -0.2491 -0.9278 -0.2779
vn 0.0573 -0.9982 0.0168
vn 0.6950 0.7120 0.0998
vn 0.1994 0.9790 0.0430
vn 0.5568 0.6029 0.5714
vn -0.1115 0.7459 0.6566
vn -0.0444 0.8714 -0.4886
vn 0.4180 -0.8781 -0.2329
vn 0.2067 -0.1817 -0.9614
vn -0.1692 -0.6354 0.7534
vn 0.1367 0.7128 0.6880
vn -0.3872 0.7190 0.5771
vn 0.3045 0.9499 0.0700
vn 0.8049 0.5931 0.0190
vn 0.0949 0.9840 -0.1506
vn -0.2958 -0.5090 -0.8083
vn -0.3825 0.3894 -0.8379
vn 0.4282 0.8782 -0.2128
vn -0.2984 0.2524 -0.9205
vn 0.9298 -0.3654 0.0449
vn -0.4654 -0.5719 0.6755
vn 0.6174 -0.7674 0.1730
vn 0.1374 -0.9380 0.3182
vn 0.5827 0.7519 -0.3084
vn 0.4115 -0.2292 -0.8821
vn 0.5362 0.0796 -0.8403
vn 0.8713 -0.2947 -0.3924
vn 0.5879 0.8089 0.0111
vn 0.4752 0.8797 -0.0186
vn 0.5387 0.6027 0.5888
vn 0.3825 0.8500 -0.3622
vn -0.8963 0.4418 -0.0366
vn 0.6792 0.3500 -0.6451
vn -0.0538 0.9935 0.1001
vn -0.3666 0.8811 0.2988
vn 0.2533 -0.9645 0.0752
vn 0.4034 -0.8442 -0.3529
vn 0.1732 0.9186 0.3551
vn 0.5899 -0.6414 0.4905
vn 0.5838 -0.7583 -0.2901
vn -0.5929 0.1141 0.7972
vn 0.1584 -0.9679 0.1954
vn 0.7428 0.5134 -0.4298
vn -0.2213 0.8149 0.5357
vn -0.3927 0.9192 0.0286
vn -0.2939 -0.4301 -0.8536
vn 0.1709 0.7761 -0.6070
vn -0.0338 -0.9539 -0.2982
vn -0.5385 -0.6742 0.5055
vn -0.2906 -0.6111 -0.7363
vn -0.0493 0.8384 0.5428
vn -0.3595 0.9204 -0.1537
vn -0.0002 -1.0000 -0.0000
vn 0.1662 -0.3244 0.9312
vn 0.1584 -0.9679 0.1953
vn 0.2572 -0.9164 0.3068
vn -0.2789 0.7813 0.5584
vn -0.3489 0.4665 0.8128
vn 0.9170 0.0676 -0.3931
vn 0.8327 0.5524 0.0370
vn 0.2041 0.8886 0.4108
vn 0.8339 0.5214 -0.1811
vn -0.4204 0.2088 -0.8830
vn 0.6892 0.1322 -0.7124
vn 0.8861 0.2111 -0.4127
vn 0.4724 -0.4445 0.7611
vn -0.0277 -0.9631 -0.2677
vn 0.1153 -0.5944 -0.7959
vn -0.2843 -0.7992 0.5296
vn -0.7177 -0.4962 -0.4885
vn 0.0569 0.9429 -0.3282
vn -0.6997 -0.5423 0.4650
vn -0.7475 0.5780 -0.3273
vn -0.9518 0.1169 -0.2835
vn 0.4006 -0.6835 -0.6102
vn -0.9816 -0.1804 0.0619
vn -0.1420 0.4817 0.8648
vn -0.8361 0.4866 -0.2532
vn -0.0535 -0.7890 0.6121
vn 0.8603 0.4766 -0.1809
vn -0.9956 0.0920 0.0183
vn -0.7526 0.1249 -0.6466
vn -0.3376 0.9399 0.0514
vn -0.5583 -0.7849 -0.2686
vn 0.7220 0.6902 -0.0485
vn -0.9796 -0.1005 -0.1739
vn 0.5875 -0.5139 0.6251
vn -0.2762 -0.7760 0.5670
vn 0.9805 -0.0031 0.1963
vn -0.9313 -0.1181 -0.3445
vn 0.1462 -0.9831 -0.1099
vn 0.6888 -0.6079 0.3950
vn 0.2657 -0.9588 0.1005
vn -0.5946 0.7365 -0.3226
vn 0.4773 0.8786 -0.0174
vn 0.2801 -0.2141 0.9358
vn -0.7476 0.5780 -0.3272
vn -0.3936 0.7646 -0.5104
vn -0.4290 0.8304 0.3555
vn -0.9528 0.3002 0.0462
vn 0.0272 0.9869 0.1591
vn -0.3544 0.8242 -0.4417
vn -0.7935 0.5642 0.2279
vn 0.0744 0.9969 -0.0260
vn 0.6730 0.6786 -0.2941
vn 0.7488 -0.5504 -0.3692
vn 0.1022 0.0635 0.9927
vn 0.8990 -0.0449 0.4356
vn -0.3773 -0.7971 0.4714
vn -0.9657 -0.1720 0.1945
vn -0.9522 -0.1077 0.2857
vn -0.3992 0.2505 0.8820
vn 0.0779 0.9911 0.1080
vn 0.3896 0.8187 0.4218
vn -0.0255 0.7289 0.6841
vn 0.4387 -0.8799 0.1827
vn -0.6910 0.7196 0.0682
vn -0.7864 -0.2680 -0.5565
vn 0.1739 -0.9659 -0.1919
vn 0.5442 -0.8382 -0.0362
vn 0.3659 0.6715 0.6444
vn 0.9783 0.1762 -0.1087
vn 0.7222 -0.3601 -0.5905
vn 0.0031 -0.9970 -0.0769
vn -0.6272 -0.7549 0.1916
vn 0.0540 0.9201 0.3880
vn 0.9673 0.2485 -0.0502
vn 0.5463 -0.8372 0.0238
vn 0.2619 0.6321 0.7293
vn 0.2069 0.5523 0.8076
vn -0.5505 -0.3990 0.7333
vn -1.0000 0.0001 -0.0000
vn 0.9269 -0.2837 0.2456
vn 1.0000 -0.0000 -0.0000
vn -0.9157 0.3543 0.1897
vn -0.5505 -0.3989 0.7333
vn -0.4543 -0.8790 0.1448
vn 0.5307 0.6651 -0.5254
vn 0.0401 -0.9887 -0.1448
vn -0.3025 -0.1784 -0.9363
vn -0.6272 0.7407 0.2407
vn 0.8825 0.1959 0.4276
vn -0.8961 0.0693 0.4384
vn -0.2788 -0.1197 -0.9529
vn -0.9778 0.1523 -0.1436
vn 0.7813 -0.2174 -0.5851
vn 0.6368 -0.6458 -0.4213
vn -0.3728 -0.9069 0.1966
vn 0.1453 0.9444 0.2949
vn 0.1930 -0.6847 0.7028
vn -0.4485 0.0323 -0.8932
vn 0.5870 0.7982 0.1351
vn 0.4188 -0.0735 0.9051
vn 0.7774 -0.5259 0.3451
vn 0.0711 -0.9812 0.1794
vn 0.4078 -0.9062 -0.1121
vn -0.8272 0.5357 -0.1696
vn 0.3344 -0.6375 -0.6941
vn 0.9754 -0.2019 -0.0887
vn 0.1197 0.8284 0.5472
vn 0.2241 0.6520 -0.7244
vn -0.9948 -0.0166 -0.1010
vn 0.8224 -0.0117 -0.5688
vn 0.7599 0.2126 -0.6143
vn -1.0000 -0.0000 -0.0000
vn -0.3217 0.9156 0.2411
vn -0.0732 0.2783 -0.9577
vn 0.6488 -0.7167 -0.2557
vn -0.1187 -0.9929 -0.0019
vn 0.9687 -0.1854 0.1648
vn 0.2126 -0.9186 0.3333
vn 0.2757 0.6152 0.7386
vn 0.4992 -0.8648 0.0549
vn 0.1678 -0.2850 0.9437
vn 0.5236 -0.4935 0.6945
vn 0.1052 -0.9845 0.1402
vn -0.4194 0.8925 0.1661
vn -0.0305 0.5668 0.8233
vn -0.1803 0.9656 -0.1876
vn -0.9768 -0.1981 0.0819
vn -0.1424 -0.1795 -0.9734
vn 0.9580 -0.2633 -0.1139
vn -0.8969 -0.1850 -0.4018
vn 1.0000 -0.0001 -0.0000
vn -0.2143 -0.9719 0.0973
vn -0.8645 -0.1883 -0.4660
vn -0.8231 -0.5646 -0.0615
vn 0.8760 -0.2396 -0.4186
vn -0.5150 0.3130 -0.7980
vn -0.4621 0.4592 -0.7587
vn -0.5776 -0.8158 -0.0295
vn -0.1630 -0.8059 0.5691
vn -0.4603 0.4819 0.7456
vn 0.7653 0.0301 -0.6430
vn -0.9279 -0.3603 0.0956
vn 0.6222 0.6057 -0.4960
vn -0.5223 0.8119 0.2607
vn 0.8780 0.4738 0.0682
vn -0.5197 0.8132 -0.2620
vn 0.0517 -0.9927 0.1090
vn -0.6453 -0.7432 0.1769
vn 0.9076 -0.2204 -0.3574
vn -0.9825 -0.0120 -0.1857
vn -0.6388 0.2765 0.7179
vn -0.6550 -0.4103 0.6345
vn 0.3168 -0.1320 -0.9393
vn 0.1220 0.1660 -0.9786
vn 0.3094 0.2644 -0.9134
vn -0.8342 0.3118 -0.4548
vn -0.3657 -0.5701 -0.7357
vn -0.0023 -0.7711 -0.6367
vn -0.0000 -1.0000 -0.0001
vn -0.2265 -0.9646 0.1351
vn 0.6386 0.3721 0.6736
vn 0.3063 -0.4527 -0.8374
vn 0.6586 0.7163 0.2304
vn 0.2366 0.2793 0.9306
vn 0.5593 0.3867 -0.7332
vn -0.1096 0.7849 -0.6098
vn -0.3701 -0.8163 0.4435
vn -0.6664 0.6434 0.3768
vn -0.2665 0.9008 0.3428
vn 0.1234 0.0610 -0.9905
vn -0.1255 0.1110 -0.9859
vn 0.4310 -0.1102 -0.8956
vn 0.0785 -0.8011 -0.5933
vn -0.0594 0.0167 -0.9981
vn 0.9395 -0.3422 0.0155
vn 0.0904 -0.4649 0.8807
vn 0.5164 0.7367 0.4365
vn -0.7313 0.4064 -0.5478
vn -0.4853 -0.1827 -0.8550
vn -0.0033 -0.9595 0.2818
vn -0.9983 -0.0571 0.0128
vn -0.7849 -0.2309 -0.5750
vn -0.7503 0.3564 0.5568
vn -0.3682 0.8456 0.3866
vn 0.7833 -0.0642 0.6184
vn -0.1739 0.2037 -0.9635
vn 0.3776 -0.0776 -0.9227
vn -0.0902 -0.9958 0.0138
vn 0.3141 -0.9434 -0.1068
vn -0.3729 0.8444 0.3846
vn 0.3727 0.9188 0.1299
vn -0.9385 0.3312 -0.0973
vn -0.1433 0.0538 0.9882
vn 0.7999 -0.2015 -0.5653
vn 0.8685 -0.0100 -0.4955
vn 0.3707 -0.3046 -0.8774
vn 0.4074 -0.6467 -0.6449
vn -0.4522 0.0817 -0.8882
vn 0.5993 -0.7724 0.2105
vn 0.5527 -0.8204 0.1468
vn -0.5941 0.8041 -0.0238
vn -0.5427 0.7769 0.3192
vn -0.6421 0.5555 0.5283
vn 0.6581 0.7173 0.2289
vn 0.7631 -0.6423 0.0713
vn -0.4701 0.4370 0.7668
vn 0.8669 -0.4673 0.1736
vn 0.8819 -0.4524 -0.1328
vn 0.0896 -0.8311 -0.5488
vn -0.7787 0.4909 -0.3906
vn -0.7172 0.5230 -0.4604
vn 0.1314 0.7044 -0.6975
vn 0.5570 -0.8107 0.1804
vn -0.9183 -0.1679 -0.3585
vn 0.3843 -0.7336 0.5605
vn 0.0067 -0.6049 -0.7963
vn 0.5850 0.8101 0.0390
vn -0.5785 -0.5613 0.5918
vn -0.2264 -0.9646 0.1351
vn -0.0946 -0.9866 0.1327
vn 0.9081 -0.0233 0.4180
vn 0.7987 0.4241 -0.4268
vn 0.8059 -0.3177 0.4997
vn -0.1258 -0.2544 0.9589
vn 0.6575 0.7500 0.0714
vn -0.5082 -0.6814 -0.5267
vn -0.5054 0.7554 -0.4171
vn -0.5409 0.7383 -0.4029
vn -0.3535 -0.8476 -0.3957
vn -0.2771 -0.9565 -0.0910
vn 0.9590 -0.2565 0.1204
vn -0.2115 0.9709 0.1125
vn 0.8819 0.4706 -0.0283
vn 0.0343 0.2642 -0.9639
vn -0.2938 -0.7213 0.6273
vn -0.8468 0.2996 -0.4396
vn 0.1165 -0.9880 0.1016
vn 0.0022 -0.7274 -0.6862
vn 0.9318 0.2719 0.2404
vn 0.7556 0.2978 0.5835
vn -0.1956 0.7611 0.6184
vn -0.8639 -0.4619 0.2008
vn 0.1549 0.9710 -0.1819
vn -0.4596 0.8407 0.2864
vn -0.9979 0.0149 -0.0627
vn -0.5370 0.8417 -0.0561
vn -0.1102 -0.9590 -0.2612
vn 0.6427 -0.3005 -0.7048
vn -0.0746 0.9941 0.0783
vn -0.3800 0.9248 0.0162
vn 0.6666 0.7452 -0.0198
vn 0.7343 0.0882 -0.6730
vn -0.2035 0.8671 -0.4546
vn 0.7887 -0.5765 0.2136
vn -0.0252 -0.9342 0.3558
vn 0.2059 0.9756 0.0760
vn -0.5091 0.7299 -0.4562
vn -0.7703 0.6349 -0.0593
vn -0.2264 -0.9646 0.1352
vn -0.2447 -0.9151 0.3204
vn -0.5396 0.5953 0.5954
vn -0.2446 -0.8922 -0.3797
vn 0.1774 -0.9794 0.0967
vn 0.1767 0.7366 0.6528
vn -0.4741 -0.8804 -0.0138
vn 0.8946 -0.3221 -0.3096
vn 0.8438 -0.1407 -0.5179
vn 0.7802 0.3124 -0.5419
vn 0.9332 -0.3311 0.1397
vn -0.9249 -0.3801 0.0030
vn -0.6199 -0.3488 -0.7029
vn 0.0377 0.3401 -0.9396
vn -0.0143 -0.9998 -0.0151
vn 0.7553 -0.2105 -0.6206
vn 0.1125 -0.9857 0.1255
vn -0.2058 -0.4978 -0.8425
vn -0.4312 0.8934 -0.1262
vn -0.9670 -0.2546 -0.0010
vn 0.7974 0.4205 -0.4329
vn -0.4914 -0.1466 -0.8585
vn -0.6821 0.7313 0.0063
vn -0.2402 0.8412 -0.4844
vn 0.3613 0.5165 -0.7764
vn 0.2383 -0.9506 0.1990
vn 0.4934 -0.2184 -0.8419
vn 0.8645 0.2351 -0.4443
vn -0.9936 0.1063 0.0369
vn -0.0692 0.8658 0.4955
vn 0.8945 0.4470 -0.0000
vn 0.5067 0.6305 0.5880
vn 0.2097 -0.7780 -0.5923
vn -0.6037 -0.7407 0.2949
vn -0.4418 -0.8429 -0.3073
vn 0.2319 -0.7321 -0.6405
vn -0.4763 0.7011 -0.5307
vn 0.0056 0.6788 0.7343
vn 0.3349 -0.9360 -0.1084
vn -0.1325 -0.9798 -0.1501
vn 0.4362 -0.7106 0.5521
vn 0.1540 -0.8489 -0.5056
vn 0.8791 0.1405 -0.4555
vn 0.2505 0.4724 -0.8451
vn -0.3575 0.8593 -0.3658
vn 0.7182 -0.6363 -0.2816
vn 0.1419 -0.9439 -0.2980
vn 0.3453 -0.9039 -0.2525
vn 0.4348 -0.3989 0.8074
vn 0.0949 -0.9839 0.1514
vn 0.0299 -0.9973 -0.0676
vn -0.5395 0.5954 0.5953
vn -0.0822 0.8503 0.5198
vn -0.9171 0.0983 -0.3863
vn -0.9597 -0.1406 -0.2432
vn 0.3276 -0.4220 0.8453
vn -0.6889 0.3857 -0.6137
vn -0.8445 0.4951 0.2042
vn 0.1282 0.9456 0.2989
vn 0.6000 0.4612 -0.6537
vn 0.6478 0.3157 -0.6933
vn -0.5592 -0.8170 0.1406
vn -0.0801 0.9515 0.2970
vn 0.2444 -0.8952 0.3727
vn 0.2796 -0.5023 -0.8183
vn 0.2384 -0.9674 -0.0848
vn 0.6173 0.4609 -0.6376
vn 0.3961 0.6638 -0.6344
vn 0.8944 0.4472 -0.0000
vn 0.4093 0.4901 0.7696
vn -0.0855 0.9374 -0.3376
vn -0.2945 -0.8259 0.4808
vn 0.0852 0.9944 0.0628
vn -0.0001 -0.4472 -0.8945
vn -0.6035 0.7004 -0.3812
vn -0.0000 -1.0000 -0.0000
vn -0.4816 -0.1250 -0.8674
vn -0.7457 -0.0267 0.6657
vn 0.5029 -0.8008 -0.3254
vn 0.6230 0.7708 -0.1328
vn -0.7078 -0.0032 0.7064
vn 0.0908 0.9753 0.2014
vn 0.3978 0.8015 0.4465
vn 0.7680 0.1150 0.6301
vn 0.0044 -0.9748 0.2232
vn -0.0663 -0.9658 -0.2508
vn 0.6875 0.0177 -0.7260
vn -0.9252 0.3720 0.0746
vn -0.2887 0.9525 -0.0968
vn -0.5225 0.7373 -0.4283
vn 0.6407 0.5548 -0.5307
vn 0.6231 -0.5077 -0.5950
vn 0.6131 0.7849 -0.0898
vn -0.6605 -0.7493 0.0476
vn 0.2692 0.4981 0.8243
vn 0.6470 -0.5408 -0.5375
vn 0.9585 -0.2350 -0.1617
vn -0.9882 0.0599 0.1408
vn -0.7615 -0.5308 0.3721
vn 0.2510 0.3533 0.9012
vn 0.4735 -0.7053 -0.5276
vn 0.3537 0.8741 -0.3330
vn -0.0857 -0.8992 -0.4291
vn 0.7969 0.5917 -0.1220
vn 0.6414 -0.5988 -0.4796
vn -0.7712 -0.4805 0.4175
vn 0.7452 0.6614 -0.0848
vn 0.9331 0.3195 -0.1649
vn 0.3152 0.5040 0.8041
vn 0.0276 0.9972 0.0701
vn -0.0384 -0.9919 -0.1213
vn -0.1855 0.8964 0.4025
vn -0.2963 -0.6689 0.6818
vn 0.0729 -0.6769 -0.7325
vn 0.7221 -0.0524 0.6898
vn 0.3068 -0.7957 -0.5223
vn -0.6032 0.7004 -0.3814
vn 0.3742 -0.7818 0.4987
vn -0.2670 0.9636 0.0146
vn -0.6032 0.7004 -0.3815
vn 0.3743 -0.7818 0.4987
vn -0.0001 -0.4471 -0.8945
vn -0.8180 0.2463 0.5198
vn 0.6808 0.7323 0.0129
vn -0.1632 0.8903 -0.4251
vn 0.8108 0.3293 -0.4840
vn 0.0499 -0.9826 0.1789
vn -0.0856 -0.8992 -0.4291
vn -0.6357 -0.7640 0.1103
vn -0.6033 0.7003 -0.3815
vn -0.6251 0.1458 -0.7668
vn 0.3743 -0.7818 0.4986
vn 0.2233 -0.9391 -0.2611
vn 0.7579 -0.2536 -0.6011
vn 0.0001 -0.4474 -0.8943
vn 0.7005 -0.4982 0.5110
vn 0.7968 0.5917 -0.1221
vn -0.9076 0.1594 -0.3885
vn -0.4963 -0.7931 -0.3531
vn 0.1137 0.9809 0.1579
vn 0.8152 -0.2267 -0.5330
vn -0.4018 -0.7711 0.4939
vn 0.5234 -0.8044 -0.2809
vn 0.8220 0.2999 -0.4841
vn 0.3746 -0.8109 -0.4495
vn -0.8665 0.3823 0.3209
vn -0.2223 0.8868 0.4053
vn 0.4582 -0.7936 0.4004
vn -0.8656 0.0285 0.5000
vn 0.7974 0.5897 0.1281
vn -0.6822 0.6477 0.3392
vn -0.6357 0.1169 0.7630
vn -0.2862 0.9472 0.1443
vn 0.3531 -0.8476 0.3960
vn 0.7921 0.0781 -0.6054
vn 0.4272 -0.2692 0.8632
vn 0.2403 -0.9058 0.3490
vn -0.9533 -0.1581 -0.2574
vn 0.4922 -0.7319 -0.4713
vn 0.1772 0.0258 -0.9838
vn -0.8339 -0.1891 0.5185
vn 0.2497 -0.9648 0.0831
vn 0.6039 0.7549 0.2557
vn 0.5109 -0.7368 -0.4429
vn 0.2140 -0.9762 0.0355
vn 0.4236 0.7101 -0.5624
vn 0.4104 -0.2082 -0.8878
vn 0.5264 -0.0510 -0.8487
vn -0.8925 -0.0775 -0.4444
vn 0.3754 -0.2500 -0.8925
vn 0.4046 -0.8944 0.1905
vn -0.2311 -0.9344 -0.2712
vn -0.1149 -0.9305 -0.3478
vn 0.3317 -0.8757 -0.3508
vn -0.8132 0.0068 0.5820
vn -0.8284 0.3393 -0.4458
vn 0.6822 -0.0846 -0.7262
vn -0.8328 -0.2820 -0.4763
vn 0.4593 -0.5770 -0.6753
vn -0.6343 -0.7608 -0.1372
vn 0.3480 -0.4418 -0.8269
vn 0.6959 0.3266 0.6396
vn 0.0280 0.1759 -0.9840
vn -0.3118 -0.5725 -0.7583
vn -0.3774 0.9229 -0.0756
vn 0.8196 -0.5678 -0.0764
vn 0.2442 -0.9593 -0.1415
vn -0.5563 0.7705 -0.3112
vn 0.5243 -0.2063 0.8262
vn 0.0951 -0.9836 0.1530
vn -0.0994 0.9826 0.1566
vn 0.6470 -0.5409 -0.5374
vn 0.2596 0.9657 -0.0068
vn 0.4029 -0.2715 0.8741
vn -0.3422 0.6960 0.6313
vn -0.5703 0.7907 0.2228
vn 0.1325 -0.8914 0.4335
vn -0.1383 0.9900 0.0269
vn 0.2826 -0.6458 -0.7093
vn 0.6158 -0.4423 0.6521
vn 0.5494 -0.7645 -0.3373
vn -0.0974 -0.7784 -0.6202
vn 0.4367 -0.8541 -0.2825
vn -0.5464 -0.6925 0.4710
vn 0.0917 -0.9387 -0.3323
vn -0.9796 -0.0425 0.1964
vn 0.9481 -0.2442 -0.2038
vn -0.9593 0.2747 0.0654
vn -0.1409 -0.6784 0.7211
vn -0.6181 0.2697 0.7383
vn 0.6013 -0.7566 0.2567
vn 0.5871 0.7086 -0.3913
vn 0.6934 -0.7068 0.1402
vn -0.2375 0.9645 0.1151
vn 0.1087 0.9599 0.2584
vn -0.1216 -0.9823 -0.1424
vn -0.6190 -0.6837 -0.3866
vn 0.5256 -0.8483 -0.0645
vn -0.7191 0.6880 0.0982
vn -0.3668 -0.9238 0.1094
vn 0.2268 -0.6235 -0.7482
vn -0.6722 0.6764 0.3010
vn 0.6899 -0.6737 -0.2650
vn 0.3196 -0.5603 -0.7641
vn 0.8197 -0.5678 -0.0762
vn 0.3923 -0.9139 -0.1044
vn 0.3051 0.0531 -0.9509
vn 0.1022 -0.9931 -0.0582
vn 0.5587 -0.6036 -0.5687
vn -0.3180 0.9477 0.0272
vn 0.1995 -0.8069 -0.5560
vn 0.4222 0.3057 -0.8534
vn 0.3779 0.8348 0.4003
vn 0.5241 0.0747 0.8484
vn -0.2994 -0.8607 0.4119
vn 0.6886 0.3700 -0.6237
vn 0.5161 0.8513 0.0945
vn 0.0837 0.9650 -0.2486
vn 0.0333 -0.3301 -0.9434
vn -0.0119 0.9505 0.3106
vn -0.4465 0.1253 0.8860
vn -0.8593 -0.3920 -0.3285
vn -0.3747 0.1553 0.9140
vn -0.0051 -0.9996 0.0283
vn 0.8963 -0.0623 -0.4390
vn -0.9256 0.3127 0.2133
vn 0.4952 -0.8623 0.1058
vn 0.8928 0.3183 0.3186
vn -0.2560 0.9480 -0.1891
vn 0.7580 -0.6299 0.1695
vn 0.3175 -0.7915 0.5222
vn 0.1580 0.9703 0.1834
vn 0.2180 -0.9757 0.0202
vn 0.1114 -0.9598 -0.2576
vn -0.8453 -0.2333 0.4807
vn 0.5494 -0.2450 0.7988
vn -0.2831 0.5162 0.8083
vn -0.1238 -0.5919 0.7964
vn -0.0052 -0.9877 0.1562
vn 0.0900 -0.6748 0.7325
vn 0.2811 -0.8992 -0.3352
vn 0.1032 0.9095 0.4026
vn -0.8968 0.3911 0.2069
vn 0.9997 0.0111 0.0227
vn -0.4788 -0.4220 0.7698
vn -0.4752 -0.7182 -0.5084
vn 0.1216 0.8896 0.4402
vn -0.6380 0.3623 0.6795
vn 0.2843 0.9221 0.2623
vn 0.4562 0.8181 0.3502
vn -0.1176 -0.8699 -0.4790
vn 0.6268 -0.7527 0.2013
vn -0.8195 0.3654 0.4415
vn 0.4918 -0.7277 -0.4782
vn 0.5519 0.2796 0.7856
vn -0.0754 -0.9965 -0.0359
vn 0.2182 -0.9708 -0.0996
vn 0.9003 0.2606 -0.3485
vn 0.8742 0.4847 -0.0301
vn -0.9878 -0.1554 0.0066
vn 0.5423 -0.7489 0.3809
vn -0.2878 0.9381 0.1926
vn 0.1665 -0.9685 0.1851
vn 0.8527 -0.1173 -0.5090
vn -0.4754 -0.7182 -0.5082
vn 0.0147 -0.3237 0.9461
vn -0.9629 0.1402 -0.2306
vn 0.2722 0.9622 -0.0060
vn -0.6367 -0.7042 -0.3141
vn -0.1913 0.9815 -0.0004
vn 0.5142 -0.8571 0.0311
vn 0.9111 -0.0088 0.4120
vn -0.1142 0.9816 -0.1530
vn 0.8217 0.1250 -0.5560
vn -0.2504 0.0910 0.9639
vn 0.4802 0.8175 0.3178
vn 0.1554 -0.9607 0.2302
vn -0.3889 -0.5081 0.7685
vn -0.1096 0.9893 0.0961
vn 0.0062 -0.9276 0.3736
vn -0.4606 -0.6601 -0.5933
vn -0.0212 -0.9971 0.0728
vn -0.2786 -0.9385 0.2039
vn -0.8875 -0.3190 0.3326
vn -0.4752 -0.7182 -0.5083
vn -0.0074 -0.9943 0.1066
vn 0.2732 -0.9418 0.1960
vn -0.5284 -0.3579 0.7699
vn 0.1693 0.9773 -0.1275
vn -0.7394 0.6293 -0.2394
vn -0.2066 -0.8974 0.3898
vn 0.3756 -0.7447 -0.5517
vn -0.2514 0.9616 -0.1102
vn -0.0888 0.7900 -0.6067
vn -0.4872 -0.8719 -0.0496
vn -0.2079 -0.9255 -0.3167
vn 0.7403 -0.6036 -0.2960
vn 0.8281 -0.5302 -0.1818
vn -0.3249 -0.9415 0.0893
vn -0.2458 0.8169 0.5218
vn -0.1801 0.2188 0.9590
vn 0.6070 0.3982 0.6877
vn -0.1464 0.5592 0.8160
vn 0.9550 0.2866 0.0770
vn -0.4710 0.8821 0.0023
vn 0.3591 0.9330 -0.0223
vn -0.6904 0.6594 -0.2977
vn -0.7954 0.4312 0.4260
vn 0.6453 0.7394 0.1922
vn -0.2883 0.3088 0.9064
vn 0.7638 0.6447 -0.0305
vn 0.3917 0.7788 0.4898
vn 0.1811 0.9796 0.0872
vn 0.8568 -0.4503 -0.2513
vn 0.3344 -0.9336 0.1283
vn 0.0383 -0.9974 -0.0604
vn -0.0725 -0.0407 0.9965
vn 0.2792 0.5415 0.7930
vn -0.5378 0.4721 0.6985
vn 0.6639 -0.2160 -0.7160
vn -0.9974 -0.0089 0.0714
vn 0.4087 -0.8320 0.3751
vn -0.7901 0.0013 0.6130
vn -0.0001 -1.0000 -0.0000
vn 0.0740 -0.9963 -0.0442
vn 0.0497 -0.9850 0.1654
vn -0.6253 0.4461 0.6403
vn 0.1228 -0.4394 0.8899
vn 0.4811 -0.5231 0.7035
vn -0.0356 -0.9945 -0.0980
vn 0.9539 -0.0108 0.2999
vn -0.1898 -0.3487 0.9178
vn -0.6594 -0.1738 0.7314
vn 0.7217 -0.1053 0.6842
vn -0.5002 0.8515 0.1572
vn -0.2742 0.9251 0.2627
vn 0.7628 0.6428 0.0699
vn -0.9111 0.0293 0.4110
vn -0.6661 -0.7285 0.1599
vn 0.6690 -0.6238 0.4041
vn 0.6557 0.7524 0.0626
vn -0.9509 -0.3085 0.0252
vn -0.7569 -0.2823 -0.5895
vn -0.4495 0.7532 0.4802
vn -0.4250 -0.3159 0.8483
vn -0.5294 -0.4433 0.7233
vn 0.5845 0.5112 0.6301
vn 0.5677 -0.8064 -0.1656
vn -0.8069 0.1582 0.5692
vn -0.8870 -0.4550 0.0795
vn 0.1850 -0.9827 -0.0076
vn 0.3782 -0.9011 0.2119
vn 0.5905 -0.8037 -0.0737
vn 0.6378 -0.3615 0.6801
vn -0.2712 -0.8618 0.4286
vn 0.3239 -0.9167 0.2339
vn 0.4345 0.2218 0.8729
vn 0.3004 0.9323 0.2014
vn -0.1822 -0.9739 0.1353
vn -0.3334 -0.4113 0.8483
vn -0.6743 -0.3035 0.6732
vn -0.5145 0.8575 0.0005
vn 0.2139 0.7048 0.6764
vn 0.4100 -0.7263 0.5517
vn 0.5565 0.0990 0.8249
vn 0.4393 0.8393 -0.3202
vn 0.6965 0.5311 0.4825
vn 0.0157 0.7748 0.6320
vn 0.7226 -0.5975 0.3476
vn -0.3678 0.0696 0.9273
vn -0.6119 -0.5550 0.5635
vn -0.0971 0.4090 0.9074
vn 0.4128 0.3642 0.8348
vn -0.6180 -0.7284 0.2958
vn 0.7343 0.0397 0.6777
vn 0.3100 0.4022 0.8615
vn 0.6628 -0.1179 0.7395
vn -0.2760 0.9573 0.0858
vn 0.2253 0.7493 0.6227
vn -0.4197 0.0320 0.9071
vn 0.0970 -0.5510 0.8289
vn -0.6085 0.0406 0.7925
vn -0.0324 0.1542 0.9875
vn -0.4852 -0.1134 0.8670
vn -0.5158 -0.3915 0.7620
vn -0.0490 0.3510 0.9351
vn 0.3332 0.8807 0.3367
vn -0.1074 -0.9889 0.1029
vn 0.3555 -0.8813 0.3114
vn 0.1040 -0.9918 -0.0739
vn 0.3485 0.3360 0.8750
vn -0.4771 0.6354 0.6072
vn 0.8073 0.0237 0.5897
vn -0.4931 -0.1067 0.8634
vn 0.8246 0.4474 -0.3461
vn 0.5517 0.1469 0.8210
vn -0.1267 0.6514 0.7481
vn 0.6958 -0.6283 0.3481
vn -0.2921 -0.3857 0.8752
vn 0.1262 0.6005 0.7896
vn 0.6830 0.1066 0.7226
vn -0.0742 0.1760 0.9816
vt 0.623156 0.157050
vt 0.627970 0.171204
vt 0.610553 0.159811
vt 0.647599 0.157321
vt 0.638371 0.165486
vt 0.610241 0.144795
vt 0.610208 0.141254
vt 0.614351 0.177015
vt 0.628447 0.131449
vt 0.618170 0.125105
vt 0.488938 0.879948
vt 0.492686 0.896529
vt 0.488810 0.902662
vt 0.643911 0.134359
vt 0.642047 0.148107
vt 0.656598 0.149231
vt 0.874988 0.274307
vt 0.884347 0.284504
vt 0.871287 0.290638
vt 0.885810 0.268995
vt 0.778572 0.796181
vt 0.779066 0.777504
vt 0.789343 0.790553
vt 0.137777 0.805350
vt 0.151405 0.808420
vt 0.136184 0.813152
vt 0.152510 0.820858
vt 0.173439 0.713723
vt 0.163857 0.725558
vt 0.156629 0.714820
vt 0.578640 0.985062
vt 0.585940 0.976715
vt 0.586919 0.985062
vt 0.767661 0.769691
vt 0.771461 0.753354
vt 0.419491 0.755945
vt 0.433777 0.750380
vt 0.422254 0.766090
vt 0.115242 0.820780
vt 0.132924 0.831662
vt 0.732973 0.496573
vt 0.720053 0.494260
vt 0.723360 0.476176
vt 0.652755 0.168870
vt 0.691124 0.932119
vt 0.703332 0.939140
vt 0.691124 0.945904
vt 0.788600 0.769481
vt 0.788672 0.781971
vt 0.760145 0.755452
vt 0.761874 0.738052
vt 0.772070 0.729108
vt 0.605976 0.221590
vt 0.595999 0.207740
vt 0.606952 0.194908
vt 0.419619 0.775849
vt 0.407338 0.761828
vt 0.405340 0.779120
vt 0.387741 0.778394
vt 0.166771 0.672350
vt 0.164415 0.679753
vt 0.150884 0.675962
vt 0.579919 0.841562
vt 0.593501 0.822174
vt 0.596998 0.840521
vt 0.584579 0.811309
vt 0.501312 0.880326
vt 0.787673 0.752589
vt 0.355357 0.954816
vt 0.345117 0.952617
vt 0.355357 0.940396
vt 0.633520 0.196031
vt 0.349560 0.981283
vt 0.354975 0.976715
vt 0.354975 0.991900
vt 0.798589 0.778736
vt 0.918711 0.447841
vt 0.918711 0.435227
vt 0.929050 0.440573
vt 0.599460 0.189393
vt 0.593938 0.202502
vt 0.785547 0.869456
vt 0.779973 0.858683
vt 0.798442 0.855415
vt 0.638534 0.186597
vt 0.164801 0.685488
vt 0.160165 0.701412
vt 0.153398 0.686941
vt 0.568944 0.832009
vt 0.926461 0.426233
vt 0.626011 0.211200
vt 0.122199 0.842043
vt 0.144176 0.839246
vt 0.136949 0.844540
vt 0.685725 0.112340
vt 0.699346 0.118647
vt 0.684732 0.121390
vt 0.791944 0.890838
vt 0.387173 0.769137
vt 0.571112 0.781356
vt 0.563406 0.793888
vt 0.146865 0.716095
vt 0.152836 0.665795
vt 0.784648 0.437020
vt 0.796674 0.446247
vt 0.781860 0.447948
vt 0.597899 0.503034
vt 0.610814 0.468243
vt 0.608891 0.504246
vt 0.620068 0.223309
vt 0.869872 0.260154
vt 0.792401 0.466823
vt 0.718878 0.510849
vt 0.560953 0.814237
vt 0.643946 0.205260
vt 0.647580 0.181304
vt 0.795845 0.428591
vt 0.788211 0.423930
vt 0.689342 0.101348
vt 0.786082 0.729031
vt 0.060974 0.789951
vt 0.050127 0.787130
vt 0.052165 0.774412
vt 0.423237 0.743173
vt 0.435258 0.733479
vt 0.591830 0.513485
vt 0.582807 0.501148
vt 0.406999 0.751871
vt 0.415506 0.749611
vt 0.653333 0.212588
vt 0.641227 0.226033
vt 0.160247 0.985405
vt 0.166728 0.976715
vt 0.166728 0.989997
vt 0.889427 0.247472
vt 0.790878 0.742749
vt 0.572249 0.513485
vt 0.596128 0.486785
vt 0.925545 0.922547
vt 0.913817 0.906177
vt 0.925545 0.899554
vt 0.151564 0.849749
vt 0.615908 0.829555
vt 0.626722 0.819000
vt 0.631729 0.827253
vt 0.613176 0.242404
vt 0.597798 0.238938
vt 0.831435 0.773953
vt 0.820272 0.774458
vt 0.829984 0.762139
vt 0.144591 0.729146
vt 0.141495 0.692153
vt 0.800291 0.739386
vt 0.781860 0.414805
vt 0.801623 0.418774
vt 0.412164 0.739895
vt 0.921910 0.179704
vt 0.930387 0.181953
vt 0.922929 0.189570
vt 0.561583 0.508209
vt 0.570849 0.493103
vt 0.406363 0.742926
vt 0.807333 0.446139
vt 0.222349 0.800478
vt 0.230784 0.794540
vt 0.227644 0.814611
vt 0.384786 0.756359
vt 0.863328 0.989112
vt 0.863328 0.976715
vt 0.867253 0.984668
vt 0.139291 0.683482
vt 0.735202 0.764168
vt 0.755122 0.777204
vt 0.741917 0.776359
vt 0.793635 0.396763
vt 0.133567 0.728984
vt 0.140440 0.668305
vt 0.932656 0.785662
vt 0.941318 0.799314
vt 0.934841 0.802119
vt 0.554534 0.828827
vt 0.913817 0.889817
vt 0.923381 0.884206
vt 0.923381 0.899554
vt 0.784873 0.882591
vt 0.942822 0.993291
vt 0.940573 0.986122
vt 0.942822 0.976715
vt 0.711279 0.091498
vt 0.230972 0.908852
vt 0.234638 0.897166
vt 0.241675 0.904052
vt 0.604641 0.809979
vt 0.625598 0.245530
vt 0.683156 0.119031
vt 0.666802 0.114711
vt 0.682418 0.100010
vt 0.656598 0.224315
vt 0.810210 0.757635
vt 0.811199 0.777945
vt 0.325469 0.705122
vt 0.302230 0.707016
vt 0.314269 0.694940
vt 0.554534 0.782982
vt 0.052261 0.801485
vt 0.394439 0.748660
vt 0.800291 0.774534
vt 0.801901 0.766764
vt 0.679407 0.892331
vt 0.691124 0.889086
vt 0.684815 0.905067
vt 0.132486 0.671360
vt 0.009181 0.774367
vt 0.023840 0.754525
vt 0.020916 0.770741
vt 0.945612 0.170325
vt 0.945612 0.149840
vt 0.952976 0.161677
vt 0.401757 0.748177
vt 0.423619 0.727748
vt 0.147924 0.741537
vt 0.129132 0.741414
vt 0.172953 0.912023
vt 0.162434 0.901644
vt 0.173211 0.886949
vt 0.129745 0.805350
vt 0.129635 0.793632
vt 0.147162 0.793610
vt 0.140645 0.712976
vt 0.133782 0.703160
vt 0.680576 0.141198
vt 0.692805 0.129715
vt 0.692685 0.141245
vt 0.941318 0.781398
vt 0.797286 0.713738
vt 0.948732 0.957365
vt 0.956082 0.968178
vt 0.948732 0.972005
vt 0.893159 0.984373
vt 0.893351 0.976715
vt 0.899221 0.984373
vt 0.636280 0.237344
vt 0.751700 0.764898
vt 0.700711 0.148628
vt 0.693067 0.156613
vt 0.805616 0.402408
vt 0.685524 0.090414
vt 0.594653 0.472136
vt 0.194563 0.974614
vt 0.186550 0.966678
vt 0.194563 0.962663
vt 0.046837 0.791600
vt 0.819927 0.748730
vt 0.830398 0.751719
vt 0.302602 0.668454
vt 0.545829 0.992651
vt 0.541242 0.981548
vt 0.545829 0.976715
vt 0.359356 0.882769
vt 0.359057 0.907287
vt 0.347281 0.896509
vt 0.802828 0.390196
vt 0.347100 0.681816
vt 0.343443 0.690833
vt 0.326099 0.683517
vt 0.471396 0.605753
vt 0.472914 0.593064
vt 0.505848 0.604771
vt 0.807955 0.270790
vt 0.805877 0.248167
vt 0.825519 0.272115
vt 0.667434 0.140708
vt 0.179942 0.633537
vt 0.191009 0.632357
vt 0.193563 0.642324
vt 0.180654 0.647175
vt 0.169021 0.247342
vt 0.147373 0.241271
vt 0.156717 0.231866
vt 0.086347 0.235762
vt 0.082244 0.246357
vt 0.062558 0.238008
vt 0.809009 0.434034
vt 0.587273 0.488607
vt 0.454711 0.970112
vt 0.462505 0.959153
vt 0.464268 0.970112
vt 0.656717 0.104134
vt 0.341765 0.703824
vt 0.794826 0.262849
vt 0.790466 0.255017
vt 0.179063 0.240001
vt 0.251077 1.000000
vt 0.247482 0.989500
vt 0.251077 0.976715
vt 0.131750 0.849749
vt 0.037905 0.762943
vt 0.035422 0.749557
vt 0.046818 0.805118
vt 0.807807 0.991734
vt 0.803886 0.982901
vt 0.807807 0.976715
vt 0.435557 0.716397
vt 0.131903 0.779189
vt 0.146993 0.766816
vt 0.143075 0.784509
vt 0.729703 0.769719
vt 0.746911 0.753414
vt 0.759109 0.752171
vt 0.684373 0.167877
vt 0.188256 0.611031
vt 0.198729 0.616976
vt 0.194606 0.622100
vt 0.822012 0.437900
vt 0.244260 0.885986
vt 0.624133 0.798048
vt 0.397470 0.733146
vt 0.389241 0.744001
vt 0.423241 0.720020
vt 0.679239 0.907708
vt 0.131675 0.681868
vt 0.334263 0.718703
vt 0.348690 0.714350
vt 0.311729 0.676611
vt 0.126110 0.233744
vt 0.103086 0.243952
vt 0.102864 0.233688
vt 0.817419 0.417933
vt 0.344747 0.903925
vt 0.592613 0.922136
vt 0.580235 0.930829
vt 0.580235 0.912220
vt 0.153159 0.775373
vt 0.533458 0.955054
vt 0.533458 0.971893
vt 0.527641 0.960761
vt 0.827552 0.597314
vt 0.836434 0.608485
vt 0.837316 0.622248
vt 0.334166 0.672409
vt 0.320825 0.659153
vt 0.387900 0.246921
vt 0.371099 0.242221
vt 0.405619 0.237600
vt 0.958229 0.565615
vt 0.963872 0.552560
vt 0.963872 0.574711
vt 0.131043 0.238447
vt 0.230690 0.955740
vt 0.237459 0.943775
vt 0.242368 0.955740
vt 0.733576 0.937561
vt 0.730089 0.921578
vt 0.742112 0.921578
vt 0.820664 0.454454
vt 0.010187 0.747703
vt 0.658689 0.872556
vt 0.660855 0.852720
vt 0.665241 0.870223
vt 0.548556 0.496449
vt 0.061592 0.811020
vt 0.124126 0.716359
vt 0.129504 0.728259
vt 0.358355 0.690399
vt 0.353020 0.709189
vt 0.667016 0.155514
vt 0.923086 0.538495
vt 0.921469 0.522234
vt 0.928665 0.526234
vt 0.572533 0.987623
vt 0.578640 0.976715
vt 0.578640 0.988112
vt 0.306693 0.886005
vt 0.311425 0.877526
vt 0.321688 0.883024
vt 0.325721 0.860789
vt 0.846450 0.074254
vt 0.872534 0.079398
vt 0.843113 0.083712
vt 0.916800 0.870939
vt 0.606203 0.797796
vt 0.272995 0.954396
vt 0.272995 0.941411
vt 0.284180 0.945815
vt 0.407456 0.723720
vt 0.430279 0.709522
vt 0.667476 0.091727
vt 0.836211 0.741034
vt 0.329975 0.788926
vt 0.320744 0.794083
vt 0.313369 0.788110
vt 0.874946 0.365821
vt 0.887727 0.345438
vt 0.892176 0.356875
vt 0.872406 0.311689
vt 0.885195 0.314264
vt 0.869872 0.322787
vt 0.874757 0.328279
vt 0.124307 0.691749
vt 0.889821 0.321159
vt 0.363346 0.704119
vt 0.733994 0.780258
vt 0.719415 0.777030
vt 0.656598 0.157636
vt 0.669901 0.166829
vt 0.641571 0.969554
vt 0.639479 0.954868
vt 0.647344 0.954868
vt 0.783094 0.266523
vt 0.733949 0.864240
vt 0.751854 0.871462
vt 0.729958 0.875974
vt 0.635660 0.791379
vt 0.229940 0.782463
vt 0.077740 0.544124
vt 0.101604 0.552063
vt 0.092761 0.566350
vt 0.089638 0.539978
vt 0.105224 0.534161
vt 0.123261 0.731438
vt 0.130869 0.764757
vt 0.179685 0.617371
vt 0.891096 0.384188
vt 0.900242 0.403107
vt 0.891096 0.398933
vt 0.383690 0.718778
vt 0.384325 0.739125
vt 0.378799 0.709979
vt 0.246707 0.911681
vt 0.252773 0.898087
vt 0.814501 0.395128
vt 0.815644 0.406446
vt 0.667734 0.887457
vt 0.675624 0.866699
vt 0.409070 0.712223
vt 0.513569 0.989891
vt 0.507948 0.981343
vt 0.513569 0.976715
vt 0.656620 0.122242
vt 0.691124 0.916171
vt 0.344650 0.794083
vt 0.350404 0.767623
vt 0.122013 0.705954
vt 0.679239 0.976715
vt 0.679239 0.962964
vt 0.685969 0.965794
vt 0.958331 0.123709
vt 0.958331 0.106548
vt 0.965571 0.115412
vt 0.202127 0.577388
vt 0.202127 0.611610
vt 0.198978 0.599317
vt 0.516807 0.808674
vt 0.513323 0.789142
vt 0.523329 0.797178
vt 0.836991 0.743396
vt 0.830388 0.728522
vt 0.843914 0.736958
vt 0.679239 0.946683
vt 0.679239 0.933895
vt 0.689463 0.946692
vt 0.744305 0.976715
vt 0.744305 0.988895
vt 0.739326 0.980463
vt 0.077545 0.921198
vt 0.064372 0.914266
vt 0.077545 0.902688
vt 0.659451 0.172978
vt 0.307046 0.658256
vt 0.497460 0.596552
vt 0.160123 0.662326
vt 0.173497 0.657202
vt 0.168626 0.665795
vt 0.789581 0.279249
vt 0.314259 0.914468
vt 0.306046 0.907242
vt 0.313582 0.893063
vt 0.958370 0.511655
vt 0.950318 0.520230
vt 0.950318 0.502524
vt 0.610228 0.857213
vt 0.617996 0.858389
vt 0.615734 0.870922
vt 0.046818 0.814398
vt 0.094601 0.530776
vt 0.109513 0.519126
vt 0.082709 0.516410
vt 0.368865 0.701842
vt 0.941181 0.053910
vt 0.949044 0.065429
vt 0.941181 0.074611
vt 0.136528 0.947808
vt 0.126049 0.950139
vt 0.126617 0.939996
vt 0.958134 0.948825
vt 0.948732 0.942257
vt 0.821324 0.293181
vt 0.923347 0.247472
vt 0.923323 0.276491
vt 0.914173 0.256360
vt 0.222684 0.989864
vt 0.219342 0.976715
vt 0.225751 0.976715
vt 0.754081 0.868500
vt 0.743100 0.857189
vt 0.756380 0.856290
vt 0.044414 0.973241
vt 0.036550 0.973241
vt 0.039439 0.960500
vt 0.159512 0.987117
vt 0.151956 0.976715
vt 0.160247 0.976715
vt 0.507182 0.799370
vt 0.080872 0.532669
vt 0.820940 0.735411
vt 0.302010 0.927951
vt 0.314259 0.931733
vt 0.657159 0.088024
vt 0.838562 0.123360
vt 0.832151 0.113571
vt 0.841748 0.109790
vt 0.156881 0.763106
vt 0.122175 0.727065
vt 0.874946 0.354783
vt 0.879439 0.338548
vt 0.350758 0.670750
vt 0.355522 0.661979
vt 0.928560 0.544524
vt 0.302307 0.876465
vt 0.860873 0.084347
vt 0.576673 0.476295
vt 0.058525 0.821461
vt 0.417233 0.706551
vt 0.109290 0.507842
vt 0.094229 0.510135
vt 0.364823 0.679690
vt 0.719123 0.762917
vt 0.809268 0.287800
vt 0.914372 0.269747
vt 0.156737 0.647809
vt 0.730712 0.853263
vt 0.620031 0.847697
vt 0.957448 0.270805
vt 0.965959 0.268337
vt 0.965959 0.283458
vt 0.555750 0.486536
vt 0.109241 0.565095
vt 0.959403 0.175101
vt 0.959403 0.164776
vt 0.969143 0.170825
vt 0.491941 0.814660
vt 0.531265 0.984632
vt 0.525742 0.990097
vt 0.525742 0.976715
vt 0.765653 0.838323
vt 0.782737 0.853659
vt 0.769048 0.853317
vt 0.812050 0.942895
vt 0.812050 0.926624
vt 0.823055 0.930978
vt 0.416524 0.712717
vt 0.508425 0.784002
vt 0.494697 0.796741
vt 0.493641 0.788474
vt 0.499571 0.774324
vt 0.811814 0.742805
vt 0.313560 0.780746
vt 0.316635 0.773817
vt 0.715511 0.749293
vt 0.730943 0.744075
vt 0.546996 0.925458
vt 0.534389 0.915112
vt 0.546996 0.905128
vt 0.136528 0.934487
vt 0.935450 0.241904
vt 0.926188 0.229125
vt 0.935450 0.222411
vt 0.891232 0.416285
vt 0.777874 0.259844
vt 0.296184 0.245262
vt 0.268188 0.224013
vt 0.315006 0.241918
vt 0.377915 0.744941
vt 0.126192 0.220022
vt 0.302165 0.857705
vt 0.325475 0.850228
vt 0.030883 0.737267
vt 0.678672 0.851737
vt 0.041613 0.728361
vt 0.081080 0.568746
vt 0.825520 0.381970
vt 0.827635 0.376255
vt 0.837652 0.381724
vt 0.838507 0.372764
vt 0.829168 0.366123
vt 0.431542 0.952542
vt 0.421531 0.949133
vt 0.431542 0.937103
vt 0.936619 0.692516
vt 0.935424 0.678124
vt 0.944335 0.680369
vt 0.114434 0.713811
vt 0.850956 0.564461
vt 0.862713 0.571627
vt 0.853742 0.578088
vt 0.861868 0.553911
vt 0.886084 0.760059
vt 0.882906 0.776735
vt 0.875417 0.765790
vt 0.893173 0.775750
vt 0.334273 0.654709
vt 0.455660 0.739099
vt 0.448685 0.769545
vt 0.437045 0.762747
vt 0.739632 0.735726
vt 0.759319 0.745218
vt 0.492693 0.581037
vt 0.486347 0.588220
vt 0.677196 0.882718
vt 0.690606 0.976715
vt 0.683646 0.985399
vt 0.683326 0.976715
vt 0.932656 0.798361
vt 0.924604 0.789567
vt 0.931203 0.781398
vt 0.060422 0.832945
vt 0.047230 0.827221
vt 0.507154 0.822067
vt 0.392230 0.718576
vt 0.893297 0.047440
vt 0.904632 0.036796
vt 0.904632 0.054321
vt 0.135839 0.746773
vt 0.872111 0.299369
vt 0.969729 0.133177
vt 0.963314 0.142767
vt 0.963314 0.125105
vt 0.466753 0.757126
vt 0.475566 0.584118
vt 0.808761 0.277725
vt 0.799484 0.283448
vt 0.630242 0.833852
vt 0.607914 0.841594
vt 0.028267 0.713400
vt 0.398362 0.951475
vt 0.398362 0.935026
vt 0.408050 0.936104
vt 0.104036 0.571285
vt 0.112679 0.737324
vt 0.945406 0.692724
vt 0.705081 0.755265
vt 0.469486 0.576172
vt 0.483369 0.569981
vt 0.071346 0.236940
vt 0.965394 0.658200
vt 0.965394 0.675247
vt 0.957898 0.671123
vt -0.000000 0.735049
vt 0.005751 0.730909
vt 0.751203 0.850442
vt 0.740644 0.844665
vt 0.730089 0.840526
vt 0.610138 0.872046
vt 0.600021 0.859321
vt 0.584269 0.474549
vt 0.580662 0.458407
vt 0.102238 0.582271
vt 0.788746 0.847548
vt 0.334566 0.771602
vt 0.927730 0.048981
vt 0.927730 0.034992
vt 0.936037 0.040751
vt 0.926309 0.244238
vt 0.675904 0.190680
vt 0.179389 0.597014
vt 0.194658 0.221565
vt 0.548567 0.477693
vt 0.222349 0.774195
vt 0.615164 0.456200
vt 0.602569 0.460104
vt 0.619445 0.441340
vt 0.208295 0.926996
vt 0.221088 0.917325
vt 0.221088 0.933159
vt 0.970338 0.469302
vt 0.963490 0.459373
vt 0.970338 0.452850
vt 0.330033 0.986918
vt 0.323799 0.989966
vt 0.323799 0.976715
vt 0.155793 0.750741
vt 0.162870 0.762064
vt 0.052476 0.702533
vt 0.047167 0.689443
vt 0.063738 0.699064
vt 0.664678 0.187579
vt 0.817209 0.301170
vt 0.316202 0.647151
vt 0.511394 0.594583
vt 0.895339 0.374026
vt 0.907208 0.374882
vt 0.903222 0.383323
vt 0.302165 0.891350
vt 0.017256 0.728646
vt 0.851726 0.098673
vt 0.954655 0.750614
vt 0.945034 0.764706
vt 0.945034 0.748966
vt 0.384786 0.725067
vt 0.114996 0.694043
vt 0.112679 0.703916
vt 0.368730 0.684151
vt 0.821674 0.609875
vt 0.814456 0.599826
vt 0.704408 0.175746
vt 0.696445 0.162863
vt 0.050096 0.230589
vt 0.063636 0.204520
vt 0.938389 0.124178
vt 0.928134 0.108745
vt 0.938389 0.106054
vt 0.566051 0.473744
vt 0.796318 0.849877
vt 0.798567 0.832817
vt 0.620809 0.780310
vt 0.516364 0.829689
vt 0.398755 0.706879
vt 0.168062 0.749776
vt 0.302165 0.770460
vt 0.370019 0.674031
vt 0.340040 0.645976
vt 0.895696 0.761893
vt 0.705180 0.189920
vt 0.398362 0.963464
vt 0.402539 0.951475
vt 0.408882 0.963464
vt 0.797752 0.300311
vt 0.900537 0.360718
vt 0.921338 0.552229
vt 0.485085 0.778726
vt 0.810102 0.107303
vt 0.813025 0.093700
vt 0.822466 0.105741
vt 0.820634 0.976715
vt 0.826263 0.976715
vt 0.824422 0.986980
vt 0.113473 0.712090
vt 0.886734 0.328800
vt 0.353226 0.646417
vt 0.522555 0.597435
vt 0.515261 0.615309
vt 0.151181 0.656818
vt 0.892176 0.383628
vt 0.048337 0.215937
vt 0.048061 0.713688
vt 0.598102 0.794168
vt 0.179826 0.728028
vt 0.173439 0.717262
vt 0.184936 0.711292
vt 0.924604 0.807978
vt 0.567641 0.463013
vt 0.280782 0.882722
vt 0.286958 0.874738
vt 0.294555 0.888071
vt 0.810956 0.728185
vt 0.827525 0.097955
vt 0.146457 0.745165
vt 0.956608 0.793377
vt 0.948560 0.799618
vt 0.948560 0.783393
vt 0.598493 0.844000
vt 0.179618 0.704255
vt 0.593136 0.456856
vt 0.835708 0.360955
vt 0.286344 0.961525
vt 0.293698 0.955271
vt 0.293698 0.970676
vt 0.823932 0.718695
vt 0.815897 0.902647
vt 0.805133 0.896076
vt 0.816120 0.896157
vt 0.892780 0.034639
vt 0.328840 0.768230
vt 0.875417 0.748966
vt 0.466075 0.931867
vt 0.464700 0.944331
vt 0.454826 0.944617
vt 0.896055 0.428535
vt 0.182262 0.205502
vt 0.852864 0.306381
vt 0.865533 0.322948
vt 0.847559 0.327566
vt 0.111403 0.577608
vt 0.610374 0.447770
vt 0.230690 0.970026
vt 0.238497 0.965890
vt 0.811518 0.886871
vt 0.056847 0.687535
vt 0.071022 0.688520
vt 0.744508 0.116362
vt 0.761713 0.113823
vt 0.763329 0.124396
vt 0.454826 0.928846
vt 0.956642 0.781398
vt 0.169291 0.604695
vt 0.713005 0.179151
vt 0.593571 0.449408
vt 0.891186 0.297972
vt 0.838357 0.572312
vt 0.222035 0.907768
vt 0.230169 0.904356
vt 0.230169 0.924378
vt 0.538096 0.603769
vt 0.175109 0.591138
vt 0.423016 0.225006
vt 0.873462 0.184206
vt 0.878350 0.156489
vt 0.882390 0.177413
vt 0.534389 0.895741
vt 0.543535 0.894183
vt 0.551348 0.905128
vt 0.873483 0.099348
vt 0.950992 0.919335
vt 0.950992 0.899554
vt 0.958098 0.910624
vt 0.941757 0.596630
vt 0.932057 0.594454
vt 0.941708 0.585401
vt 0.476744 0.787555
vt 0.800291 0.882053
vt 0.365989 0.661985
vt 0.657556 0.200204
vt 0.668106 0.207132
vt 0.659397 0.212757
vt 0.704219 0.921328
vt 0.717767 0.923313
vt 0.706323 0.935089
vt 0.162212 0.638488
vt 0.148425 0.636079
vt 0.153913 0.628746
vt 0.892566 0.364905
vt 0.965476 0.508034
vt 0.958370 0.519939
vt 0.958370 0.502524
vt 0.864821 0.306552
vt 0.182692 0.744882
vt 0.198761 0.736057
vt 0.583987 0.452241
vt 0.905118 0.360718
vt 0.894172 0.344474
vt 0.904670 0.346754
vt 0.273134 0.870630
vt 0.760024 0.829954
vt 0.777695 0.824922
vt 0.800291 0.903322
vt 0.448721 0.894948
vt 0.433384 0.899495
vt 0.433060 0.888933
vt 0.288204 0.912770
vt 0.288743 0.895526
vt 0.301474 0.906162
vt 0.850786 0.544070
vt 0.501606 0.569019
vt 0.508524 0.581959
vt 0.537884 0.595869
vt 0.172776 0.619825
vt 0.160352 0.616896
vt 0.257421 0.198867
vt 0.207947 0.214170
vt 0.199978 0.224387
vt 0.063240 0.714726
vt 0.054709 0.722672
vt 0.855860 0.180975
vt 0.861532 0.191144
vt 0.847056 0.191968
vt 0.849343 0.174262
vt 0.932057 0.578088
vt 0.471172 0.800434
vt 0.923041 0.125105
vt 0.923018 0.132582
vt 0.912749 0.131469
vt 0.443602 0.887044
vt 0.078306 0.948836
vt 0.078306 0.933141
vt 0.088892 0.944188
vt 0.876229 0.290638
vt 0.205476 0.976715
vt 0.212839 0.978772
vt 0.205476 0.988189
vt 0.811750 0.614904
vt 0.729262 0.121801
vt 0.731234 0.112852
vt 0.742033 0.092863
vt 0.691625 0.199717
vt 0.190588 0.721851
vt 0.892176 0.357300
vt 0.855250 0.367692
vt 0.314259 0.973829
vt 0.314259 0.961464
vt 0.322276 0.967573
vt 0.285830 0.866280
vt 0.671631 0.913517
vt 0.660291 0.901295
vt 0.670341 0.901252
vt 0.833486 0.090904
vt 0.838135 0.103289
vt 0.835957 0.328800
vt 0.843208 0.318776
vt 0.847535 0.323008
vt 0.820634 0.985532
vt 0.814028 0.984044
vt 0.085664 0.989545
vt 0.084727 0.976715
vt 0.091530 0.976715
vt 0.317725 0.751262
vt 0.430104 0.880143
vt 0.963099 0.733729
vt 0.970270 0.730046
vt 0.970270 0.745957
vt 0.369353 0.654659
vt 0.726389 0.727541
vt 0.675604 0.199185
vt 0.679969 0.213888
vt 0.932793 0.026114
vt 0.745982 0.723479
vt 0.757036 0.736421
vt 0.443456 0.947894
vt 0.454765 0.941557
vt 0.454765 0.954204
vt 0.161865 0.639739
vt 0.976062 0.139747
vt 0.969729 0.130408
vt 0.976062 0.125105
vt 0.034945 0.703035
vt 0.225398 0.752137
vt 0.800291 0.812960
vt 0.787545 0.824433
vt 0.784424 0.807788
vt 0.272069 0.887664
vt 0.481387 0.787180
vt 0.831512 0.315976
vt 0.966871 0.420098
vt 0.966871 0.405176
vt 0.973542 0.417489
vt 0.114878 0.770271
vt 0.116712 0.753498
vt 0.859938 0.536727
vt 0.827244 0.620500
vt 0.916191 0.247419
vt 0.907135 0.234566
vt 0.915851 0.227412
vt 0.218582 0.949289
vt 0.213410 0.961643
vt 0.207827 0.949289
vt 0.744623 0.100218
vt 0.232779 0.988700
vt 0.225751 0.988700
vt 0.232301 0.976715
vt 0.556484 0.938383
vt 0.554534 0.921878
vt 0.562502 0.932120
vt 0.954292 0.391507
vt 0.947559 0.401661
vt 0.947559 0.379593
vt 0.969270 0.790937
vt 0.963719 0.801371
vt 0.963719 0.781398
vt 0.597056 0.833852
vt 0.605660 0.780381
vt 0.597056 0.786788
vt 0.193758 0.706088
vt 0.484473 0.830203
vt 0.852509 0.950917
vt 0.841539 0.939463
vt 0.852509 0.936445
vt 0.758295 0.817049
vt 0.326298 0.926985
vt 0.339532 0.936739
vt 0.326298 0.940671
vt 0.113946 0.744775
vt 0.668980 0.222587
vt 0.608810 0.953839
vt 0.618567 0.943594
vt 0.618567 0.957897
vt 0.345208 0.637614
vt 0.957204 0.325958
vt 0.964822 0.309832
vt 0.965080 0.324232
vt 0.810261 0.310953
vt 0.798310 0.313171
vt 0.509260 0.549253
vt 0.778406 0.306411
vt 0.786543 0.286181
vt 0.566040 0.921878
vt 0.204615 0.199621
vt 0.210733 0.199225
vt 0.045156 0.225411
vt 0.025817 0.210390
vt 0.292618 0.977654
vt 0.301135 0.976715
vt 0.301135 0.986466
vt 0.048705 0.676490
vt 0.853690 0.138933
vt 0.859364 0.125105
vt 0.865377 0.136087
vt 0.901751 0.247419
vt 0.226555 0.894930
vt 0.129663 0.661763
vt 0.449931 0.188996
vt 0.445758 0.212481
vt 0.096633 0.185480
vt 0.946073 0.830713
vt 0.946073 0.808157
vt 0.952700 0.811789
vt 0.859202 0.109528
vt 0.195106 0.712936
vt 0.823343 0.944256
vt 0.834282 0.945111
vt 0.823343 0.956813
vt 0.062431 0.678155
vt 0.305057 0.753677
vt 0.788324 0.313435
vt 0.134573 0.195367
vt 0.010900 0.718367
vt 0.017789 0.707247
vt 0.823343 0.844150
vt 0.834655 0.850791
vt 0.834227 0.866595
vt 0.287419 0.986919
vt 0.279272 0.978265
vt 0.287419 0.976715
vt 0.144217 0.976715
vt 0.151956 0.977279
vt 0.144217 0.987860
vt 0.272069 0.860250
vt 0.469486 0.786696
vt 0.923102 0.146254
vt 0.827552 0.632173
vt 0.705269 0.201691
vt 0.498023 0.579210
vt 0.606200 0.973456
vt 0.597838 0.966873
vt 0.606200 0.961718
vt 0.861641 0.119490
vt 0.874972 0.113323
vt 0.885622 0.985084
vt 0.879972 0.984932
vt 0.885622 0.976715
vt 0.204591 0.752137
vt 0.855947 0.173286
vt 0.891488 0.290596
vt 0.889427 0.280421
vt 0.899148 0.280421
vt 0.812121 0.711496
vt 0.800531 0.605157
vt 0.757582 0.097690
vt 0.481647 0.553235
vt 0.024931 0.917452
vt 0.017650 0.902383
vt 0.024931 0.884909
vt 0.201610 0.726152
vt 0.849243 0.354582
vt 0.898179 0.336561
vt 0.822052 0.081090
vt 0.843898 0.307011
vt 0.299282 0.888071
vt 0.865316 0.149596
vt 0.842167 0.546323
vt 0.164720 0.586302
vt 0.136879 0.646310
vt 0.921774 0.987214
vt 0.921774 0.976715
vt 0.925777 0.981940
vt 0.679005 0.941817
vt 0.679005 0.958465
vt 0.670613 0.945622
vt 0.570006 0.449090
vt 0.566852 0.457809
vt 0.800291 0.720796
vt 0.821107 0.246442
vt 0.813933 0.239348
vt 0.826813 0.225979
vt 0.040044 0.678628
vt 0.656598 0.247344
vt 0.657652 0.235930
vt 0.667732 0.247344
vt 0.312575 0.959158
vt 0.302010 0.955300
vt 0.312575 0.946318
vt 0.692857 0.226218
vt 0.024931 0.965148
vt 0.024931 0.953640
vt 0.035340 0.959186
vt 0.524163 0.566920
vt 0.002632 0.702533
vt 0.819465 0.228404
vt 0.808437 0.230307
vt 0.847043 0.532367
vt 0.440805 0.750069
vt 0.443671 0.733519
vt 0.526050 0.573933
vt 0.132321 0.638711
vt 0.039565 0.176478
vt 0.049365 0.702533
vt 0.186806 0.700775
vt 0.194161 0.695027
vt 0.561121 0.457184
vt 0.469486 0.817954
vt 0.611875 0.435448
vt 0.588512 0.431121
vt 0.954682 0.308808
vt 0.946523 0.299523
vt 0.954682 0.290638
vt 0.930135 0.731709
vt 0.930135 0.747746
vt 0.916779 0.735945
vt 0.331543 0.748949
vt 0.860984 0.528850
vt 0.886028 0.187464
vt 0.901773 0.167069
vt 0.897806 0.188617
vt 0.693087 0.213453
vt 0.368393 0.956808
vt 0.377854 0.961714
vt 0.368393 0.968309
vt 0.149006 0.598818
vt 0.118980 0.188978
vt 0.825817 0.339091
vt 0.770124 0.957300
vt 0.759169 0.953294
vt 0.770124 0.944858
vt 0.658689 0.891850
vt 0.810102 0.074254
vt 0.873462 0.157434
vt 0.847239 0.164030
vt 0.494522 0.545402
vt 0.909745 0.113773
vt 0.920662 0.120022
vt 0.909745 0.124839
vt 0.965130 0.344411
vt 0.965130 0.328800
vt 0.971965 0.334967
vt 0.192950 0.186766
vt 0.872829 0.982811
vt 0.876802 0.976715
vt 0.876802 0.988799
vt 0.892176 0.328800
vt 0.580313 0.446455
vt 0.671631 0.887797
vt 0.897737 0.142129
vt 0.897737 0.127033
vt 0.910775 0.136000
vt 0.835063 0.081644
vt 0.830190 0.306336
vt 0.832645 0.296325
vt 0.341714 0.753429
vt 0.427558 0.937103
vt 0.421532 0.922012
vt 0.429937 0.928795
vt 0.841809 0.289543
vt 0.517366 0.555939
vt 0.124644 0.648954
vt 0.885553 0.155075
vt 0.126698 0.980582
vt 0.121280 0.992728
vt 0.121280 0.976715
vt 0.910775 0.148010
vt 0.124723 0.991394
vt 0.336893 0.987044
vt 0.336893 0.976715
vt 0.344874 0.980011
vt 0.171995 0.944972
vt 0.160867 0.933060
vt 0.171995 0.932187
vt 0.746356 0.087388
vt 0.883316 0.032840
vt 0.888583 0.033098
vt 0.886677 0.055669
vt 0.158394 0.191738
vt 0.013752 0.976715
vt 0.018857 0.984254
vt 0.013752 0.994446
vt 0.841516 0.844257
vt 0.841516 0.867294
vt 0.358168 0.907772
vt 0.350051 0.926358
vt 0.344747 0.907772
vt 0.878565 0.888980
vt 0.883069 0.877343
vt 0.888264 0.893105
vt 0.874299 0.877109
vt 0.873462 0.173174
vt 0.456087 0.729736
vt 0.733986 0.711496
vt 0.923327 0.284698
vt 0.914758 0.290502
vt 0.914758 0.277299
vt 0.893220 0.452850
vt 0.905648 0.455345
vt 0.903155 0.472860
vt 0.218864 0.739811
vt 0.770659 0.804061
vt 0.900184 0.152178
vt 0.874299 0.898938
vt 0.952772 0.079139
vt 0.955333 0.088072
vt 0.944300 0.088072
vt 0.953282 0.709873
vt 0.953282 0.729329
vt 0.945452 0.721673
vt 0.848991 0.521398
vt 0.712542 0.079954
vt 0.723082 0.072092
vt 0.723166 0.088024
vt 0.885553 0.172969
vt 0.757377 0.618012
vt 0.758383 0.632951
vt 0.742794 0.623197
vt 0.893220 0.485320
vt 0.550006 0.993733
vt 0.545829 0.987236
vt 0.550006 0.976715
vt 0.209449 0.704581
vt 0.579036 0.431241
vt 0.908230 0.125105
vt 0.888787 0.903955
vt 0.657081 0.228343
vt 0.686036 0.235930
vt 0.748299 0.711496
vt 0.551348 0.883811
vt 0.952438 0.227289
vt 0.958472 0.222411
vt 0.958472 0.244989
vt 0.945443 0.222411
vt 0.952438 0.225845
vt 0.945443 0.244254
vt 0.562624 0.440165
vt 0.780336 0.797613
vt 0.836302 0.335690
vt 0.057689 0.665323
vt 0.069322 0.669073
vt 0.846253 0.152222
vt 0.849951 0.506799
vt 0.849951 0.521189
vt 0.842419 0.511160
vt 0.630842 0.984362
vt 0.635600 0.976715
vt 0.635600 0.990679
vt 0.758179 0.083147
vt 0.187643 0.918076
vt 0.196536 0.923937
vt 0.186049 0.933796
vt 0.542929 0.587705
vt 0.553822 0.592382
vt 0.139273 0.617909
vt 0.235734 0.135195
vt 0.613861 0.416809
vt 0.620199 0.425520
vt 0.044980 0.659589
vt 0.429937 0.915334
vt 0.311821 0.740936
vt 0.720617 0.713936
vt 0.890579 0.733468
vt 0.891383 0.748966
vt 0.880579 0.741920
vt 0.128757 0.368205
vt 0.140208 0.369030
vt 0.131193 0.384636
vt 0.496559 0.924788
vt 0.487819 0.937539
vt 0.488610 0.923752
vt 0.219239 0.713066
vt 0.034972 0.667547
vt 0.812689 0.390196
vt 0.803631 0.390196
vt 0.807989 0.380064
vt 0.112515 0.926206
vt 0.103290 0.916283
vt 0.112515 0.911637
vt 0.327853 0.742401
vt 0.453482 0.721483
vt 0.501536 0.937539
vt 0.901011 0.057702
vt 0.912007 0.055022
vt 0.904792 0.064677
vt 0.603991 0.409327
vt 0.969711 0.899554
vt 0.975579 0.904481
vt 0.969711 0.915435
vt 0.126698 0.976715
vt 0.131871 0.981554
vt 0.126698 0.993428
vt 0.836130 0.519909
vt 0.814953 0.214976
vt 0.875888 0.727488
vt 0.932125 0.667031
vt 0.941846 0.659262
vt 0.941846 0.677733
vt 0.912007 0.088118
vt 0.904054 0.085638
vt 0.533479 0.938043
vt 0.546996 0.939359
vt 0.252998 0.892430
vt 0.265915 0.892132
vt 0.262006 0.896895
vt 0.441879 0.718843
vt 0.436967 0.723963
vt 0.491403 0.937538
vt 0.499971 0.950426
vt 0.487819 0.950426
vt 0.731597 0.618310
vt 0.732210 0.605779
vt 0.149437 0.578242
vt 0.162708 0.577388
vt 0.117314 0.663501
vt 0.960486 0.438374
vt 0.953135 0.442962
vt 0.959696 0.426233
vt 0.214735 0.683545
vt 0.212581 0.697177
vt 0.904546 0.308100
vt 0.904546 0.290638
vt 0.915106 0.304822
vt 0.190987 0.871132
vt 0.183982 0.866550
vt 0.197457 0.857481
vt 0.341567 0.911076
vt 0.332791 0.926985
vt 0.326298 0.911076
vt 0.340139 0.743764
vt 0.255914 0.902887
vt 0.541474 0.575091
vt 0.430104 0.785290
vt 0.448034 0.779120
vt 0.440203 0.791476
vt 0.114404 0.375250
vt 0.120103 0.366870
vt 0.892426 0.577597
vt 0.883564 0.572569
vt 0.896561 0.568258
vt 0.223767 0.174926
vt 0.928134 0.118667
vt 0.920731 0.119083
vt 0.920731 0.088118
vt 0.874761 0.073041
vt 0.863981 0.056710
vt 0.874761 0.052655
vt 0.954937 0.891205
vt 0.954937 0.870939
vt 0.961593 0.874143
vt 0.910051 0.321807
vt 0.173473 0.958108
vt 0.173473 0.945153
vt 0.183967 0.947476
vt 0.002121 0.661936
vt 0.012117 0.653582
vt 0.014107 0.662743
vt 0.838357 0.528669
vt 0.120092 0.635318
vt 0.926108 0.328800
vt 0.932536 0.352249
vt 0.926108 0.347814
vt 0.349560 0.994290
vt 0.344874 0.986648
vt 0.349560 0.976715
vt 0.323895 0.934403
vt 0.315863 0.934403
vt 0.324909 0.914717
vt 0.923347 0.274376
vt 0.931425 0.256051
vt 0.061576 0.657029
vt 0.884556 0.548189
vt 0.892817 0.536918
vt 0.901686 0.545657
vt 0.946411 0.075237
vt 0.928753 0.724965
vt 0.937693 0.717992
vt 0.937693 0.731709
vt 0.103969 0.900274
vt 0.941301 0.607454
vt 0.932057 0.603995
vt 0.941301 0.596630
vt 0.324741 0.734904
vt 0.713597 0.070620
vt 0.742577 0.541281
vt 0.742754 0.530809
vt 0.755029 0.536408
vt 0.672669 0.728201
vt 0.686298 0.723094
vt 0.687874 0.738216
vt 0.884672 0.558305
vt 0.898904 0.560254
vt 0.236043 0.177884
vt 0.873462 0.136393
vt 0.831986 0.884946
vt 0.838518 0.886517
vt 0.200127 0.682681
vt 0.800344 0.634274
vt 0.785292 0.621761
vt 0.800344 0.605906
vt 0.962334 0.693858
vt 0.962334 0.676406
vt 0.968977 0.680939
vt 0.587739 0.419566
vt 0.901583 0.022930
vt 0.904656 0.034639
vt 0.892780 0.023890
vt 0.012405 0.919795
vt -0.000000 0.905008
vt 0.016018 0.911516
vt -0.000000 0.921061
vt 0.830583 0.241647
vt 0.840561 0.230306
vt 0.431542 0.965085
vt 0.421782 0.963011
vt 0.000000 0.646003
vt 0.097665 0.943650
vt 0.089306 0.937714
vt 0.099878 0.936645
vt 0.024343 0.660672
vt 0.012304 0.385074
vt 0.026870 0.359320
vt 0.032746 0.379349
vt 0.112679 0.912279
vt 0.112679 0.901568
vt 0.125602 0.903378
vt 0.264826 0.898582
vt 0.118379 0.619203
vt 0.118264 0.884771
vt 0.130712 0.878008
vt 0.135831 0.882665
vt 0.017716 0.189876
vt 0.152005 0.176501
vt 0.515760 0.830710
vt 0.532465 0.834514
vt 0.513186 0.849119
vt 0.548428 0.448279
vt 0.550463 0.435612
vt 0.939100 0.167556
vt 0.932589 0.175282
vt 0.930510 0.162828
vt 0.197457 0.884354
vt 0.184995 0.882383
vt 0.055175 0.394709
vt 0.047332 0.398831
vt 0.043328 0.385936
vt 0.038764 0.392193
vt 0.078306 0.962976
vt 0.087061 0.962976
vt 0.083431 0.973504
vt 0.963825 0.209749
vt 0.972208 0.218381
vt 0.963825 0.221760
vt 0.683220 0.758902
vt 0.671576 0.745634
vt 0.141603 0.590426
vt 0.112679 0.385293
vt 0.945034 0.765880
vt 0.934579 0.763950
vt 0.112679 0.875789
vt 0.110994 0.181315
vt 0.224228 0.727335
vt 0.546996 0.921289
vt 0.554435 0.905128
vt 0.554435 0.930955
vt 0.849044 0.694674
vt 0.849044 0.710936
vt 0.841342 0.701436
vt 0.962479 0.088118
vt 0.961467 0.103985
vt 0.954188 0.091640
vt 0.933324 0.711067
vt 0.582255 0.397591
vt 0.566746 0.399907
vt 0.576757 0.386743
vt 0.455462 0.719343
vt 0.728163 0.243748
vt 0.713452 0.236408
vt 0.736937 0.230653
vt 0.745428 0.604038
vt 0.877753 0.125105
vt 0.450208 0.976715
vt 0.455737 0.982659
vt 0.450208 0.990526
vt 0.223759 0.693428
vt 0.903761 0.276582
vt 0.914172 0.262089
vt 0.910096 0.279467
vt 0.843037 0.328800
vt 0.502756 0.840761
vt 0.843997 0.247409
vt 0.811883 0.147910
vt 0.822522 0.138604
vt 0.818730 0.149197
vt 0.828898 0.125105
vt 0.832083 0.130142
vt 0.586850 0.388498
vt 0.338841 0.731986
vt 0.825591 0.207810
vt 0.535628 0.562566
vt 0.151349 0.383432
vt 0.894475 0.549717
vt 0.066091 0.137141
vt 0.132846 0.170532
vt 0.534257 0.852136
vt 0.252998 0.876094
vt 0.230972 0.885986
vt 0.238204 0.869892
vt 0.033624 0.651177
vt 0.038519 0.641195
vt 0.348376 0.738449
vt 0.115592 0.884771
vt 0.265915 0.916079
vt 0.702767 0.067036
vt 0.820480 0.313936
vt 0.824239 0.324029
vt 0.813082 0.326041
vt 0.757390 0.549033
vt 0.958262 0.620699
vt 0.950661 0.615962
vt 0.958262 0.607546
vt 0.112679 0.646545
vt 0.017598 0.171852
vt 0.314259 0.916470
vt 0.926108 0.346345
vt 0.915499 0.352612
vt 0.915499 0.336578
vt 0.542975 0.437932
vt 0.939100 0.154057
vt 0.536218 0.976715
vt 0.536218 0.991641
vt 0.531265 0.990212
vt 0.089306 0.951625
vt 0.700195 0.078858
vt 0.448581 0.708186
vt 0.726267 0.534645
vt 0.712803 0.533726
vt 0.731873 0.521398
vt 0.811442 0.313435
vt 0.657003 0.756784
vt 0.554534 0.574843
vt 0.548254 0.582554
vt 0.602171 0.907881
vt 0.611831 0.897316
vt 0.611817 0.916100
vt 0.897195 0.007797
vt 0.049421 0.647252
vt 0.869496 0.667846
vt 0.865371 0.677773
vt 0.858294 0.658863
vt 0.832004 0.220928
vt 0.885283 0.124194
vt 0.885330 0.097280
vt 0.896363 0.115070
vt 0.468399 0.710068
vt 0.727522 0.217777
vt 0.136752 0.604045
vt 0.123570 0.397415
vt 0.531633 0.939695
vt 0.519386 0.927683
vt 0.529874 0.926077
vt 0.883632 0.015032
vt 0.922786 0.328800
vt 0.878025 0.671971
vt 0.836720 0.213561
vt 0.039638 0.371406
vt 0.012035 0.361629
vt 0.898477 0.098708
vt 0.955933 0.053910
vt 0.962538 0.060534
vt 0.955933 0.073945
vt 0.891383 0.714371
vt 0.882839 0.711496
vt 0.951304 0.626168
vt 0.118102 0.868084
vt 0.150820 0.369570
vt 0.170834 0.379631
vt 0.927699 0.097946
vt 0.963314 0.138564
vt 0.956262 0.143784
vt 0.956262 0.125105
vt 0.572046 0.427343
vt 0.577845 0.416034
vt 0.546884 0.428058
vt 0.559878 0.391565
vt 0.055410 0.379746
vt 0.805178 0.326742
vt 0.515880 0.531610
vt 0.550088 0.556333
vt 0.528744 0.546832
vt 0.458520 0.787131
vt 0.124491 0.612763
vt 0.478778 0.516309
vt 0.490387 0.505376
vt 0.494041 0.514378
vt 0.891666 0.011172
vt 0.516424 0.866034
vt 0.808437 0.155217
vt 0.817585 0.160960
vt 0.520770 0.991588
vt 0.520770 0.976715
vt 0.525742 0.985506
vt 0.963008 0.306570
vt 0.954682 0.297631
vt 0.963008 0.290638
vt 0.073476 0.642428
vt 0.073251 0.657015
vt 0.349465 0.728944
vt 0.831957 0.267328
vt 0.888188 0.088118
vt 0.713006 0.214450
vt 0.598464 0.885969
vt 0.609949 0.880135
vt 0.604455 0.889318
vt 0.143847 0.399007
vt 0.883564 0.548847
vt 0.160493 0.366447
vt 0.062280 0.613794
vt 0.050960 0.619102
vt 0.053972 0.603114
vt 0.005960 0.171251
vt 0.910810 0.188161
vt 0.902647 0.171597
vt 0.912660 0.165119
vt 0.144542 0.158750
vt 0.841539 0.936445
vt 0.841539 0.920550
vt 0.852221 0.930513
vt 0.215208 0.665795
vt 0.904656 0.007811
vt 0.207860 0.351899
vt 0.198056 0.359307
vt 0.186142 0.361482
vt 0.596563 0.399980
vt 0.860108 0.499645
vt 0.852330 0.472383
vt 0.870521 0.494485
vt 0.489330 0.971876
vt 0.498342 0.962899
vt 0.498342 0.973259
vt 0.834883 0.142049
vt 0.065208 0.385934
vt 0.488810 0.874573
vt 0.482011 0.882550
vt 0.469486 0.874573
vt 0.687874 0.769974
vt 0.676745 0.780763
vt 0.717303 0.247381
vt 0.165469 0.396018
vt 0.853863 0.921845
vt 0.878387 0.665791
vt 0.893498 0.640416
vt 0.893933 0.667450
vt 0.862619 0.476991
vt 0.904503 0.000000
vt 0.593496 0.985679
vt 0.598218 0.976715
vt 0.598218 0.991119
vt 0.871794 0.658289
vt 0.034655 0.365460
vt 0.847105 0.272940
vt 0.669499 0.773978
vt 0.650886 0.739765
vt 0.957080 0.935063
vt 0.948732 0.924716
vt 0.916715 0.634515
vt 0.917417 0.650466
vt 0.905187 0.645165
vt 0.170320 0.157295
vt 0.462980 0.923211
vt 0.454826 0.911005
vt 0.468117 0.911005
vt 0.544327 0.698958
vt 0.548656 0.673230
vt 0.554147 0.691162
vt 0.828100 0.158680
vt 0.968977 0.680707
vt 0.974344 0.676406
vt 0.971635 0.688304
vt 0.884513 0.535091
vt 0.840587 0.197218
vt 0.421531 0.913031
vt 0.421531 0.929144
vt 0.408052 0.919808
vt 0.905187 0.659262
vt 0.641841 0.734662
vt 0.647583 0.750277
vt 0.637154 0.753173
vt 0.790728 0.984686
vt 0.783330 0.984686
vt 0.785632 0.976715
vt 0.119398 0.166923
vt 0.247143 0.520580
vt 0.248343 0.541127
vt 0.234068 0.544048
vt 0.068479 0.636741
vt 0.843997 0.209187
vt 0.311712 0.728774
vt 0.330575 0.721220
vt 0.431634 0.936382
vt 0.443246 0.936382
vt 0.435956 0.950113
vt 0.685460 0.075905
vt 0.945443 0.239888
vt 0.935450 0.239888
vt 0.944674 0.222411
vt 0.433588 0.814463
vt 0.430723 0.799164
vt 0.752166 0.594471
vt 0.477936 0.492680
vt 0.151574 0.408163
vt 0.134850 0.856530
vt 0.929590 0.328273
vt 0.929067 0.319411
vt 0.938780 0.309549
vt 0.412673 0.835528
vt 0.418464 0.842781
vt 0.394896 0.840219
vt 0.430104 0.828201
vt 0.230972 0.855393
vt 0.149085 0.366447
vt 0.124384 0.358046
vt 0.145625 0.348478
vt 0.884608 0.428535
vt 0.874347 0.439263
vt 0.873490 0.428886
vt 0.271222 0.991271
vt 0.265493 0.983876
vt 0.271222 0.976715
vt 0.843302 0.136642
vt 0.003795 0.642566
vt 0.021913 0.635045
vt 0.798714 0.939692
vt 0.798714 0.925603
vt 0.812050 0.928255
vt 0.720415 0.552828
vt 0.795500 0.321632
vt 0.619061 0.897205
vt 0.136986 0.409904
vt 0.923994 0.214673
vt 0.923994 0.199268
vt 0.933581 0.209042
vt 0.878794 0.645469
vt 0.676473 0.976715
vt 0.678720 0.985635
vt 0.671515 0.985635
vt 0.871296 0.466352
vt 0.877155 0.478975
vt 0.597056 0.917463
vt 0.608308 0.932953
vt 0.597056 0.935437
vt 0.174320 0.878761
vt 0.173439 0.866230
vt 0.150412 0.964261
vt 0.159745 0.950131
vt 0.159764 0.964261
vt 0.239830 0.976715
vt 0.239830 0.988610
vt 0.232779 0.982724
vt 0.835320 0.192302
vt 0.053813 0.367780
vt 0.064512 0.371232
vt 0.007782 0.984908
vt 0.000000 0.988373
vt 0.000000 0.976715
vt 0.053848 0.366902
vt 0.868354 0.276191
vt 0.859239 0.253443
vt 0.868721 0.247472
vt 0.844685 0.247472
vt 0.835960 0.252828
vt 0.963872 0.560656
vt 0.970595 0.552560
vt 0.970595 0.568952
vt 0.758383 0.607071
vt 0.043540 0.609372
vt 0.178382 0.366537
vt 0.256815 0.522460
vt 0.262778 0.539203
vt 0.708453 0.782817
vt 0.732075 0.784296
vt 0.720313 0.805206
vt 0.725825 0.866328
vt 0.718901 0.879764
vt 0.704817 0.869606
vt 0.174570 0.354782
vt 0.174219 0.338352
vt 0.816924 0.954978
vt 0.811276 0.942895
vt 0.823055 0.942895
vt 0.667732 0.235930
vt 0.678510 0.235930
vt 0.670659 0.244619
vt 0.678079 0.247440
vt 0.885414 0.447065
vt 0.873490 0.452778
vt 0.871806 0.452850
vt 0.860388 0.460753
vt 0.901693 0.941184
vt 0.901693 0.926170
vt 0.913817 0.929195
vt 0.487819 0.923752
vt 0.487819 0.947669
vt 0.481567 0.936499
vt 0.558392 0.386991
vt 0.564765 0.372712
vt 0.700150 0.554397
vt 0.695086 0.537601
vt 0.681841 0.789783
vt 0.670240 0.793013
vt 0.965832 0.193385
vt 0.959012 0.180499
vt 0.965832 0.175281
vt 0.739087 0.548779
vt 0.821089 0.373577
vt 0.796041 0.366794
vt 0.817628 0.360881
vt 0.916695 0.088118
vt 0.920731 0.113101
vt 0.909745 0.104649
vt 0.540626 0.540360
vt 0.206295 0.838369
vt 0.197417 0.830132
vt 0.209854 0.828035
vt 0.155180 0.161636
vt 0.870690 0.521353
vt 0.852293 0.521353
vt 0.856045 0.500712
vt 0.891031 0.834742
vt 0.898763 0.837013
vt 0.889632 0.849074
vt 0.948560 0.781398
vt 0.948560 0.803692
vt 0.941318 0.789246
vt 0.396465 0.824366
vt 0.224228 0.670737
vt 0.779829 0.889491
vt 0.770113 0.889649
vt 0.769484 0.875587
vt 0.352538 0.775038
vt 0.377052 0.769755
vt 0.350660 0.790911
vt 0.398651 0.881046
vt 0.387243 0.899100
vt 0.384786 0.887689
vt 0.054669 0.636022
vt 0.007421 0.634127
vt 0.848029 0.279956
vt 0.854378 0.270140
vt 0.339801 0.719666
vt 0.877892 0.641394
vt 0.693820 0.063089
vt 0.363137 0.725489
vt 0.350660 0.729770
vt 0.352950 0.719666
vt 0.435781 0.836594
vt 0.444621 0.824671
vt 0.171463 0.409333
vt 0.117566 0.857679
vt 0.798546 0.949850
vt 0.791289 0.933620
vt 0.798546 0.928336
vt 0.243769 0.965121
vt 0.243769 0.952739
vt 0.252233 0.959151
vt 0.903761 0.247472
vt 0.883564 0.521398
vt 0.383671 0.779881
vt 0.377554 0.757178
vt 0.384786 0.760117
vt 0.368689 0.761255
vt 0.356719 0.756167
vt 0.365692 0.743243
vt 0.958331 0.124389
vt 0.950341 0.116631
vt 0.027910 0.355457
vt 0.865530 0.634550
vt 0.659965 0.787029
vt 0.699414 0.049551
vt 0.084709 0.948836
vt 0.087837 0.962976
vt 0.528815 0.534565
vt 0.200349 0.818859
vt 0.455704 0.062309
vt 0.463914 0.176248
vt 0.213708 0.151514
vt 0.735568 0.809926
vt 0.506384 0.862490
vt 0.164678 0.345657
vt 0.821664 0.172696
vt 0.928067 0.192302
vt 0.187387 0.334185
vt 0.397566 0.907429
vt 0.849067 0.675838
vt 0.047929 0.636295
vt 0.782549 0.900442
vt 0.794565 0.890904
vt 0.794565 0.912322
vt 0.597056 0.897316
vt 0.490680 0.486445
vt 0.496408 0.496372
vt 0.421852 0.815161
vt 0.729033 0.856966
vt 0.720716 0.850332
vt 0.758295 0.877964
vt 0.761048 0.862091
vt 0.779829 0.864056
vt 0.022502 0.625087
vt 0.264652 0.946809
vt 0.272069 0.936715
vt 0.271099 0.953912
vt 0.702547 0.945903
vt 0.702547 0.957791
vt 0.694168 0.946455
vt 0.608320 0.396052
vt 0.606663 0.386527
vt 0.619402 0.386543
vt 0.691124 0.955655
vt 0.205950 0.965517
vt 0.196572 0.966959
vt 0.196572 0.954585
vt 0.022494 0.347163
vt 0.786625 0.339575
vt 0.812263 0.338926
vt 0.193495 0.844793
vt 0.371136 0.877393
vt 0.384389 0.868740
vt 0.381575 0.881180
vt 0.098331 0.163907
vt 0.903830 0.154057
vt 0.384786 0.827838
vt 0.750845 0.797827
vt 0.745019 0.780258
vt 0.838944 0.174325
vt 0.829532 0.183894
vt 0.730090 0.840526
vt 0.104754 0.629589
vt 0.088980 0.627529
vt 0.102342 0.619582
vt 0.038680 0.622424
vt 0.586850 0.365129
vt 0.080768 0.372517
vt 0.575564 0.363679
vt 0.247482 0.987661
vt 0.239830 0.983926
vt 0.247482 0.976715
vt 0.850253 0.261614
vt 0.847675 0.252321
vt 0.618762 0.962711
vt 0.626833 0.950697
vt 0.629686 0.962711
vt 0.431592 0.833059
vt 0.460981 0.830935
vt 0.809698 0.351833
vt 0.453662 0.813173
vt 0.463424 0.799368
vt 0.477855 0.474360
vt 0.488475 0.478596
vt 0.191034 0.823448
vt 0.883316 0.000000
vt 0.232102 0.178229
vt 0.227049 0.159910
vt 0.047120 0.158000
vt 0.266611 0.507907
vt 0.271520 0.519007
vt 0.367946 0.925622
vt 0.358533 0.934709
vt 0.358533 0.914327
vt 0.399655 0.822758
vt 0.846041 0.191257
vt 0.510362 0.875483
vt 0.502756 0.873761
vt 0.846041 0.144773
vt 0.850535 0.665918
vt 0.084727 0.990803
vt 0.079650 0.993975
vt 0.079650 0.977016
vt 0.084313 0.976715
vt 0.940739 0.741249
vt 0.930135 0.748774
vt 0.535251 0.954373
vt 0.543216 0.966300
vt 0.533479 0.966300
vt 0.034614 0.351569
vt 0.470336 0.887809
vt 0.825519 0.249366
vt 0.805615 0.377243
vt 0.644418 0.780339
vt 0.137400 0.982893
vt 0.144217 0.989372
vt 0.160310 0.418661
vt 0.189707 0.398593
vt 0.012522 0.152699
vt 0.134751 0.160655
vt 0.704812 0.790498
vt 0.619402 0.399813
vt 0.605135 0.780310
vt 0.600139 0.772600
vt 0.612221 0.774637
vt -0.000076 0.359254
vt 0.018428 0.342721
vt 0.758051 0.566570
vt 0.735818 0.570765
vt 0.873565 0.531986
vt 0.868345 0.524194
vt 0.075542 0.130786
vt 0.518013 0.919171
vt 0.502756 0.916022
vt 0.518013 0.901218
vt 0.963398 0.634515
vt 0.963398 0.653426
vt 0.956455 0.639340
vt 0.407892 0.808603
vt 0.112679 0.361532
vt 0.113699 0.353090
vt 0.892541 0.438524
vt 0.085544 0.641320
vt 0.933937 0.453505
vt 0.935545 0.474334
vt 0.927090 0.468886
vt 0.626954 0.976715
vt 0.630842 0.991804
vt 0.626954 0.993820
vt 0.452078 0.898884
vt 0.450010 0.886522
vt 0.454792 0.891806
vt 0.301296 0.744081
vt 0.299333 0.757344
vt 0.293369 0.739341
vt 0.369162 0.883211
vt 0.380023 0.883260
vt 0.368393 0.897567
vt 0.479959 0.460641
vt 0.472412 0.468169
vt 0.146164 0.420229
vt 0.232597 0.135584
vt 0.860593 0.926138
vt 0.860593 0.905969
vt 0.873263 0.921583
vt 0.952598 0.532410
vt 0.959835 0.521170
vt 0.959835 0.539915
vt 0.926313 0.633994
vt 0.917203 0.625296
vt 0.926313 0.607546
vt 0.164807 0.336314
vt 0.207510 0.778306
vt 0.222349 0.774610
vt 0.214606 0.797118
vt 0.219560 0.758496
vt 0.115959 0.342729
vt 0.857375 0.706970
vt 0.851264 0.698469
vt 0.860118 0.697520
vt 0.044479 0.344283
vt 0.588005 0.764436
vt 0.584842 0.778140
vt 0.380568 0.900066
vt 0.654969 0.782919
vt 0.925545 0.938792
vt 0.935094 0.925704
vt 0.938951 0.938792
vt 0.777613 0.374388
vt 0.775926 0.390144
vt 0.769175 0.374388
vt 0.368243 0.951138
vt 0.366902 0.963823
vt 0.358021 0.951138
vt 0.467848 0.887010
vt 0.458245 0.897532
vt 0.454826 0.883074
vt 0.123861 0.346220
vt 0.861720 0.681640
vt 0.004525 0.622464
vt 0.030465 0.631108
vt 0.599200 0.761636
vt 0.092448 0.900274
vt 0.089306 0.886467
vt 0.105220 0.898856
vt 0.286406 0.733325
vt 0.296513 0.730834
vt 0.372947 0.912040
vt 0.721491 0.439446
vt 0.704260 0.407044
vt 0.734145 0.415402
vt 0.487325 0.470867
vt 0.209002 0.855880
vt 0.169372 0.420616
vt 0.174276 0.436224
vt 0.159668 0.436758
vt 0.187368 0.417903
vt 0.034722 0.607081
vt 0.508306 0.903111
vt 0.845163 0.156357
vt 0.109901 0.643260
vt 0.771467 0.853659
vt 0.955933 0.063829
vt 0.949044 0.069020
vt 0.949044 0.053910
vt 0.384786 0.744941
vt 0.668102 0.069547
vt 0.679131 0.082566
vt 0.758295 0.922044
vt 0.770923 0.911439
vt 0.770923 0.930060
vt 0.095984 0.486909
vt 0.089160 0.447814
vt 0.102085 0.462831
vt 0.283347 0.760870
vt 0.099364 0.439219
vt 0.173028 0.985027
vt 0.178793 0.976715
vt 0.178793 0.991560
vt 0.461827 0.822337
vt 0.194435 0.405724
vt 0.379702 0.853302
vt 0.464630 0.156056
vt 0.373921 0.986870
vt 0.377697 0.976715
vt 0.381928 0.986870
vt 0.105011 0.145640
vt 0.109701 0.156918
vt 0.272069 0.926424
vt 0.272069 0.908390
vt 0.285787 0.922925
vt 0.024823 0.938339
vt 0.013885 0.937387
vt 0.024823 0.921060
vt 0.874946 0.372815
vt 0.866321 0.349083
vt 0.874826 0.344941
vt 0.818080 0.190594
vt 0.639479 0.967642
vt 0.630447 0.967642
vt 0.630519 0.955073
vt 0.222055 0.814167
vt 0.204331 0.798935
vt 0.396774 0.685137
vt 0.401648 0.699944
vt 0.388769 0.700019
vt 0.077554 0.630334
vt 0.770923 0.967148
vt 0.770923 0.952097
vt 0.779025 0.965638
vt 0.964943 0.607546
vt 0.971089 0.612158
vt 0.964943 0.624979
vt 0.950412 0.736131
vt 0.958106 0.730046
vt 0.958106 0.748449
vt 0.931970 0.088072
vt 0.937475 0.074611
vt 0.465450 0.817709
vt 0.510604 0.901218
vt 0.521414 0.888033
vt 0.522082 0.900649
vt 0.503829 0.497738
vt 0.506492 0.516838
vt 0.516514 0.506155
vt 0.152055 0.425491
vt 0.465222 0.902694
vt 0.019534 0.590798
vt 0.719965 0.879764
vt 0.729256 0.888218
vt 0.719965 0.903086
vt 0.855250 0.388955
vt 0.867357 0.370669
vt 0.905648 0.452850
vt 0.912586 0.470870
vt 0.905648 0.478088
vt 0.399376 0.804852
vt 0.975529 0.068453
vt 0.969021 0.068453
vt 0.969107 0.053910
vt 0.852743 0.963063
vt 0.860385 0.966810
vt 0.852743 0.974982
vt 0.066354 0.628148
vt 0.481849 0.900442
vt 0.009576 0.332262
vt 0.730090 0.875956
vt 0.742447 0.884024
vt 0.736227 0.892208
vt 0.105078 0.880358
vt 0.098781 0.428745
vt 0.112069 0.428036
vt 0.717887 0.430149
vt 0.112679 0.849749
vt 0.368572 0.841155
vt 0.125074 0.142495
vt 0.392022 0.806440
vt 0.135292 0.337165
vt 0.843688 0.167673
vt 0.849269 0.678821
vt 0.707383 0.475841
vt 0.697477 0.476176
vt 0.699192 0.462131
vt 0.101235 0.412345
vt 0.102123 0.398831
vt 0.106456 0.411681
vt 0.882497 0.527949
vt 0.878981 0.539442
vt 0.154792 0.452784
vt 0.190826 0.427570
vt 0.103290 0.920953
vt 0.089306 0.910832
vt 0.103290 0.900274
vt 0.516727 0.365813
vt 0.513060 0.385298
vt 0.503984 0.379624
vt 0.911447 0.848227
vt 0.921409 0.839175
vt 0.921409 0.859240
vt 0.890407 0.834501
vt 0.881622 0.825918
vt 0.890407 0.821970
vt 0.954087 0.074766
vt 0.036132 0.946169
vt 0.024931 0.940565
vt 0.111532 0.468371
vt 0.759907 0.912427
vt 0.104141 0.442262
vt 0.743548 0.581617
vt 0.944262 0.481209
vt 0.944262 0.501102
vt 0.935417 0.488878
vt 0.975733 0.859844
vt 0.969436 0.866859
vt 0.969436 0.851997
vt 0.932057 0.589869
vt 0.922723 0.591610
vt 0.928576 0.578088
vt 0.949294 0.677563
vt 0.941846 0.666698
vt 0.950582 0.659776
vt 0.014404 0.619582
vt 0.006312 0.613231
vt 0.009897 0.601838
vt 0.021491 0.607862
vt 0.052364 0.590697
vt 0.058265 0.578723
vt 0.063188 0.595892
vt 0.326298 0.855473
vt 0.335232 0.874862
vt 0.328162 0.883959
vt 0.413114 0.956972
vt 0.409980 0.943462
vt 0.420441 0.943462
vt 0.917620 0.464305
vt 0.412841 0.789505
vt 0.423068 0.802941
vt 0.234068 0.247315
vt 0.242118 0.252587
vt 0.246661 0.263935
vt 0.052902 0.626727
vt 0.588320 0.755748
vt 0.582516 0.033252
vt 0.574243 0.024929
vt 0.575838 0.000000
vt 0.502756 0.887434
vt 0.488741 0.982266
vt 0.493913 0.976715
vt 0.493913 0.991186
vt 0.360262 0.982846
vt 0.354975 0.992223
vt 0.277709 0.528553
vt 0.287430 0.509249
vt 0.286569 0.524401
vt 0.902636 0.850716
vt 0.862482 0.328800
vt 0.404204 0.799787
vt 0.645426 0.390196
vt 0.659781 0.397487
vt 0.648769 0.403788
vt 0.869653 0.693161
vt 0.690515 0.460982
vt 0.112641 0.582271
vt 0.112641 0.611778
vt 0.106071 0.602920
vt 0.685231 0.052579
vt 0.730090 0.900937
vt 0.747906 0.891055
vt 0.778301 0.323458
vt 0.157692 0.464697
vt 0.166572 0.454997
vt 0.178935 0.465453
vt 0.506418 0.489836
vt 0.491640 0.462475
vt 0.726201 0.913668
vt 0.500979 0.351840
vt 0.504034 0.340097
vt 0.517342 0.353042
vt 0.593278 0.890899
vt 0.580235 0.899562
vt 0.586191 0.885470
vt 0.585959 0.905400
vt 0.251338 0.246921
vt 0.183317 0.322289
vt 0.198276 0.320015
vt 0.705255 0.958878
vt 0.714522 0.949585
vt 0.714969 0.961893
vt 0.060746 0.343943
vt 0.293881 0.761094
vt 0.290319 0.771543
vt 0.702636 0.421023
vt 0.713029 0.439095
vt 0.550291 0.730418
vt 0.550291 0.698959
vt 0.554147 0.715340
vt 0.755696 0.585230
vt 0.537610 0.521398
vt 0.523754 0.526724
vt 0.198665 0.424485
vt 0.077281 0.560718
vt 0.059486 0.566058
vt 0.032976 0.587277
vt 0.024435 0.137426
vt 0.575746 0.325216
vt 0.589732 0.329460
vt 0.586548 0.348997
vt 0.258074 0.508037
vt 0.252115 0.462852
vt 0.264398 0.449984
vt 0.858461 0.038649
vt 0.850112 0.050257
vt 0.843672 0.030303
vt 0.386032 0.808448
vt 0.502225 0.396788
vt 0.963562 0.371434
vt 0.955757 0.364511
vt 0.963562 0.354445
vt 0.173473 0.930106
vt 0.173473 0.912651
vt 0.186049 0.917111
vt 0.699953 0.247469
vt 0.689392 0.238380
vt 0.699953 0.235930
vt 0.665880 0.411420
vt 0.108672 0.660294
vt 0.093808 0.658319
vt 0.822315 0.917221
vt 0.812050 0.911360
vt 0.822344 0.903322
vt 0.112679 0.960518
vt 0.112679 0.944272
vt 0.121129 0.955541
vt 0.942291 0.200423
vt 0.933581 0.212782
vt 0.934007 0.198568
vt 0.219489 0.917325
vt 0.208295 0.912367
vt 0.222035 0.905557
vt 0.701334 0.584635
vt 0.695086 0.566495
vt 0.102103 0.472124
vt 0.234068 0.389049
vt 0.225553 0.384886
vt 0.227018 0.368531
vt 0.784836 0.313435
vt 0.002111 0.899700
vt 0.012539 0.890650
vt 0.017433 0.904407
vt 0.554534 0.537064
vt 0.058850 0.972713
vt 0.058850 0.958338
vt 0.065976 0.960902
vt 0.549127 0.529912
vt 0.137289 0.431026
vt 0.501312 0.474815
vt 0.866192 0.538666
vt 0.524902 0.511229
vt 0.344213 0.866371
vt 0.335088 0.850228
vt 0.278532 0.512853
vt 0.219612 0.506238
vt 0.220238 0.482846
vt 0.231608 0.511503
vt 0.226966 0.479112
vt 0.593278 0.912220
vt 0.717473 0.822652
vt 0.744153 0.828076
vt 0.238121 0.260199
vt 0.905306 0.676739
vt 0.919311 0.669720
vt 0.153606 0.341252
vt 0.137989 0.326437
vt 0.414897 0.704401
vt 0.413098 0.694409
vt 0.691248 0.855290
vt 0.683985 0.842628
vt 0.697648 0.842476
vt 0.571742 0.767732
vt 0.208295 0.898537
vt 0.217993 0.894930
vt 0.588928 0.866542
vt 0.583459 0.863378
vt 0.581942 0.842590
vt 0.932057 0.601557
vt 0.173439 0.829406
vt 0.040106 0.572819
vt 0.572985 0.306395
vt 0.582945 0.284117
vt 0.593938 0.172872
vt 0.575047 0.196711
vt 0.585692 0.172644
vt 0.855250 0.341254
vt 0.863215 0.068297
vt 0.704812 0.845397
vt 0.552435 0.630577
vt 0.544327 0.623441
vt 0.552199 0.615929
vt 0.912623 0.831493
vt 0.813270 0.923454
vt 0.579549 0.054264
vt 0.586270 0.043606
vt 0.624830 0.642505
vt 0.630942 0.620318
vt 0.635166 0.630195
vt 0.027434 0.329397
vt 0.301128 0.769433
vt 0.713205 0.581198
vt 0.721823 0.572866
vt 0.752158 0.810186
vt 0.752158 0.780258
vt 0.758200 0.783501
vt 0.593278 0.851841
vt 0.959835 0.527394
vt 0.967427 0.521170
vt 0.967427 0.537094
vt -0.000000 0.884909
vt 0.181441 0.816659
vt 0.454165 0.914209
vt 0.444231 0.919415
vt 0.444483 0.900393
vt 0.935396 0.629799
vt 0.926313 0.623934
vt 0.935396 0.607546
vt 0.297468 0.508602
vt 0.279734 0.488461
vt 0.247932 0.413572
vt 0.567482 0.187813
vt 0.157004 0.324749
vt 0.531010 0.824732
vt 0.523493 0.830612
vt 0.523493 0.810235
vt 0.822344 0.926624
vt 0.107861 0.670461
vt 0.193019 0.786954
vt 0.196689 0.773872
vt 0.432269 0.699732
vt 0.672159 0.050724
vt 0.680538 0.040753
vt 0.519386 0.968889
vt 0.519386 0.955054
vt 0.527641 0.955680
vt 0.923907 0.938738
vt 0.914467 0.938738
vt 0.925545 0.928916
vt 0.173209 0.448860
vt 0.261138 0.368274
vt 0.249447 0.374733
vt 0.240942 0.352617
vt 0.874035 0.926138
vt 0.874035 0.939817
vt 0.860593 0.938787
vt 0.168799 0.318523
vt 0.653400 0.423024
vt 0.919136 0.358698
vt 0.919136 0.383628
vt 0.907208 0.370162
vt 0.579943 0.068095
vt 0.573539 0.061783
vt 0.679239 0.827195
vt 0.691518 0.820835
vt 0.581881 0.752051
vt 0.217079 0.414626
vt 0.227319 0.416846
vt 0.708528 0.584753
vt 0.697177 0.451580
vt 0.682577 0.423925
vt 0.907732 0.497498
vt 0.916294 0.481209
vt 0.916294 0.515893
vt 0.230972 0.702894
vt 0.225558 0.668812
vt 0.230605 0.670365
vt 0.795558 0.380046
vt 0.783069 0.368884
vt 0.685540 0.026990
vt 0.670521 0.019092
vt 0.682048 0.015228
vt 0.758222 0.409670
vt 0.777896 0.410939
vt 0.771969 0.420686
vt 0.482306 0.452879
vt 0.473414 0.438992
vt 0.494677 0.450202
vt 0.888447 0.785628
vt 0.870294 0.787175
vt 0.875310 0.781398
vt 0.469486 0.950782
vt 0.469809 0.937816
vt 0.479619 0.941728
vt 0.002832 0.148145
vt 0.004897 0.127726
vt 0.221618 0.520068
vt 0.851435 0.012712
vt 0.704934 0.812323
vt 0.712119 0.805719
vt 0.187723 0.311029
vt 0.809783 0.918210
vt 0.812050 0.925603
vt 0.800291 0.916608
vt 0.085407 0.677810
vt 0.967552 0.769474
vt 0.961010 0.776909
vt 0.961010 0.758817
vt 0.779829 0.943909
vt 0.789381 0.948470
vt 0.779829 0.956254
vt 0.159834 0.930729
vt 0.162481 0.915633
vt 0.173211 0.930729
vt 0.070521 0.355003
vt 0.209319 0.403148
vt 0.219729 0.402153
vt 0.881404 0.708415
vt 0.879230 0.680784
vt 0.888588 0.692695
vt 0.143856 0.457409
vt 0.140576 0.467888
vt 0.822012 0.521352
vt 0.822012 0.506799
vt 0.836130 0.510664
vt 0.954188 0.096629
vt 0.945951 0.106380
vt 0.945951 0.088118
vt 0.914139 0.922547
vt 0.907702 0.537964
vt 0.910928 0.560097
vt 0.901686 0.543483
vt 0.217899 0.117824
vt 0.255340 0.329490
vt 0.241409 0.306544
vt 0.253743 0.304847
vt 0.575779 0.081589
vt 0.812050 0.903322
vt 0.422545 0.779383
vt 0.562240 0.054226
vt 0.873611 0.678124
vt 0.631412 0.401410
vt 0.595815 0.749019
vt 0.284006 0.772723
vt 0.301296 0.782324
vt 0.581942 0.879519
vt 0.585531 0.885470
vt 0.942655 0.053870
vt 0.948984 0.042707
vt 0.952025 0.053870
vt 0.776907 0.390196
vt 0.762870 0.393339
vt 0.230972 0.656803
vt 0.878122 0.559361
vt 0.488489 0.438954
vt 0.209155 0.404762
vt 0.208142 0.416814
vt 0.223189 0.133714
vt 0.398362 0.913031
vt 0.408052 0.932493
vt 0.572604 0.340390
vt 0.269162 0.395558
vt 0.889632 0.870939
vt 0.248383 0.346456
vt 0.258749 0.300822
vt 0.267506 0.311606
vt 0.917920 0.778004
vt 0.907852 0.755262
vt 0.917920 0.748966
vt 0.842010 0.017501
vt 0.493424 0.359753
vt 0.430104 0.779120
vt 0.639836 0.421833
vt 0.399292 0.666793
vt 0.207026 0.940354
vt 0.205752 0.953295
vt 0.196572 0.945535
vt 0.049543 0.337329
vt 0.679065 0.904568
vt 0.671631 0.918912
vt 0.181041 0.460723
vt 0.516865 0.490509
vt 0.522344 0.472585
vt 0.176104 0.845171
vt 0.562498 0.284360
vt 0.574918 0.235009
vt 0.273927 0.435421
vt 0.496786 0.382257
vt 0.345117 0.969973
vt 0.346444 0.954816
vt 0.352760 0.969973
vt 0.729992 0.834165
vt 0.482674 0.923366
vt 0.482674 0.900441
vt 0.488810 0.919055
vt 0.905187 0.635784
vt 0.893933 0.669674
vt 0.893933 0.634515
vt 0.873536 0.204622
vt 0.881671 0.206991
vt 0.873033 0.218878
vt 0.791079 0.955019
vt 0.180235 0.945153
vt 0.173473 0.931767
vt 0.185056 0.930106
vt 0.074310 0.658097
vt 0.620440 0.406645
vt 0.627725 0.420206
vt 0.681371 0.813163
vt 0.388427 0.672112
vt 0.131871 0.976715
vt 0.137400 0.985075
vt 0.131871 0.992325
vt 0.493829 0.459586
vt 0.918711 0.452218
vt 0.907389 0.444400
vt 0.918711 0.437169
vt 0.890424 0.798136
vt 0.577952 0.168420
vt 0.565963 0.151851
vt 0.574108 0.128049
vt 0.273046 0.314228
vt 0.398091 0.791773
vt 0.544327 0.656158
vt 0.554054 0.649963
vt 0.963844 0.016477
vt 0.955810 0.006770
vt 0.963844 0.000000
vt 0.633946 0.661580
vt 0.223929 0.446800
vt 0.609414 0.752357
vt 0.073066 0.341631
vt 0.086491 0.346772
vt 0.210823 0.414021
vt 0.726829 0.586553
vt 0.892890 0.678124
vt 0.673769 0.029558
vt 0.753027 0.417199
vt 0.169975 0.476082
vt 0.519386 0.939695
vt 0.529171 0.939695
vt 0.527474 0.955054
vt 0.506123 0.462550
vt 0.196092 0.432204
vt 0.194406 0.441470
vt 0.861605 0.873190
vt 0.873263 0.883479
vt 0.861605 0.905969
vt 0.285753 0.465431
vt 0.268500 0.337865
vt 0.491347 0.334585
vt 0.891186 0.303072
vt 0.896657 0.295583
vt 0.897810 0.305512
vt 0.955757 0.354445
vt 0.955757 0.370441
vt 0.946429 0.368335
vt 0.554165 0.083622
vt 0.956136 0.599169
vt 0.949892 0.589331
vt 0.956686 0.589779
vt 0.618013 0.689348
vt 0.621571 0.664852
vt 0.619040 0.650970
vt 0.212533 0.444441
vt 0.083733 0.353507
vt 0.291286 0.788379
vt 0.414855 0.976715
vt 0.413245 0.990200
vt 0.408876 0.976715
vt 0.741631 0.591474
vt 0.340392 0.890543
vt 0.326298 0.902303
vt 0.326298 0.888682
vt 0.961593 0.895166
vt 0.971126 0.889053
vt 0.971126 0.899430
vt 0.515632 0.480080
vt 0.870690 0.518908
vt 0.872557 0.500650
vt 0.876953 0.510115
vt 0.493537 0.437765
vt 0.901693 0.955592
vt 0.911789 0.950594
vt 0.522361 0.494371
vt 0.913560 0.426233
vt 0.949248 0.256531
vt 0.940821 0.267018
vt 0.940821 0.247472
vt 0.958098 0.899554
vt 0.964209 0.913881
vt 0.958098 0.920553
vt 0.704219 0.904784
vt 0.719965 0.904784
vt 0.705809 0.921327
vt 0.233381 0.529898
vt 0.863981 0.022475
vt 0.704812 0.833096
vt 0.473544 0.348583
vt 0.562068 0.120098
vt 0.557911 0.105592
vt 0.383109 0.677529
vt 0.370158 0.670512
vt 0.370019 0.637614
vt 0.534032 0.875483
vt 0.534032 0.907109
vt 0.522082 0.895666
vt 0.548933 0.672543
vt 0.718093 0.840526
vt 0.229581 0.933159
vt 0.229581 0.948224
vt 0.218582 0.943708
vt 0.172747 0.312204
vt 0.426849 0.689674
vt 0.190207 0.805750
vt 0.416909 0.680784
vt 0.173473 0.944398
vt 0.804413 0.589958
vt 0.806180 0.581623
vt 0.815607 0.595433
vt 0.197456 0.923962
vt 0.197456 0.912080
vt 0.207584 0.921874
vt 0.286344 0.944192
vt 0.297476 0.942435
vt 0.297476 0.955271
vt 0.958262 0.626207
vt 0.964943 0.617289
vt 0.643870 0.881983
vt 0.641824 0.888604
vt 0.636691 0.883046
vt 0.561064 0.353041
vt 0.559265 0.337294
vt 0.286955 0.427255
vt 0.370019 0.705500
vt 0.945452 0.709873
vt 0.938288 0.731709
vt 0.937693 0.709873
vt 0.946429 0.370441
vt 0.935569 0.370441
vt 0.944680 0.354397
vt 0.881426 0.223344
vt 0.758085 0.910945
vt 0.748921 0.892727
vt 0.758085 0.875956
vt 0.443165 0.692039
vt 0.587850 0.742274
vt 0.902836 0.779910
vt 0.895696 0.773900
vt 0.907527 0.765899
vt 0.816281 0.578577
vt 0.813869 0.567038
vt 0.804567 0.577192
vt 0.769553 0.433723
vt 0.601661 0.990385
vt 0.601661 0.976715
vt 0.606598 0.978048
vt 0.198428 0.898487
vt 0.206226 0.907947
vt 0.636803 0.862657
vt 0.184648 0.114465
vt 0.945124 0.308173
vt 0.936764 0.290638
vt 0.946523 0.290638
vt 0.752158 0.816676
vt 0.758268 0.810186
vt 0.758268 0.837477
vt 0.193952 0.315550
vt 0.195657 0.304527
vt 0.207847 0.313025
vt 0.137099 0.313679
vt 0.067990 0.341013
vt 0.057899 0.327981
vt 0.677024 0.451264
vt 0.800745 0.564139
vt 0.085429 0.458475
vt 0.081185 0.464910
vt 0.066889 0.446497
vt 0.082352 0.431534
vt 0.077131 0.444740
vt 0.081507 0.477578
vt 0.088961 0.476620
vt 0.506861 0.436716
vt 0.053007 0.129581
vt 0.081773 0.120106
vt 0.552569 0.360560
vt 0.936481 0.531164
vt 0.944246 0.521398
vt 0.944246 0.543526
vt 0.478510 0.356341
vt 0.260151 0.297569
vt 0.667725 0.468218
vt 0.656687 0.448760
vt 0.675416 0.447475
vt 0.656950 0.433219
vt 0.668164 0.437141
vt 0.436275 0.682315
vt 0.897936 0.749732
vt 0.802325 0.583754
vt 0.800531 0.548479
vt 0.808808 0.544314
vt 0.335394 0.911076
vt 0.668444 0.007175
vt 0.686555 0.004870
vt 0.187455 0.479112
vt 0.889713 0.922016
vt 0.901267 0.933562
vt 0.889632 0.938075
vt 0.545108 0.351833
vt 0.554003 0.308855
vt 0.549592 0.228670
vt 0.550719 0.140614
vt 0.558335 0.120673
vt 0.279796 0.298755
vt 0.544189 0.126467
vt 0.699757 0.875406
vt 0.704620 0.855290
vt 0.704620 0.883196
vt 0.928017 0.005367
vt 0.928017 0.021495
vt 0.916699 0.009905
vt 0.186127 0.816659
vt 0.178432 0.805547
vt 0.646723 0.438371
vt 0.637491 0.426615
vt 0.575017 0.745490
vt 0.592352 0.738717
vt 0.828615 0.565685
vt 0.453467 0.594120
vt 0.448891 0.600261
vt 0.436064 0.588072
vt 0.892311 0.610344
vt 0.890286 0.596181
vt 0.901509 0.607306
vt 0.104956 0.129953
vt 0.121587 0.140090
vt 0.577866 0.960988
vt 0.576942 0.972206
vt 0.569009 0.960988
vt 0.295584 0.462751
vt 0.483958 0.397759
vt 0.229944 0.702894
vt 0.230972 0.726844
vt 0.225159 0.706240
vt 0.888737 0.212728
vt 0.182499 0.779903
vt 0.191222 0.773116
vt 0.431634 0.963073
vt 0.431634 0.950113
vt 0.441836 0.953573
vt 0.274959 0.890464
vt 0.279356 0.892828
vt 0.272069 0.908391
vt 0.058107 0.326151
vt 0.685894 0.411872
vt 0.065861 0.422938
vt 0.075022 0.412396
vt 0.448112 0.576284
vt 0.466482 0.580616
vt 0.463182 0.568545
vt 0.649242 0.886585
vt 0.070971 0.471257
vt 0.423889 0.615542
vt 0.427734 0.605532
vt 0.444121 0.610620
vt 0.911859 0.966668
vt 0.901693 0.963970
vt 0.911859 0.955592
vt 0.887194 0.816624
vt 0.878363 0.804929
vt 0.206318 0.438550
vt 0.874587 0.905483
vt 0.886192 0.916335
vt 0.875035 0.925768
vt 0.032028 0.558321
vt 0.941984 0.334151
vt 0.934239 0.351143
vt 0.934239 0.328800
vt 0.703015 0.908186
vt 0.691124 0.892899
vt 0.703015 0.889086
vt 0.547402 0.340915
vt 0.822012 0.453102
vt 0.834848 0.476109
vt 0.822012 0.489724
vt 0.942724 0.347834
vt 0.942158 0.340892
vt 0.950473 0.342781
vt 0.945185 0.426233
vt 0.953135 0.426836
vt 0.945185 0.445579
vt 0.109719 0.687169
vt 0.147933 0.310359
vt 0.956686 0.578088
vt 0.890837 0.202218
vt 0.834866 0.584601
vt 0.664049 0.038490
vt 0.395477 0.990452
vt 0.389581 0.983113
vt 0.395477 0.976715
vt 0.644551 0.869931
vt 0.057423 0.551777
vt 0.012946 0.116746
vt 0.141023 0.125935
vt 0.161488 0.126068
vt 0.692149 0.906431
vt 0.800071 0.882298
vt 0.800904 0.846800
vt 0.823178 0.856627
vt 0.551489 0.162155
vt 0.554703 0.119404
vt 0.687874 0.792650
vt 0.691391 0.753285
vt 0.703920 0.755515
vt 0.950473 0.328800
vt 0.935545 0.452850
vt 0.942154 0.466683
vt 0.935545 0.479238
vt 0.165548 0.306669
vt 0.175998 0.306303
vt 0.612526 0.361892
vt 0.616015 0.377782
vt 0.603167 0.366477
vt 0.449995 0.706551
vt 0.882299 0.192302
vt 0.596941 0.350959
vt 0.593938 0.338991
vt 0.606481 0.351198
vt 0.702072 0.826401
vt 0.601661 0.736040
vt 0.892890 0.705584
vt 0.658150 0.023435
vt 0.749677 0.431288
vt 0.752406 0.594471
vt 0.898605 0.926001
vt 0.061183 0.413269
vt 0.916294 0.513321
vt 0.929985 0.506226
vt 0.929086 0.520591
vt 0.003068 0.592875
vt 0.072044 0.552751
vt 0.713741 0.904784
vt 0.705522 0.897138
vt 0.635166 0.695062
vt 0.627473 0.719548
vt 0.691185 0.802360
vt 0.679239 0.798197
vt 0.421531 0.901700
vt 0.429923 0.885760
vt 0.429923 0.915334
vt 0.582654 0.738809
vt 0.931667 0.985690
vt 0.931667 0.976715
vt 0.935994 0.982979
vt 0.826096 0.597314
vt 0.046985 0.315924
vt 0.656621 0.050726
vt 0.659012 0.067448
vt 0.471654 0.909944
vt 0.482509 0.901702
vt 0.472744 0.921820
vt 0.738275 0.416880
vt 0.684093 0.403420
vt 0.057846 0.429794
vt 0.949771 0.976715
vt 0.949771 0.986932
vt 0.946526 0.979897
vt 0.942655 0.044034
vt 0.936037 0.028206
vt 0.941602 0.026114
vt 0.936037 0.052189
vt 0.859883 0.983603
vt 0.855189 0.987981
vt 0.855189 0.976715
vt 0.525921 0.487440
vt 0.061592 0.909539
vt 0.048168 0.925830
vt 0.048168 0.907132
vt 0.540937 0.363676
vt 0.276684 0.360405
vt 0.926467 0.309321
vt 0.926467 0.290638
vt 0.936764 0.304026
vt 0.526543 0.810235
vt 0.523493 0.774324
vt 0.531136 0.774324
vt 0.225159 0.740853
vt 0.601661 0.996401
vt 0.598218 0.976947
vt 0.209100 0.299365
vt 0.918229 0.000000
vt 0.637843 0.449073
vt 0.181490 0.767789
vt 0.187721 0.752137
vt 0.193126 0.763904
vt 0.402840 0.661413
vt 0.610015 0.742211
vt 0.838357 0.574012
vt 0.682806 0.436368
vt 0.309420 0.981802
vt 0.314935 0.976715
vt 0.314935 0.991764
vt 0.921910 0.172083
vt 0.930510 0.154057
vt 0.930510 0.179704
vt 0.916824 0.520591
vt 0.958134 0.947773
vt 0.965517 0.942257
vt 0.965517 0.959457
vt 0.955410 0.982467
vt 0.949771 0.982467
vt 0.954200 0.976715
vt 0.149091 0.950131
vt 0.156397 0.934802
vt 0.159764 0.950131
vt 0.511901 0.453032
vt 0.812444 0.799930
vt 0.801814 0.783802
vt 0.813159 0.781398
vt 0.937222 0.646076
vt 0.927077 0.653256
vt 0.927077 0.634515
vt 0.066122 0.990587
vt 0.061415 0.995426
vt 0.061415 0.976715
vt 0.917920 0.771023
vt 0.926537 0.748966
vt 0.926537 0.776472
vt 0.632519 0.372349
vt 0.625256 0.386527
vt 0.093677 0.699901
vt 0.178255 0.791504
vt 0.697521 0.815976
vt 0.074770 0.326823
vt 0.965485 0.251754
vt 0.972206 0.247472
vt 0.972206 0.262915
vt 0.557743 0.904258
vt 0.567985 0.920776
vt 0.137920 0.905362
vt 0.148399 0.891591
vt 0.148399 0.907573
vt 0.536715 0.495725
vt 0.972300 0.277055
vt 0.965959 0.284419
vt 0.011370 0.576791
vt 0.901751 0.227412
vt 0.901751 0.192302
vt 0.911885 0.205952
vt 0.963099 0.730131
vt 0.958106 0.755527
vt 0.695297 0.738717
vt 0.952938 0.442409
vt 0.602768 0.335134
vt 0.272069 0.888071
vt 0.288204 0.894825
vt 0.770848 0.985016
vt 0.775624 0.976715
vt 0.778007 0.985016
vt 0.950582 0.658200
vt 0.957898 0.672886
vt 0.950582 0.677563
vt 0.735997 0.436204
vt 0.017315 0.946088
vt 0.024823 0.939442
vt 0.024823 0.953135
vt 0.781860 0.433032
vt 0.063896 0.539662
vt 0.284785 0.398353
vt 0.215910 0.536837
vt 0.046469 0.871577
vt 0.034014 0.859554
vt 0.047694 0.854491
vt 0.904546 0.322447
vt 0.252998 0.952739
vt 0.243769 0.941654
vt 0.252998 0.936201
vt 0.041263 0.982514
vt 0.047646 0.976715
vt 0.047646 0.990639
vt 0.271770 0.902322
vt 0.265915 0.908279
vt 0.687874 0.732752
vt 0.111754 0.697485
vt 0.773045 0.901059
vt 0.779672 0.889649
vt 0.779672 0.910857
vt 0.890837 0.224831
vt 0.885275 0.234209
vt 0.178105 0.753979
vt 0.554503 0.951265
vt 0.546996 0.935727
vt 0.554503 0.930955
vt 0.554534 0.738203
vt 0.556251 0.727947
vt 0.567962 0.738332
vt 0.611665 0.728343
vt 0.088313 0.336010
vt 0.069259 0.333506
vt 0.944061 0.290502
vt 0.935699 0.274722
vt 0.944061 0.269675
vt 0.824446 0.563839
vt 0.069843 0.405172
vt 0.052039 0.402810
vt 0.507801 0.470968
vt 0.519673 0.462433
vt 0.956346 0.458686
vt 0.949325 0.473251
vt 0.949325 0.452850
vt 0.869878 0.818075
vt 0.830032 0.796557
vt 0.886192 0.903955
vt 0.019547 0.564937
vt 0.467180 0.123502
vt 0.190242 0.991235
vt 0.184390 0.985896
vt 0.190242 0.976715
vt 0.552621 0.195683
vt 0.465970 0.375249
vt 0.385657 0.493047
vt 0.393429 0.493300
vt 0.381778 0.515743
vt 0.976426 0.582070
vt 0.970275 0.592981
vt 0.970275 0.578088
vt 0.856533 0.606691
vt 0.854271 0.594170
vt 0.868343 0.582116
vt 0.858734 0.578088
vt 0.184199 0.300807
vt 0.594011 0.726359
vt 0.872829 0.976715
vt 0.870373 0.985364
vt 0.867253 0.976715
vt 0.066755 0.324370
vt 0.697310 0.394917
vt 0.102558 0.969225
vt 0.102297 0.958903
vt 0.112515 0.958903
vt 0.940295 0.015297
vt 0.928017 0.001839
vt 0.940295 0.000000
vt 0.899502 0.582555
vt 0.000477 0.579507
vt 0.975792 0.641504
vt 0.968964 0.648399
vt 0.968964 0.634515
vt 0.699192 0.916004
vt 0.317664 0.525705
vt 0.301446 0.531122
vt 0.210993 0.556324
vt 0.202127 0.556633
vt 0.909714 0.387088
vt 0.909714 0.416558
vt 0.902231 0.384188
vt 0.955079 0.758817
vt 0.961010 0.777098
vt 0.955079 0.781338
vt 0.543020 0.086138
vt 0.038583 0.837432
vt 0.935877 0.426175
vt 0.938292 0.405176
vt 0.944084 0.426175
vt 0.193956 0.293894
vt 0.854067 0.943204
vt 0.853863 0.920549
vt 0.860054 0.921900
vt 0.929212 0.988297
vt 0.925777 0.986816
vt 0.929212 0.976715
vt 0.646093 0.465384
vt 0.609914 0.967776
vt 0.618567 0.970295
vt 0.302165 0.550204
vt 0.295898 0.559397
vt 0.283184 0.544048
vt 0.086476 0.710302
vt 0.081477 0.718506
vt 0.063240 0.710822
vt 0.469486 0.900442
vt 0.014423 0.938339
vt 0.052013 0.453660
vt 0.647336 0.851737
vt 0.102370 0.121486
vt 0.924400 0.413912
vt 0.935877 0.409015
vt 0.704812 0.879764
vt 0.534432 0.831294
vt 0.551097 0.848976
vt 0.546142 0.868173
vt 0.024931 0.884248
vt 0.168996 0.828998
vt 0.155319 0.836821
vt 0.172574 0.805350
vt 0.024931 0.842541
vt 0.860054 0.945362
vt 0.140033 0.304684
vt 0.150694 0.293609
vt 0.086610 0.689155
vt 0.173439 0.785616
vt 0.066179 0.721732
vt 0.416028 0.869726
vt 0.408740 0.878408
vt 0.408811 0.860409
vt 0.885841 0.947090
vt 0.874299 0.952667
vt 0.874299 0.939525
vt 0.948753 0.000000
vt 0.955810 0.005113
vt 0.948753 0.020745
vt 0.967732 0.481209
vt 0.961779 0.495000
vt 0.959958 0.481209
vt 0.602741 0.726015
vt 0.020273 0.321286
vt 0.012823 0.303032
vt 0.028552 0.313857
vt 0.464042 0.557848
vt 0.451302 0.550445
vt 0.469486 0.549071
vt 0.539852 0.481386
vt 0.935993 0.984990
vt 0.939857 0.976715
vt 0.940573 0.984990
vt 0.463104 0.330825
vt 0.463104 0.303013
vt 0.468009 0.307200
vt 0.641864 0.883883
vt 0.649474 0.882623
vt 0.903505 0.901678
vt 0.889633 0.887427
vt 0.903505 0.870939
vt 0.230088 0.092958
vt 0.157072 0.119984
vt 0.524921 0.274290
vt 0.514202 0.233634
vt 0.519414 0.201043
vt 0.275429 0.328625
vt 0.851684 0.615885
vt 0.868069 0.602814
vt 0.641495 0.385126
vt 0.204632 0.290004
vt 0.859883 0.991431
vt 0.859883 0.976715
vt 0.863328 0.987656
vt 0.967551 0.773647
vt 0.967551 0.758817
vt 0.974113 0.765626
vt 0.144999 0.301729
vt 0.219198 0.475034
vt 0.074169 0.727642
vt 0.283164 0.557162
vt 0.930905 0.152767
vt 0.923041 0.141016
vt 0.930905 0.125105
vt 0.705743 0.988463
vt 0.700399 0.979213
vt 0.705743 0.976715
vt 0.763003 0.448052
vt 0.656621 0.010074
vt 0.776387 0.447506
vt 0.516692 0.434440
vt 0.907732 0.487156
vt 0.906874 0.505054
vt 0.895955 0.492415
vt 0.054937 0.540845
vt 0.054466 0.113670
vt 0.063355 0.129205
vt 0.233770 0.556633
vt 0.863981 0.000000
vt 0.523247 0.113568
vt 0.521921 0.091042
vt 0.534455 0.098263
vt 0.900818 0.424744
vt 0.509151 0.098493
vt 0.495319 0.103687
vt 0.497469 0.059705
vt 0.234068 0.473161
vt 0.368731 0.625673
vt 0.379105 0.637614
vt 0.370267 0.634592
vt 0.703397 0.809615
vt 0.271221 0.554296
vt 0.009220 0.837432
vt 0.001982 0.831359
vt 0.011279 0.823756
vt 0.958282 0.597737
vt 0.963326 0.578088
vt 0.038160 0.304751
vt 0.828563 0.549466
vt 0.818552 0.539317
vt 0.823477 0.535423
vt 0.406921 0.605436
vt 0.942822 0.986548
vt 0.946526 0.983731
vt 0.040551 0.433681
vt 0.658689 0.873191
vt 0.657543 0.886238
vt 0.411766 0.943462
vt 0.408052 0.929144
vt 0.420441 0.929144
vt 0.422273 0.598356
vt 0.420255 0.586403
vt 0.924391 0.426098
vt 0.053466 0.985293
vt 0.047646 0.991951
vt 0.443456 0.924264
vt 0.453851 0.924264
vt 0.450047 0.941557
vt 0.321264 0.511202
vt 0.624655 0.919327
vt 0.631475 0.935382
vt 0.619061 0.935382
vt 0.517226 0.169298
vt 0.502962 0.131735
vt 0.514683 0.135403
vt 0.534389 0.872252
vt 0.958472 0.231582
vt 0.964145 0.222411
vt 0.964145 0.244316
vt 0.838357 0.582264
vt 0.844008 0.578508
vt 0.177179 0.281634
vt 0.726322 0.973909
vt 0.717767 0.972400
vt 0.726322 0.962584
vt 0.208295 0.944260
vt 0.218582 0.933159
vt 0.077069 0.951771
vt 0.066391 0.937834
vt 0.077545 0.937834
vt 0.434947 0.671042
vt 0.693221 0.793013
vt 0.087916 0.727008
vt 0.565383 0.726688
vt 0.400554 0.665831
vt 0.384870 0.669211
vt 0.394877 0.657457
vt 0.904431 0.983449
vt 0.908816 0.976715
vt 0.908816 0.986880
vt 0.081415 0.610858
vt 0.090196 0.599922
vt 0.105500 0.616451
vt 0.408740 0.887008
vt 0.416368 0.885760
vt 0.421531 0.896255
vt 0.753668 0.452283
vt 0.076071 0.483097
vt 0.072055 0.490376
vt 0.065505 0.485340
vt 0.519587 0.448189
vt 0.536165 0.466548
vt 0.071948 0.481185
vt 0.528946 0.454447
vt 0.635600 0.983579
vt 0.640520 0.976715
vt 0.640520 0.990171
vt 0.912660 0.159178
vt 0.921910 0.154057
vt 0.921910 0.183857
vt 0.082664 0.124080
vt 0.219196 0.368531
vt 0.210403 0.344292
vt 0.220799 0.342761
vt 0.169640 0.291338
vt 0.633188 0.460030
vt 0.630135 0.473744
vt 0.949892 0.597922
vt 0.941757 0.587225
vt 0.949892 0.578088
vt 0.567985 0.900949
vt 0.883564 0.574559
vt 0.869045 0.573617
vt 0.368393 0.943664
vt 0.379046 0.943664
vt 0.372295 0.956808
vt 0.967427 0.520722
vt 0.973402 0.535261
vt 0.758295 0.930060
vt 0.770124 0.932191
vt 0.758295 0.944858
vt 0.173310 0.114856
vt 0.540937 0.311392
vt 0.521427 0.300496
vt 0.532530 0.281757
vt 0.564312 0.951608
vt 0.556269 0.962076
vt 0.554534 0.951577
vt 0.363464 0.335528
vt 0.365322 0.296478
vt 0.371615 0.313738
vt 0.506026 0.121792
vt 0.172574 0.861144
vt 0.381778 0.481770
vt 0.542986 0.883811
vt 0.892890 0.711411
vt 0.895476 0.688847
vt 0.905107 0.701488
vt 0.903598 0.684506
vt 0.133514 0.298494
vt 0.099606 0.729357
vt 0.935417 0.490351
vt 0.926040 0.486194
vt 0.935417 0.481209
vt 0.419643 0.873805
vt 0.418659 0.860063
vt 0.572490 0.931181
vt 0.569687 0.921247
vt 0.580035 0.926423
vt 0.411418 0.851598
vt 0.668201 0.330901
vt 0.660233 0.320115
vt 0.675114 0.317130
vt 0.408740 0.908747
vt 0.410102 0.900064
vt 0.417648 0.913031
vt 0.462442 0.537627
vt 0.569340 0.609097
vt 0.591085 0.601846
vt 0.588686 0.615480
vt 0.659180 0.000000
vt 0.920482 0.384188
vt 0.929427 0.404566
vt 0.920482 0.405984
vt 0.904656 0.000000
vt 0.916699 0.014890
vt 0.904662 0.025887
vt 0.863846 0.770573
vt 0.874233 0.770425
vt 0.863881 0.780894
vt 0.333235 0.517950
vt 0.511947 0.286964
vt 0.351561 0.364168
vt 0.365782 0.369523
vt 0.831702 0.506799
vt 0.961975 0.856360
vt 0.954937 0.851997
vt 0.739073 0.965490
vt 0.730090 0.960935
vt 0.739073 0.951432
vt 0.615464 0.337277
vt 0.411342 0.664897
vt 0.000000 0.818083
vt 0.654807 0.333658
vt 0.402844 0.656851
vt 0.975563 0.721396
vt 0.968533 0.723419
vt 0.968562 0.715272
vt 0.058141 0.311692
vt 0.082356 0.321555
vt 0.039307 0.808624
vt 0.028872 0.801068
vt 0.046818 0.799725
vt 0.597061 0.608234
vt 0.832532 0.538174
vt 0.436637 0.986668
vt 0.428825 0.979752
vt 0.436637 0.976715
vt 0.934899 0.870702
vt 0.934899 0.852510
vt 0.944602 0.856068
vt 0.503616 0.426051
vt 0.791221 0.949850
vt 0.798546 0.956767
vt 0.791221 0.965974
vt 0.059194 0.469577
vt 0.953878 0.693858
vt 0.953878 0.677882
vt 0.962334 0.687159
vt 0.896548 0.510801
vt 0.067101 0.106418
vt 0.883316 0.007944
vt 0.864593 0.011053
vt 0.873486 0.000782
vt 0.564312 0.964460
vt 0.398651 0.897588
vt 0.398651 0.879579
vt 0.408454 0.884505
vt 0.342614 0.398159
vt 0.624934 0.360950
vt 0.218771 0.321892
vt 0.626282 0.465075
vt 0.081421 0.698679
vt 0.076526 0.685856
vt 0.559289 0.883316
vt 0.571893 0.878557
vt 0.571893 0.891179
vt 0.080561 0.593570
vt 0.020435 0.808443
vt 0.443303 0.559431
vt 0.454849 0.563546
vt 0.065590 0.496869
vt 0.503222 0.412760
vt 0.515658 0.413416
vt -0.000000 0.570117
vt 0.798714 0.950970
vt 0.809757 0.939692
vt 0.809757 0.953330
vt 0.533233 0.313349
vt 0.824370 0.934938
vt 0.835486 0.929748
vt 0.835244 0.935811
vt 0.294555 0.872970
vt 0.299352 0.866889
vt 0.297941 0.887550
vt 0.407740 0.895137
vt 0.911886 0.200321
vt 0.923994 0.192302
vt 0.923994 0.215130
vt 0.849177 0.602460
vt 0.618021 0.348711
vt 0.695796 0.723094
vt 0.956977 0.282081
vt 0.951059 0.277454
vt 0.957448 0.268337
vt 0.428461 0.843148
vt 0.429163 0.885760
vt 0.554534 0.875997
vt 0.927607 0.503247
vt 0.905118 0.338674
vt 0.915499 0.328800
vt 0.913844 0.356499
vt 0.391470 0.647098
vt 0.760249 0.588497
vt 0.776685 0.583759
vt 0.767234 0.596769
vt 0.029470 0.296521
vt 0.443466 0.518099
vt 0.449759 0.504573
vt 0.454208 0.518376
vt 0.205130 0.934962
vt 0.196572 0.940354
vt 0.196572 0.927813
vt 0.657861 0.955456
vt 0.650317 0.949122
vt 0.657861 0.935858
vt 0.957204 0.318663
vt 0.948775 0.326671
vt 0.948775 0.309549
vt 0.434766 0.557975
vt 0.672785 0.383586
vt 0.662409 0.371130
vt 0.671551 0.366432
vt 0.891754 0.578088
vt 0.025174 0.550757
vt 0.348654 0.409496
vt 0.498623 0.161185
vt 0.367820 0.265068
vt 0.382864 0.277915
vt 0.473932 0.399980
vt 0.177499 0.291644
vt 0.909177 0.721601
vt 0.916779 0.726306
vt 0.905843 0.738905
vt 0.906990 0.712483
vt 0.282124 0.577589
vt 0.265221 0.570955
vt 0.288885 0.853843
vt 0.298016 0.857343
vt 0.286577 0.860250
vt 0.649180 0.319367
vt 0.975563 0.709873
vt 0.968533 0.709873
vt 0.968533 0.726402
vt 0.961399 0.725878
vt 0.828680 0.573256
vt 0.044191 0.789743
vt 0.460749 0.512379
vt 0.685600 0.390196
vt 0.576146 0.617708
vt 0.968093 0.389403
vt 0.960466 0.395373
vt 0.960466 0.379593
vt 0.073939 0.507842
vt 0.062277 0.505200
vt 0.168151 0.971601
vt 0.159834 0.971601
vt 0.162206 0.959209
vt 0.657040 0.388910
vt 0.159006 0.111203
vt 0.176992 0.104120
vt 0.333495 0.449994
vt 0.843689 0.452850
vt 0.851228 0.474170
vt 0.540937 0.065286
vt 0.422009 0.649829
vt 0.631646 0.861412
vt 0.630242 0.846236
vt 0.636633 0.851949
vt 0.580035 0.910092
vt 0.636633 0.833852
vt 0.032702 0.783034
vt 0.584784 0.593496
vt 0.326588 0.953718
vt 0.326298 0.940670
vt 0.337520 0.940670
vt 0.530142 0.435676
vt 0.409576 0.595432
vt 0.497082 0.408635
vt 0.512526 0.400778
vt 0.060768 0.521196
vt 0.037728 0.534712
vt 0.368243 0.946751
vt 0.358533 0.951138
vt 0.963008 0.295509
vt 0.969921 0.290638
vt 0.969921 0.307174
vt 0.838357 0.622817
vt 0.637540 0.365132
vt 0.196214 0.273533
vt 0.735485 0.334788
vt 0.741982 0.316637
vt 0.750794 0.330790
vt 0.294561 0.575209
vt 0.291640 0.561335
vt 0.647085 0.900356
vt 0.636691 0.908220
vt 0.644198 0.892981
vt 0.765302 0.562887
vt 0.777749 0.572113
vt 0.790751 0.595564
vt 0.893065 0.255954
vt 0.903490 0.262444
vt 0.010155 0.284867
vt 0.099349 0.591925
vt 0.022965 0.794218
vt 0.108965 0.335608
vt 0.098437 0.342514
vt 0.112679 0.319322
vt 0.436368 0.509541
vt 0.648697 0.955456
vt 0.657861 0.957938
vt 0.648697 0.967780
vt 0.060682 0.478972
vt 0.522872 0.423092
vt 0.880557 0.026675
vt 0.382728 0.305079
vt 0.914872 0.795571
vt 0.914872 0.811644
vt 0.903444 0.800324
vt 0.139647 0.290679
vt 0.296112 0.848671
vt 0.053356 0.305090
vt 0.092204 0.316552
vt 0.029089 0.410141
vt 0.037628 0.398831
vt 0.036840 0.417809
vt 0.852743 0.945362
vt 0.860054 0.960715
vt 0.863846 0.756269
vt 0.343682 0.456309
vt 0.369308 0.417444
vt 0.463104 0.399630
vt 0.670799 0.486478
vt 0.650593 0.481929
vt 0.163530 0.289196
vt 0.233449 0.321862
vt 0.217059 0.972303
vt 0.207827 0.972303
vt 0.211613 0.961644
vt 0.079650 0.987431
vt 0.072261 0.988607
vt 0.072261 0.976715
vt 0.367772 0.610932
vt 0.381775 0.604924
vt 0.379988 0.618564
vt 0.186152 0.897774
vt 0.193389 0.900872
vt 0.186049 0.913328
vt 0.612221 0.722369
vt 0.970318 0.370932
vt 0.963562 0.363439
vt 0.970318 0.354445
vt 0.009458 0.800418
vt 0.001221 0.810641
vt 0.896627 0.270072
vt 0.013409 0.839974
vt 0.006261 0.848655
vt 0.000000 0.837432
vt 0.573293 0.595722
vt 0.030605 0.469231
vt 0.006689 0.564919
vt 0.468119 0.098644
vt 0.004753 0.114266
vt 0.106205 0.104326
vt 0.111193 0.116045
vt 0.501737 0.214258
vt 0.500975 0.186096
vt 0.886867 0.610344
vt 0.904136 0.610344
vt 0.890630 0.631916
vt 0.490942 0.133645
vt 0.904351 0.781398
vt 0.963844 0.016157
vt 0.970107 0.000000
vt 0.970107 0.017628
vt 0.354395 0.629747
vt 0.958134 0.964815
vt 0.965919 0.959457
vt 0.965919 0.972681
vt 0.137482 0.880725
vt 0.137482 0.849749
vt 0.145121 0.867556
vt 0.148212 0.863083
vt 0.226830 0.557001
vt 0.233770 0.568896
vt 0.227503 0.599644
vt 0.403895 0.639884
vt 0.604437 0.715861
vt 0.021479 0.288877
vt 0.001598 0.280715
vt 0.677024 0.393568
vt 0.313565 0.946318
vt 0.302010 0.935178
vt 0.313565 0.931733
vt 0.832530 0.521398
vt 0.469486 0.519461
vt 0.469167 0.532397
vt 0.456936 0.525691
vt 0.436671 0.537980
vt 0.051708 0.499485
vt 0.649993 0.372491
vt 0.782391 0.956254
vt 0.791079 0.956254
vt 0.785481 0.968908
vt 0.357578 0.434331
vt 0.852851 0.446355
vt 0.864856 0.424333
vt 0.873490 0.427123
vt 0.202127 0.642406
vt 0.202831 0.616585
vt 0.211340 0.623895
vt 0.842705 0.630465
vt 0.089306 0.920953
vt 0.101761 0.923353
vt 0.089306 0.936645
vt 0.890424 0.806685
vt 0.903444 0.799401
vt 0.899073 0.816657
vt 0.157457 0.284169
vt 0.623161 0.481974
vt 0.620199 0.469355
vt 0.068100 0.743458
vt 0.080683 0.747011
vt 0.556895 0.891769
vt 0.918247 0.577597
vt 0.915287 0.561746
vt 0.925404 0.565374
vt 0.961975 0.867706
vt 0.961975 0.851997
vt 0.969436 0.860306
vt 0.379719 0.930095
vt 0.373378 0.921958
vt 0.381151 0.912040
vt 0.714236 0.107783
vt 0.723760 0.107413
vt 0.712999 0.123373
vt 0.937670 0.520591
vt 0.929985 0.504676
vt 0.941414 0.504676
vt 0.593496 0.982800
vt 0.586919 0.987160
vt 0.586919 0.976715
vt 0.945185 0.447478
vt 0.937153 0.436245
vt 0.412474 0.576752
vt 0.661986 0.340003
vt 0.672785 0.351685
vt 0.650737 0.344447
vt 0.036526 0.525857
vt 0.024027 0.077997
vt 0.094549 0.108154
vt 0.930037 0.402132
vt 0.930037 0.384188
vt 0.940222 0.392820
vt 0.521984 0.319702
vt 0.372596 0.246921
vt 0.381620 0.250666
vt 0.848558 0.503690
vt 0.651688 0.496989
vt 0.861532 0.191605
vt 0.863279 0.173174
vt 0.873375 0.191605
vt 0.631896 0.336742
vt 0.144137 0.891591
vt 0.568735 0.900949
vt 0.660709 0.311184
vt 0.515145 0.962737
vt 0.504646 0.953179
vt 0.515145 0.950211
vt 0.940897 0.125105
vt 0.940897 0.143329
vt 0.930906 0.138701
vt 0.041506 0.286605
vt 0.049975 0.298157
vt 0.093843 0.582271
vt 0.026659 0.776111
vt 0.185819 0.949254
vt 0.192319 0.935684
vt 0.196536 0.949254
vt 0.207584 0.923962
vt 0.569321 0.588220
vt 0.924391 0.426175
vt 0.909714 0.417830
vt 0.924391 0.410540
vt 0.952700 0.829803
vt 0.952700 0.808157
vt 0.958995 0.824309
vt 0.942154 0.466565
vt 0.942154 0.452850
vt 0.949325 0.459244
vt 0.512110 0.315738
vt 0.518047 0.329222
vt 0.379725 0.339183
vt 0.398006 0.926160
vt 0.398006 0.940048
vt 0.384786 0.926561
vt 0.487408 0.074493
vt 0.657938 0.505483
vt 0.258869 0.987435
vt 0.251077 0.984942
vt 0.258869 0.976715
vt 0.287419 0.992708
vt 0.292618 0.986584
vt 0.368393 0.912040
vt 0.654838 0.312571
vt 0.889427 0.277185
vt 0.957411 0.265068
vt 0.949248 0.257614
vt 0.957411 0.247472
vt 0.017302 0.783566
vt 0.743205 0.467377
vt 0.752031 0.468623
vt 0.930195 0.838560
vt 0.929280 0.855236
vt 0.922854 0.852299
vt 0.025159 0.921449
vt 0.038826 0.908795
vt 0.038826 0.926573
vt 0.433628 0.490688
vt 0.427152 0.494197
vt 0.751656 0.706128
vt 0.755653 0.688533
vt 0.765005 0.701801
vt 0.542976 0.458679
vt 0.119507 0.103314
vt 0.137411 0.926640
vt 0.136712 0.918600
vt 0.148399 0.922254
vt 0.375314 0.402618
vt 0.493722 0.167053
vt 0.632550 0.487918
vt 0.765476 0.334919
vt 0.766834 0.322491
vt 0.275904 0.853431
vt 0.287826 0.843413
vt 0.674197 0.301805
vt 0.066122 0.976715
vt 0.072261 0.980192
vt 0.066122 0.991057
vt 0.921409 0.856681
vt 0.934899 0.856681
vt 0.930424 0.870702
vt 0.009954 0.794807
vt 0.090956 0.325168
vt 0.079800 0.312248
vt 0.050416 0.506970
vt 0.554534 0.595492
vt 0.642941 0.388100
vt 0.125273 0.110369
vt 0.132528 0.102236
vt 0.132896 0.112093
vt 0.479335 0.964078
vt 0.469486 0.961186
vt 0.479335 0.950782
vt 0.613058 0.739531
vt 0.636691 0.723094
vt 0.627248 0.745494
vt 0.492870 0.263557
vt 0.485347 0.166643
vt 0.479419 0.139927
vt 0.868528 0.406392
vt 0.208264 0.600756
vt 0.219668 0.601825
vt 0.891699 0.796565
vt 0.437344 0.653236
vt 0.443709 0.663288
vt 0.211619 0.279846
vt 0.415310 0.641013
vt 0.024261 0.849820
vt 0.014568 0.858857
vt 0.792247 0.576667
vt 0.845425 0.976715
vt 0.845425 0.988333
vt 0.840724 0.980690
vt 0.032773 0.285968
vt 0.043242 0.490313
vt 0.748187 0.219355
vt 0.743388 0.227980
vt 0.736937 0.214450
vt 0.453628 0.965728
vt 0.443456 0.958321
vt 0.453628 0.954204
vt 0.763305 0.686968
vt 0.751922 0.674755
vt 0.534125 0.446242
vt 0.804011 0.813351
vt 0.815170 0.810560
vt 0.189875 0.095971
vt 0.851817 0.412564
vt 0.839683 0.403791
vt 0.850526 0.397722
vt 0.154598 0.099626
vt 0.620480 0.762446
vt 0.464268 0.948481
vt 0.454826 0.959154
vt 0.080842 0.912614
vt 0.080842 0.878814
vt 0.088798 0.891372
vt 0.355687 0.615443
vt 0.799957 0.587543
vt 0.800531 0.605906
vt 0.653174 0.906542
vt 0.712999 0.099502
vt 0.425925 0.539623
vt 0.583715 0.577138
vt 0.402177 0.589844
vt 0.760006 0.672667
vt 0.230190 0.948224
vt 0.230190 0.959836
vt 0.218582 0.948619
vt 0.827963 0.813062
vt 0.007658 0.556439
vt 0.011985 0.541280
vt 0.948095 0.475039
vt 0.151838 0.101887
vt 0.535633 0.399488
vt 0.547485 0.391468
vt 0.558392 0.398481
vt 0.497763 0.107633
vt 0.384786 0.926160
vt 0.388222 0.907429
vt 0.398173 0.921616
vt 0.754295 0.083147
vt 0.738403 0.075132
vt 0.748431 0.050623
vt 0.631507 0.507414
vt 0.891224 0.782195
vt 0.368951 0.614467
vt 0.258355 0.860814
vt 0.270364 0.855393
vt 0.265949 0.870718
vt 0.220346 0.273343
vt 0.661799 0.297165
vt 0.903761 0.280421
vt 0.149091 0.925958
vt 0.158715 0.913637
vt 0.159153 0.928635
vt 0.755198 0.239958
vt 0.759785 0.231788
vt 0.595539 0.589358
vt 0.031683 0.454122
vt 0.770923 0.934520
vt 0.779625 0.937958
vt 0.556620 0.585695
vt 0.196536 0.962663
vt 0.186550 0.961922
vt 0.841462 0.800845
vt 0.007992 0.099177
vt 0.080331 0.089374
vt 0.825449 0.711487
vt 0.825449 0.694674
vt 0.841342 0.707581
vt 0.496575 0.285001
vt 0.485806 0.200517
vt 0.646219 0.513485
vt 0.141313 0.267008
vt 0.074930 0.759993
vt 0.455098 0.680365
vt 0.467340 0.646761
vt 0.465689 0.689886
vt 0.296062 0.836611
vt 0.775274 0.554253
vt 0.067420 0.312406
vt 0.064841 0.297543
vt 0.653587 0.985143
vt 0.660039 0.976715
vt 0.660039 0.986730
vt 0.107497 0.309749
vt 0.969299 0.103943
vt 0.969299 0.088118
vt 0.975235 0.094420
vt 0.471951 0.865591
vt 0.486212 0.860585
vt 0.486001 0.874573
vt 0.447136 0.525648
vt 0.563643 0.577965
vt 0.646219 0.349004
vt 0.045361 0.089798
vt 0.838266 0.431433
vt 0.287536 0.918194
vt 0.301474 0.927925
vt 0.286344 0.927161
vt 0.903505 0.903463
vt 0.913817 0.897902
vt 0.620199 0.493295
vt 0.338255 0.637614
vt 0.270938 0.592294
vt 0.024931 0.861110
vt 0.820100 0.074207
vt 0.818474 0.055901
vt 0.831075 0.065172
vt 0.055545 0.294271
vt 0.060640 0.894804
vt 0.053761 0.892748
vt 0.061592 0.886602
vt 0.091585 0.300328
vt 0.002088 0.788585
vt 0.024931 0.911700
vt 0.723346 0.088024
vt 0.926668 0.452850
vt 0.926668 0.479279
vt 0.917620 0.463541
vt 0.924604 0.808505
vt 0.914872 0.802663
vt 0.924604 0.781398
vt 0.209854 0.868681
vt 0.216576 0.837311
vt 0.224040 0.849928
vt 0.756156 0.313085
vt 0.468488 0.040065
vt 0.480278 0.026595
vt 0.290808 0.592249
vt 0.653880 0.302590
vt 0.030024 0.291592
vt 0.028158 0.279355
vt 0.736937 0.246303
vt 0.743337 0.700163
vt 0.417836 0.558979
vt 0.801273 0.834265
vt 0.800291 0.823431
vt 0.810713 0.835265
vt 0.061687 0.926330
vt 0.048168 0.939539
vt 0.818303 0.820433
vt 0.957411 0.263454
vt 0.964971 0.247472
vt 0.965485 0.263454
vt 0.143153 0.092686
vt 0.536803 0.384726
vt 0.558392 0.365753
vt 0.483413 0.286206
vt 0.479185 0.176250
vt 0.393022 0.317885
vt 0.230450 0.832595
vt 0.910080 0.874568
vt 0.149745 0.276354
vt 0.158689 0.267348
vt 0.084018 0.761887
vt 0.246344 0.599824
vt 0.245866 0.578714
vt 0.823343 0.929748
vt 0.823343 0.914609
vt 0.837378 0.920040
vt 0.791509 0.563490
vt 0.642625 0.310578
vt 0.045167 0.900255
vt 0.000000 0.775562
vt 0.080824 0.781954
vt 0.079861 0.791726
vt 0.063279 0.784430
vt 0.033929 0.428137
vt 0.026357 0.437064
vt 0.744116 0.658151
vt 0.756887 0.641930
vt 0.761587 0.663783
vt 0.028436 0.530192
vt 0.198826 0.073217
vt 0.823986 0.409080
vt 0.822012 0.390196
vt 0.841413 0.886517
vt 0.841413 0.909931
vt 0.835417 0.902478
vt 0.277529 0.836949
vt 0.925404 0.552560
vt 0.061592 0.907132
vt 0.729261 0.988246
vt 0.729261 0.976715
vt 0.734602 0.983820
vt 0.921409 0.831494
vt 0.495592 0.867686
vt 0.574252 0.570500
vt 0.148399 0.935492
vt 0.389406 0.353640
vt 0.301474 0.912771
vt 0.397968 0.907429
vt 0.857679 0.407408
vt 0.209854 0.825087
vt 0.224190 0.816659
vt 0.379131 0.587467
vt 0.360408 0.591280
vt 0.777443 0.309505
vt 0.258368 0.882439
vt 0.252998 0.871116
vt 0.197391 0.887414
vt 0.841539 0.885759
vt 0.849467 0.873848
vt 0.843221 0.899959
vt 0.452420 0.492459
vt 0.465576 0.495265
vt 0.566137 0.947652
vt 0.554534 0.951578
vt 0.554534 0.938383
vt 0.032086 0.477430
vt 0.024371 0.427186
vt 0.571462 0.563556
vt 0.822012 0.427660
vt 0.498266 0.306541
vt 0.892541 0.449126
vt 0.907389 0.428535
vt 0.907389 0.452218
vt 0.534430 0.779899
vt 0.549981 0.781421
vt 0.546733 0.811241
vt 0.452862 0.645354
vt 0.454246 0.653192
vt 0.649222 0.304437
vt 0.068729 0.284675
vt 0.944602 0.852510
vt 0.954529 0.861208
vt 0.944602 0.867804
vt 0.938951 0.941688
vt 0.938951 0.924716
vt 0.948732 0.935429
vt 0.013029 0.266774
vt 0.149091 0.934802
vt 0.963825 0.212005
vt 0.953858 0.222391
vt 0.953858 0.209750
vt 0.218389 0.247342
vt 0.459641 0.625653
vt 0.468391 0.615542
vt 0.738103 0.682991
vt 0.334969 0.965588
vt 0.337116 0.953718
vt 0.345043 0.965588
vt 0.021205 0.527723
vt 0.353176 0.462021
vt 0.363604 0.464043
vt 0.851817 0.438050
vt 0.733380 0.057013
vt 0.176462 0.265599
vt 0.531136 0.729728
vt 0.538645 0.739946
vt 0.083674 0.287488
vt 0.051667 0.288172
vt 0.440123 0.485556
vt 0.037881 0.926573
vt 0.031559 0.940564
vt 0.024931 0.926573
vt 0.739624 0.674587
vt 0.035112 0.516664
vt 0.354267 0.474071
vt 0.126049 0.913647
vt 0.136244 0.925988
vt 0.126049 0.934487
vt 0.959829 0.414856
vt 0.966871 0.422395
vt 0.078612 0.920657
vt 0.088798 0.928514
vt 0.088798 0.912614
vt 0.145648 0.265461
vt 0.744621 0.300410
vt 0.270364 0.892132
vt 0.842010 0.060012
vt 0.969921 0.294893
vt 0.976282 0.290638
vt 0.976282 0.305195
vt 0.237235 0.583750
vt 0.237530 0.566829
vt 0.612865 0.976715
vt 0.613832 0.986032
vt 0.606598 0.986032
vt 0.976880 0.466813
vt 0.970338 0.461993
vt 0.976880 0.452850
vt 0.264370 0.961749
vt 0.259398 0.972764
vt 0.255512 0.961749
vt 0.034395 0.892952
vt 0.039543 0.906275
vt 0.029334 0.902299
vt 0.835417 0.907272
vt 0.823343 0.899966
vt 0.826542 0.886517
vt 0.592260 0.570913
vt 0.044121 0.511286
vt 0.487433 0.312314
vt 0.213320 0.578028
vt 0.916294 0.506226
vt 0.917701 0.491119
vt 0.925695 0.494064
vt 0.186049 0.884353
vt -0.000000 0.271664
vt 0.475739 0.848004
vt 0.825395 0.834726
vt 0.808189 0.844150
vt 0.901011 0.087109
vt 0.890667 0.082091
vt 0.900248 0.070818
vt 0.869699 0.052655
vt 0.468553 0.837622
vt 0.464261 0.864800
vt 0.454826 0.862481
vt 0.640416 0.125105
vt 0.645900 0.104221
vt 0.656620 0.107685
vt 0.921338 0.547999
vt 0.910928 0.538158
vt 0.921338 0.529218
vt 0.335707 0.623985
vt 0.766830 0.302773
vt 0.286024 0.601780
vt 0.834304 0.039457
vt 0.533668 0.703596
vt 0.519386 0.920938
vt 0.519686 0.912148
vt 0.533165 0.922852
vt 0.430442 0.525834
vt 0.442332 0.522056
vt 0.401956 0.560124
vt 0.838917 0.821904
vt 0.262137 0.923446
vt 0.266198 0.931175
vt 0.255649 0.924194
vt 0.592774 0.930829
vt 0.581230 0.944640
vt 0.184390 0.982535
vt 0.178793 0.991900
vt 0.530764 0.907109
vt 0.436248 0.474631
vt 0.951359 0.209749
vt 0.951359 0.194844
vt 0.960475 0.209384
vt 0.960486 0.426233
vt 0.967026 0.437993
vt 0.960486 0.444602
vt 0.017081 0.412346
vt 0.957080 0.941315
vt 0.960487 0.924716
vt 0.964872 0.941315
vt 0.734346 0.671950
vt 0.731630 0.660950
vt 0.742531 0.646771
vt 0.717661 0.338582
vt 0.718438 0.330395
vt 0.735485 0.328453
vt 0.917202 0.610763
vt 0.904136 0.633994
vt 0.048088 0.948839
vt 0.038221 0.939000
vt 0.048088 0.932153
vt 0.225934 0.577443
vt 0.187053 0.259557
vt 0.350791 0.605356
vt 0.471612 0.000000
vt 0.850312 0.976715
vt 0.850312 0.987726
vt 0.845425 0.981116
vt 0.779205 0.533832
vt 0.784860 0.540332
vt 0.026701 0.262711
vt 0.861605 0.890846
vt 0.019466 0.463339
vt 0.213169 0.062211
vt 0.741304 0.049805
vt 0.167172 0.255250
vt 0.704219 0.935669
vt 0.715704 0.935669
vt 0.709834 0.949585
vt 0.275587 0.827971
vt 0.293895 0.823511
vt 0.021738 0.873048
vt 0.820932 0.030951
vt 0.208159 0.898487
vt 0.197457 0.869115
vt 0.206436 0.870509
vt 0.266198 0.916079
vt 0.040973 0.270867
vt 0.946647 0.222150
vt 0.942291 0.209749
vt 0.953858 0.221770
vt 0.542318 0.711865
vt 0.490381 0.856050
vt 0.314259 0.902080
vt 0.325678 0.896729
vt 0.325678 0.914717
vt 0.063240 0.808078
vt 0.006701 0.526194
vt 0.100587 0.081165
vt 0.893782 0.192302
vt 0.901751 0.224229
vt 0.890837 0.230740
vt 0.721169 0.320176
vt 0.270774 0.609721
vt 0.547129 0.741533
vt 0.743998 0.957313
vt 0.753283 0.955655
vt 0.744873 0.964507
vt 0.606671 0.949198
vt 0.608666 0.935437
vt 0.734262 0.711193
vt 0.839192 0.830995
vt 0.279994 0.793226
vt 0.270734 0.798208
vt 0.262262 0.784410
vt 0.283142 0.779067
vt 0.649734 0.926480
vt 0.643112 0.940383
vt 0.636691 0.926480
vt 0.430104 0.917406
vt 0.443456 0.900393
vt 0.443456 0.921969
vt 0.901963 0.816657
vt 0.899145 0.834403
vt 0.890424 0.816657
vt 0.369943 0.583899
vt 0.379910 0.576074
vt 0.580035 0.931181
vt 0.571628 0.946724
vt 0.569009 0.931181
vt 0.541242 0.991291
vt 0.536218 0.983771
vt 0.541242 0.976715
vt 0.650555 0.289523
vt 0.890862 0.490224
vt 0.894225 0.504369
vt 0.884910 0.497114
vt 0.957076 0.694656
vt 0.965606 0.701275
vt 0.957076 0.709788
vt 0.904656 0.036743
vt 0.918688 0.040187
vt 0.911447 0.047946
vt 0.252998 0.931572
vt 0.861605 0.876234
vt 0.024931 0.908795
vt 0.272069 0.928516
vt 0.284180 0.926424
vt 0.284180 0.941411
vt 0.414081 0.490640
vt 0.873033 0.238914
vt 0.863556 0.226227
vt 0.869114 0.217142
vt 0.089901 0.839310
vt 0.099383 0.846280
vt 0.089306 0.851831
vt 0.391105 0.561500
vt 0.396759 0.586752
vt 0.480201 0.837677
vt 0.469486 0.835870
vt 0.410901 0.537522
vt 0.267191 0.776862
vt 0.000000 0.098998
vt 0.008905 0.072358
vt 0.059320 0.078880
vt 0.468119 0.317780
vt 0.374085 0.459453
vt 0.202127 0.567337
vt 0.204254 0.556633
vt 0.427668 0.643076
vt 0.108916 0.737231
vt 0.953282 0.725628
vt 0.961399 0.709873
vt 0.961399 0.726538
vt 0.753283 0.967748
vt 0.544771 0.699426
vt 0.718454 0.936429
vt 0.717767 0.921328
vt 0.728118 0.921481
vt 0.941939 0.019536
vt 0.940295 0.007051
vt 0.948753 0.011995
vt 0.411339 0.472407
vt 0.399657 0.477231
vt 0.930952 0.176333
vt 0.942043 0.177342
vt 0.942043 0.190914
vt 0.185533 0.577388
vt 0.165797 0.566509
vt 0.181033 0.562610
vt 0.081028 0.774292
vt 0.068930 0.760096
vt 0.142316 0.935492
vt 0.148776 0.948945
vt 0.136712 0.948945
vt 0.886012 0.508780
vt 0.500435 0.862283
vt 0.841539 0.839174
vt 0.057380 0.067759
vt 0.092430 0.070239
vt 0.687623 0.916172
vt 0.690766 0.933895
vt 0.650664 0.617555
vt 0.636691 0.634515
vt 0.639856 0.614464
vt 0.217114 0.571513
vt 0.962518 0.848959
vt 0.962518 0.831493
vt 0.969126 0.838646
vt 0.684378 0.710744
vt 0.682531 0.701860
vt 0.704812 0.712524
vt 0.914139 0.967163
vt 0.914139 0.952899
vt 0.922603 0.957957
vt 0.976402 0.012117
vt 0.970107 0.014705
vt 0.953858 0.212343
vt 0.208159 0.862647
vt 0.199521 0.857481
vt 0.847448 0.218351
vt 0.453205 0.479126
vt 0.316175 0.887528
vt 0.014152 0.427540
vt 0.257325 0.795431
vt 0.468553 0.883074
vt 0.758085 0.928168
vt 0.743998 0.928168
vt 0.747272 0.910945
vt 0.652912 0.086875
vt 0.851817 0.390196
vt 0.744750 0.288002
vt 0.836278 0.010206
vt 0.822815 0.007120
vt 0.293698 0.970255
vt 0.301164 0.965755
vt 0.779829 0.928336
vt 0.791289 0.937883
vt 0.426975 0.472998
vt 0.916860 0.685069
vt 0.905659 0.690335
vt 0.905107 0.678124
vt 0.017974 0.477425
vt 0.001766 0.427171
vt 0.583000 0.549969
vt 0.562003 0.553150
vt 0.554534 0.541032
vt 0.577260 0.538777
vt 0.283142 0.744169
vt 0.276747 0.755821
vt 0.265636 0.747462
vt 0.886309 0.060140
vt 0.895790 0.057161
vt 0.014420 0.519983
vt 0.902636 0.863284
vt 0.902636 0.844620
vt 0.909704 0.866748
vt 0.135679 0.563452
vt 0.154589 0.558616
vt 0.916602 0.521398
vt 0.656987 0.935858
vt 0.650317 0.931037
vt 0.656987 0.923810
vt 0.121777 0.555764
vt 0.134040 0.557339
vt 0.065178 0.770450
vt 0.372422 0.575153
vt 0.003534 0.884311
vt 0.000000 0.872186
vt 0.234068 0.599329
vt 0.932775 0.880457
vt 0.937248 0.870939
vt 0.939450 0.878040
vt 0.729181 0.934193
vt 0.722056 0.686246
vt 0.607712 0.566613
vt 0.269384 0.740266
vt 0.058464 0.832945
vt 0.051252 0.853708
vt 0.048209 0.838509
vt 0.689697 0.858395
vt 0.699757 0.855290
vt 0.694494 0.871235
vt 0.198069 0.563473
vt 0.711001 0.297890
vt 0.730797 0.298780
vt 0.038826 0.914403
vt 0.048088 0.908795
vt 0.722405 0.287775
vt 0.735485 0.269489
vt 0.935699 0.290502
vt 0.923347 0.275613
vt 0.935699 0.274376
vt 0.933813 0.899554
vt 0.942628 0.908037
vt 0.933813 0.919652
vt 0.817890 0.882053
vt 0.823104 0.894588
vt 0.817890 0.902727
vt 0.096400 0.774253
vt 0.695628 0.697728
vt 0.881833 0.487156
vt 0.384526 0.943664
vt 0.384526 0.964552
vt 0.379046 0.955590
vt 0.042512 0.278742
vt 0.044509 0.263347
vt 0.061304 0.269585
vt 0.944246 0.552148
vt 0.955650 0.539915
vt 0.955650 0.552392
vt 0.942913 0.172605
vt 0.939100 0.149840
vt 0.945612 0.161031
vt 0.469438 0.706224
vt 0.454682 0.705439
vt 0.469438 0.697400
vt 0.679481 0.857205
vt 0.180250 0.247342
vt 0.149399 0.256351
vt 0.112391 0.986597
vt 0.106774 0.992220
vt 0.106774 0.976715
vt 0.364451 0.570032
vt 0.422981 0.630969
vt 0.288819 0.809708
vt 0.906675 0.027378
vt 0.967849 0.544323
vt 0.974482 0.537094
vt 0.974482 0.551581
vt 0.887056 0.519413
vt 0.877155 0.516335
vt 0.324457 0.886005
vt 0.975743 0.831494
vt 0.975743 0.845775
vt 0.969126 0.840275
vt 0.377085 0.706743
vt 0.370019 0.717696
vt 0.061538 0.851832
vt 0.486331 0.321583
vt 0.470732 0.324164
vt 0.109347 0.072561
vt 0.114584 0.089047
vt 0.094183 0.075791
vt 0.937295 0.951769
vt 0.925545 0.949354
vt 0.935965 0.939606
vt 0.944262 0.500690
vt 0.952182 0.495875
vt 0.729065 0.034081
vt 0.763850 0.097749
vt 0.769059 0.083147
vt 0.769789 0.101078
vt 0.333727 0.607685
vt 0.556852 0.976715
vt 0.561878 0.985356
vt 0.556852 0.990820
vt 0.878176 0.501925
vt 0.657970 0.955977
vt 0.666224 0.943998
vt 0.669448 0.955977
vt 0.721484 0.698046
vt 0.488592 0.840455
vt 0.362323 0.882769
vt 0.367946 0.911719
vt 0.359474 0.898867
vt 0.377872 0.719008
vt 0.003137 0.513673
vt 0.636691 0.778765
vt 0.383355 0.468283
vt 0.192563 0.552855
vt 0.879821 0.611027
vt 0.869216 0.624965
vt 0.868343 0.604934
vt 0.651863 0.908220
vt 0.923587 0.078881
vt 0.912007 0.062702
vt 0.923587 0.055022
vt 0.755569 0.943620
vt 0.743998 0.943620
vt 0.752834 0.928168
vt 0.928438 0.098626
vt 0.928134 0.088118
vt 0.938594 0.092173
vt 0.955933 0.088108
vt 0.964930 0.087388
vt 0.445703 0.629810
vt 0.070190 0.279552
vt 0.074818 0.268935
vt 0.012109 0.253371
vt 0.918688 0.026114
vt 0.863819 0.206311
vt 0.639479 0.954867
vt 0.639479 0.940383
vt 0.649734 0.951156
vt 0.176149 0.046146
vt 0.391550 0.481546
vt 0.680831 0.888982
vt 0.850675 0.834742
vt 0.853774 0.813145
vt 0.862467 0.828870
vt 0.747696 0.030545
vt 0.722775 0.278081
vt 0.948195 0.831494
vt 0.955491 0.846684
vt 0.948195 0.851765
vt 0.286776 0.605470
vt 0.277296 0.615639
vt 0.687288 0.689600
vt 0.655387 0.719394
vt 0.673269 0.697314
vt 0.099058 0.791341
vt 0.108706 0.802382
vt 0.093312 0.798127
vt 0.087865 0.817855
vt 0.068983 0.814504
vt 0.004685 0.451116
vt 0.732464 0.639332
vt 0.770923 0.921994
vt 0.779220 0.916552
vt 0.269691 0.040370
vt 0.237841 0.095318
vt 0.120415 0.067813
vt 0.115476 0.089666
vt 0.107124 0.051970
vt 0.865977 0.809152
vt 0.351267 0.578295
vt 0.766316 0.272925
vt 0.777874 0.291917
vt 0.944378 0.552560
vt 0.936430 0.563981
vt 0.934080 0.556807
vt 0.512244 0.933020
vt 0.502756 0.923729
vt 0.515459 0.919171
vt 0.463633 0.463763
vt 0.461577 0.480821
vt 0.423476 0.461123
vt 0.515459 0.948246
vt 0.504646 0.950211
vt 0.504947 0.943164
vt 0.097895 0.864749
vt 0.392884 0.539977
vt 0.108183 0.486909
vt 0.107230 0.496755
vt 0.089160 0.486909
vt 0.831530 0.443414
vt 0.929050 0.434821
vt 0.937153 0.430533
vt 0.937153 0.448945
vt 0.763850 0.113617
vt 0.039543 0.901306
vt 0.045053 0.884248
vt 0.045053 0.906806
vt 0.934579 0.773288
vt 0.945758 0.765880
vt 0.945758 0.781338
vt 0.644958 0.982998
vt 0.640520 0.991618
vt 0.674150 0.263149
vt 0.672636 0.290284
vt 0.842010 0.000000
vt 0.952297 0.571987
vt 0.944378 0.557757
vt 0.952297 0.552560
vt 0.502756 0.843080
vt 0.397707 0.466494
vt 0.112415 0.858720
vt 0.101150 0.505346
vt 0.454246 0.689886
vt 0.138705 0.041362
vt 0.926386 0.680270
vt 0.935424 0.700135
vt 0.877065 0.604994
vt 0.372328 0.561909
vt 0.944378 0.569746
vt 0.939450 0.897769
vt 0.112679 0.944185
vt 0.112679 0.929799
vt 0.123014 0.944272
vt 0.704927 0.620269
vt 0.725956 0.628253
vt 0.711015 0.631606
vt 0.122376 0.083336
vt 0.121212 0.065002
vt 0.133643 0.077221
vt 0.850877 0.833271
vt 0.845847 0.808728
vt 0.733549 0.025880
vt 0.324747 0.619035
vt 0.321483 0.608107
vt 0.298016 0.802327
vt 0.623062 0.304935
vt 0.611499 0.295908
vt 0.630304 0.293717
vt 0.832090 0.969238
vt 0.823343 0.969238
vt 0.830232 0.956813
vt 0.877155 0.490524
vt 0.103611 0.820414
vt 0.716049 0.607278
vt 0.233731 0.656545
vt 0.222696 0.647102
vt 0.233731 0.642406
vt 0.916071 0.698217
vt 0.620222 0.917098
vt 0.634534 0.901816
vt 0.632962 0.911484
vt 0.157149 0.248270
vt 0.920483 0.384189
vt 0.920434 0.394679
vt 0.909714 0.395429
vt 0.652501 0.271843
vt 0.947593 0.636525
vt 0.947593 0.650946
vt 0.937655 0.635806
vt 0.502756 0.935052
vt 0.099653 0.959795
vt 0.089306 0.963769
vt 0.515459 0.935052
vt 0.905107 0.704180
vt 0.720236 0.669389
vt 0.009705 0.507842
vt 0.645405 0.605313
vt 0.956262 0.143632
vt 0.949183 0.144930
vt 0.948882 0.136435
vt 0.938594 0.106054
vt 0.340653 0.587437
vt 0.349088 0.562480
vt 0.252338 0.618882
vt 0.656851 0.704627
vt 0.796225 0.529560
vt 0.962518 0.842801
vt 0.955491 0.850426
vt 0.955491 0.831494
vt 0.702914 0.606712
vt 0.874946 0.377598
vt 0.890236 0.365821
vt 0.887029 0.379936
vt 0.255796 0.730834
vt 0.697638 0.307190
vt 0.152480 0.549491
vt 0.173900 0.539394
vt 0.339532 0.952545
vt 0.339532 0.926985
vt 0.344979 0.950374
vt 0.915106 0.328412
vt 0.915106 0.312963
vt 0.929067 0.323702
vt 0.335585 0.590666
vt 0.440092 0.615817
vt 0.086684 0.781954
vt 0.636125 0.285036
vt 0.063240 0.878814
vt 0.066445 0.861903
vt 0.074131 0.871212
vt 0.877279 0.478870
vt 0.877155 0.463158
vt 0.884634 0.470642
vt 0.006515 0.463788
vt 0.720681 0.653681
vt 0.159143 0.875382
vt 0.149091 0.861144
vt 0.170814 0.861144
vt 0.778613 0.934520
vt 0.253675 0.764434
vt 0.657334 0.596544
vt 0.674276 0.613557
vt 0.655069 0.624871
vt 0.857319 0.808040
vt 0.545526 0.956321
vt 0.554503 0.965635
vt 0.545521 0.964893
vt 0.694713 0.676892
vt 0.931970 0.055022
vt 0.941182 0.058814
vt 0.931970 0.074611
vt 0.797073 0.380188
vt 0.790307 0.390076
vt 0.787362 0.380188
vt 0.926310 0.725440
vt 0.917063 0.731709
vt 0.916779 0.711496
vt 0.124868 0.929730
vt 0.885258 0.454127
vt 0.893220 0.476945
vt 0.887194 0.487156
vt 0.445097 0.454564
vt 0.500366 0.830710
vt 0.726543 0.613170
vt 0.876928 0.386585
vt 0.559035 0.527130
vt 0.125841 0.053516
vt 0.619061 0.897316
vt 0.619061 0.926149
vt 0.612011 0.906408
vt 0.689392 0.247188
vt 0.678510 0.246022
vt 0.689392 0.235930
vt 0.933642 0.426233
vt 0.322367 0.599698
vt 0.271218 0.624670
vt 0.677177 0.694699
vt 0.479404 0.710181
vt 0.475131 0.702728
vt 0.492179 0.700441
vt 0.605070 0.311880
vt 0.594026 0.301783
vt 0.377979 0.816605
vt 0.379307 0.800949
vt 0.384595 0.807211
vt 0.504419 0.959348
vt 0.498342 0.968688
vt 0.500085 0.953558
vt 0.966647 0.042918
vt 0.959384 0.034843
vt 0.966647 0.026114
vt 0.039068 0.247342
vt 0.090522 0.268465
vt 0.453853 0.462095
vt 0.467448 0.462696
vt 0.077054 0.824565
vt 0.488126 0.832035
vt 0.101702 0.878089
vt 0.384786 0.553204
vt 0.610579 0.552478
vt 0.926467 0.304746
vt 0.915106 0.290638
vt 0.590782 0.542564
vt 0.020832 0.059790
vt 0.137651 0.057366
vt 0.183412 0.544273
vt 0.712441 0.278676
vt 0.803517 0.209415
vt 0.808255 0.200615
vt 0.807997 0.233602
vt 0.754701 0.265771
vt 0.276816 0.987060
vt 0.279272 0.976715
vt 0.791552 0.521398
vt 0.909752 0.831493
vt 0.266535 0.926702
vt 0.946073 0.831360
vt 0.938859 0.813678
vt 0.886867 0.592865
vt 0.868343 0.578088
vt 0.144193 0.545089
vt 0.153330 0.532088
vt 0.841539 0.899959
vt 0.850787 0.901239
vt 0.844147 0.911169
vt 0.855715 0.913225
vt 0.920483 0.410540
vt 0.935396 0.632056
vt 0.935396 0.617879
vt 0.942591 0.621730
vt 0.645170 0.723094
vt 0.646481 0.711486
vt 0.578713 0.874129
vt 0.555732 0.855501
vt 0.572620 0.860188
vt 0.930194 0.850046
vt 0.931414 0.837734
vt 0.940023 0.834958
vt 0.843997 0.205888
vt 0.074569 0.859140
vt 0.625969 0.562665
vt 0.004350 0.472818
vt 0.219880 0.655870
vt 0.202127 0.643947
vt 0.222420 0.645728
vt 0.089306 0.879298
vt 0.849211 0.794772
vt 0.890845 0.125105
vt 0.897737 0.140809
vt 0.885592 0.134446
vt 0.454826 0.880143
vt 0.439565 0.880143
vt 0.441982 0.871179
vt 0.737753 0.268131
vt 0.384595 0.826195
vt 0.375984 0.833708
vt 0.505956 0.706349
vt 0.494754 0.719135
vt 0.368145 0.802336
vt 0.928753 0.711496
vt 0.475593 0.991691
vt 0.470529 0.990661
vt 0.475593 0.976715
vt 0.615184 0.574954
vt 0.606663 0.399942
vt 0.593938 0.399942
vt 0.598480 0.386527
vt 0.172574 0.871468
vt 0.094191 0.054925
vt 0.869879 0.781398
vt 0.703301 0.294519
vt 0.348453 0.541179
vt 0.338065 0.525327
vt 0.353668 0.521326
vt 0.333255 0.576847
vt 0.290698 0.619218
vt 0.287480 0.628727
vt 0.567765 0.976715
vt 0.572533 0.982719
vt 0.567765 0.991391
vt 0.973952 0.395884
vt 0.968093 0.384934
vt 0.973952 0.379593
vt 0.011877 0.483374
vt 0.710678 0.597067
vt 0.704812 0.689059
vt 0.823192 0.452850
vt 0.230450 0.894930
vt 0.214226 0.887154
vt 0.215956 0.868681
vt 0.699375 0.277596
vt 0.743881 0.247472
vt 0.752969 0.254211
vt 0.636691 0.715730
vt 0.362017 0.806355
vt 0.366590 0.828021
vt 0.448885 0.397676
vt 0.455019 0.387178
vt 0.456216 0.399980
vt 0.097794 0.830645
vt 0.695086 0.594471
vt 0.705297 0.700173
vt 0.924883 0.676008
vt 0.919846 0.659262
vt 0.932125 0.659262
vt 0.635811 0.072925
vt 0.231380 0.609661
vt 0.233770 0.631955
vt 0.226151 0.636668
vt 0.333235 0.540582
vt 0.344570 0.503274
vt 0.803517 0.196960
vt 0.364177 0.554775
vt 0.366056 0.564738
vt 0.340177 0.570973
vt 0.604756 0.284469
vt 0.628553 0.263972
vt 0.854703 0.194996
vt 0.903444 0.811644
vt 0.917636 0.814266
vt 0.913190 0.827879
vt 0.272995 0.965449
vt 0.273011 0.954396
vt 0.283500 0.965449
vt 0.919228 0.701181
vt 0.916860 0.678124
vt 0.926386 0.690515
vt 0.890236 0.390105
vt 0.531390 0.825090
vt 0.531136 0.811241
vt 0.539840 0.812887
vt 0.202127 0.663996
vt 0.624050 0.543392
vt 0.601771 0.532454
vt 0.167659 0.886949
vt 0.366301 0.530301
vt 0.369437 0.516822
vt 0.127680 0.912361
vt 0.127041 0.900645
vt 0.137482 0.913647
vt 0.687139 0.670669
vt 0.578480 0.946744
vt 0.578480 0.960987
vt 0.569009 0.950803
vt 0.940938 0.607546
vt 0.454287 0.368143
vt 0.459091 0.378210
vt 0.445493 0.375372
vt 0.462808 0.355761
vt 0.452345 0.349589
vt 0.087508 0.839310
vt 0.940897 0.145593
vt 0.948882 0.139216
vt 0.710564 0.243244
vt 0.699953 0.247385
vt -0.000000 0.481822
vt 0.926256 0.292075
vt 0.241744 0.783991
vt 0.242559 0.751480
vt 0.638768 0.590601
vt 0.649218 0.594363
vt 0.963398 0.654757
vt 0.968964 0.647068
vt 0.599952 0.082925
vt 0.615864 0.076276
vt 0.623189 0.084269
vt 0.306018 0.970606
vt 0.303447 0.959158
vt 0.453965 0.866521
vt 0.376112 0.839467
vt 0.357756 0.835882
vt 0.680123 0.682979
vt 0.760455 0.255175
vt 0.284784 0.798208
vt 0.471286 0.701795
vt 0.469486 0.720456
vt 0.897334 0.728456
vt 0.905843 0.724459
vt 0.904902 0.740578
vt 0.930194 0.831869
vt 0.908816 0.979089
vt 0.914618 0.976715
vt 0.914618 0.984382
vt 0.084738 0.860759
vt 0.540928 0.825088
vt 0.563706 0.844052
vt 0.874299 0.933487
vt 0.887816 0.925768
vt 0.887816 0.939525
vt 0.255796 0.759450
vt 0.208295 0.894930
vt 0.965571 0.124221
vt 0.965571 0.106548
vt 0.971381 0.115952
vt 0.592905 0.384278
vt 0.586850 0.398208
vt 0.586850 0.363679
vt 0.201350 0.988330
vt 0.198182 0.976715
vt 0.889633 0.964935
vt 0.895818 0.952471
vt 0.899463 0.964935
vt 0.308796 0.605027
vt 0.278461 0.640095
vt 0.327472 0.585363
vt 0.783521 0.612956
vt 0.785292 0.634135
vt 0.775701 0.627976
vt 0.660105 0.699155
vt 0.670446 0.685346
vt 0.891383 0.715058
vt 0.898655 0.711733
vt 0.894866 0.720315
vt 0.455328 0.456390
vt 0.075101 0.837839
vt 0.243201 0.766677
vt 0.046030 0.038177
vt 0.860728 0.782490
vt 0.963719 0.799878
vt 0.956641 0.791852
vt 0.841539 0.920549
vt 0.333235 0.505854
vt 0.962479 0.105108
vt 0.969299 0.101496
vt 0.971929 0.971834
vt 0.973839 0.959457
vt 0.674811 0.918912
vt 0.679006 0.930585
vt 0.671631 0.931606
vt 0.430368 0.866928
vt 0.432492 0.837622
vt 0.439213 0.854725
vt 0.651964 0.251225
vt 0.967564 0.149840
vt 0.974175 0.156600
vt 0.967564 0.164436
vt 0.856459 0.767677
vt 0.843914 0.756269
vt 0.063240 0.841131
vt 0.940023 0.831494
vt 0.948195 0.841235
vt 0.940023 0.851726
vt 0.704982 0.676153
vt 0.584267 0.532395
vt 0.249170 0.055519
vt 0.060179 0.871191
vt 0.289615 0.643664
vt 0.270489 0.635460
vt 0.256810 0.632081
vt 0.922723 0.589867
vt 0.915468 0.606750
vt 0.913158 0.586722
vt 0.482456 0.728142
vt 0.905843 0.711496
vt 0.422920 0.986663
vt 0.414855 0.980939
vt 0.422920 0.976715
vt 0.443975 0.362532
vt 0.846028 0.192302
vt 0.071065 0.847740
vt 0.088838 0.840744
vt 0.875368 0.082833
vt 0.876505 0.057161
vt 0.885283 0.063618
vt 0.196441 0.046915
vt 0.120732 0.045436
vt 0.168945 0.529974
vt 0.529685 0.684891
vt 0.519680 0.675811
vt 0.533592 0.670739
vt 0.335812 0.494758
vt 0.944061 0.268337
vt 0.951059 0.280457
vt 0.947559 0.402132
vt 0.940222 0.397555
vt 0.721371 0.197941
vt 0.741546 0.206328
vt 0.725518 0.214450
vt 0.613903 0.271737
vt 0.653174 0.897474
vt 0.658335 0.888604
vt 0.658335 0.908072
vt 0.939962 0.831494
vt 0.437604 0.446136
vt 0.410109 0.453009
vt 0.428151 0.436843
vt 0.547778 0.821626
vt 0.610476 0.644831
vt 0.597614 0.652644
vt 0.593795 0.641757
vt 0.581203 0.627656
vt 0.561781 0.631493
vt 0.570953 0.617707
vt 0.795748 0.123360
vt 0.786433 0.110744
vt 0.800542 0.112047
vt 0.407822 0.842920
vt 0.393299 0.856824
vt 0.384786 0.842781
vt 0.669350 0.595109
vt 0.180134 0.533650
vt 0.640558 0.831275
vt 0.640246 0.850702
vt 0.636691 0.840640
vt 0.367580 0.498217
vt 0.500675 0.726962
vt 0.506918 0.709195
vt 0.921285 0.812819
vt 0.929774 0.826110
vt 0.917819 0.831360
vt 0.173439 0.887479
vt 0.186049 0.895953
vt 0.173439 0.902300
vt 0.841539 0.781398
vt 0.970771 0.675247
vt 0.965394 0.667941
vt 0.970771 0.655493
vt 0.780606 0.499387
vt 0.798324 0.514433
vt 0.787138 0.517461
vt 0.711296 0.265875
vt 0.704997 0.259251
vt 0.689012 0.962963
vt 0.679239 0.951926
vt 0.689012 0.949272
vt 0.352671 0.544575
vt 0.899221 0.976715
vt 0.904431 0.985366
vt 0.899221 0.985561
vt 0.767421 0.628793
vt 0.768271 0.607354
vt 0.698661 0.658229
vt 0.704812 0.670128
vt 0.922723 0.578088
vt 0.434373 0.382818
vt 0.437235 0.374600
vt -0.000000 0.950887
vt -0.000000 0.935093
vt 0.010352 0.943132
vt 0.952598 0.528673
vt 0.944246 0.539915
vt 0.592277 0.628987
vt 0.182688 0.884354
vt 0.723834 0.000000
vt 0.777895 0.514348
vt 0.796031 0.500660
vt 0.488810 0.923752
vt 0.501536 0.909146
vt 0.501536 0.922469
vt 0.655011 0.848136
vt 0.654527 0.831831
vt 0.938594 0.103919
vt 0.945829 0.110366
vt 0.312843 0.591919
vt 0.690067 0.661906
vt 0.944084 0.415841
vt 0.948433 0.405176
vt 0.951965 0.417265
vt 0.349545 0.815062
vt 0.114875 0.976715
vt 0.121280 0.986500
vt 0.112391 0.986500
vt 0.384786 0.964131
vt 0.393503 0.960789
vt 0.394175 0.966441
vt 0.384786 0.953721
vt 0.448719 0.443092
vt 0.459918 0.442956
vt 0.731247 0.594471
vt 0.403524 0.867970
vt 0.048209 0.861623
vt 0.683376 0.296481
vt 0.376927 0.525052
vt 0.489586 0.915552
vt 0.334969 0.967510
vt 0.326298 0.961237
vt 0.334969 0.953718
vt 0.330871 0.579804
vt 0.337924 0.584675
vt 0.402166 0.976715
vt 0.399071 0.988814
vt 0.460166 0.987249
vt 0.455737 0.976715
vt 0.462983 0.976715
vt 0.243607 0.911919
vt 0.238233 0.930279
vt 0.230972 0.911919
vt 0.636337 0.549563
vt 0.612453 0.528759
vt 0.599625 0.528625
vt 0.884727 0.079095
vt 0.896313 0.161824
vt 0.181521 0.912651
vt 0.488741 0.987943
vt 0.482062 0.981597
vt 0.488741 0.976715
vt 0.650317 0.926480
vt 0.636691 0.917275
vt 0.650317 0.908220
vt 0.152008 0.507309
vt 0.811132 0.502455
vt 0.499448 0.692205
vt 0.517771 0.661753
vt 0.454361 0.855642
vt 0.944084 0.424803
vt 0.759634 0.617715
vt 0.897775 0.914471
vt 0.903361 0.901678
vt 0.903361 0.921413
vt 0.452638 0.445260
vt 0.846931 0.780174
vt 0.469486 0.937816
vt 0.469486 0.921820
vt 0.481459 0.932142
vt 0.234283 0.765385
vt 0.760015 0.008113
vt 0.681842 0.277487
vt 0.316178 0.570092
vt 0.734602 0.983539
vt 0.739326 0.976715
vt 0.739326 0.989553
vt 0.303584 0.595624
vt 0.567765 0.988728
vt 0.561878 0.983579
vt 0.516510 0.699325
vt 0.512933 0.716037
vt 0.524506 0.706639
vt 0.502554 0.982251
vt 0.493913 0.985373
vt 0.086234 0.022719
vt 0.617741 0.064238
vt 0.325783 0.567159
vt 0.670639 0.669770
vt 0.678720 0.990500
vt 0.678720 0.976715
vt 0.683326 0.981666
vt 0.401474 0.436264
vt 0.642643 0.063345
vt 0.903634 0.926170
vt 0.903634 0.903463
vt 0.913817 0.910970
vt 0.499332 0.674101
vt 0.281447 0.656803
vt 0.331835 0.558688
vt 0.950363 0.914739
vt 0.942628 0.899554
vt 0.950992 0.900468
vt 0.539920 0.666673
vt 0.531734 0.652673
vt 0.544327 0.649531
vt 0.954937 0.874274
vt 0.947976 0.892218
vt 0.947976 0.870939
vt 0.655006 0.690312
vt 0.653165 0.679974
vt 0.664737 0.687380
vt 0.830255 0.694674
vt 0.827215 0.676323
vt 0.838691 0.681293
vt 0.472651 0.733941
vt 0.848671 0.683376
vt 0.463104 0.307188
vt 0.448454 0.319321
vt 0.456441 0.299888
vt 0.621836 0.524136
vt 0.577004 0.652497
vt 0.590226 0.525637
vt 0.775283 0.096619
vt 0.389971 0.877082
vt 0.399633 0.879579
vt 0.674370 0.604324
vt 0.673401 0.585184
vt 0.682684 0.593734
vt 0.594405 0.070446
vt 0.635921 0.071765
vt 0.654544 0.064192
vt 0.175353 0.507082
vt 0.689631 0.261893
vt 0.697003 0.257449
vt 0.697042 0.247562
vt 0.708952 0.263106
vt 0.488753 0.699325
vt 0.488165 0.687287
vt 0.338489 0.486690
vt 0.352547 0.490316
vt 0.942628 0.918356
vt 0.480874 0.741218
vt 0.525534 0.716752
vt 0.583351 0.959164
vt 0.592425 0.959164
vt 0.591484 0.970528
vt 0.717821 0.989507
vt 0.717821 0.976715
vt 0.722709 0.977655
vt 0.769835 0.000000
vt 0.226494 0.599644
vt 0.803070 0.489340
vt 0.817992 0.494289
vt 0.313881 0.579409
vt 0.810754 0.685203
vt 0.950341 0.121002
vt 0.938594 0.124389
vt 0.938594 0.111071
vt 0.677658 0.521365
vt 0.677025 0.509216
vt 0.690505 0.510172
vt 0.745453 0.194582
vt 0.602225 0.267053
vt 0.061415 0.987839
vt 0.053466 0.979623
vt 0.443607 0.439623
vt 0.632480 0.526242
vt 0.572026 0.901447
vt 0.571893 0.878084
vt 0.579895 0.893325
vt 0.194430 0.035476
vt 0.885553 0.164711
vt 0.938859 0.831360
vt 0.929773 0.831360
vt 0.935360 0.811114
vt 0.494374 0.902662
vt 0.645556 0.813974
vt 0.692138 0.519689
vt 0.636688 0.252729
vt 0.428965 0.354256
vt 0.479335 0.966656
vt 0.479335 0.955782
vt 0.487022 0.959186
vt 0.446984 0.302344
vt 0.230972 0.753478
vt 0.159835 0.959210
vt 0.159835 0.944972
vt 0.169398 0.945283
vt 0.594330 0.057498
vt 0.302165 0.586456
vt 0.900209 0.114375
vt 0.903843 0.109193
vt 0.909745 0.120841
vt 0.963490 0.471239
vt 0.956345 0.465539
vt 0.963490 0.452850
vt 0.502554 0.982692
vt 0.507948 0.976715
vt 0.507948 0.990581
vt 0.970430 0.594328
vt 0.971563 0.606825
vt 0.963326 0.606825
vt 0.745677 0.214215
vt 0.757511 0.210686
vt 0.722210 0.181813
vt 0.593938 0.272927
vt 0.619655 0.248788
vt 0.970133 0.758468
vt 0.963099 0.745957
vt 0.971481 0.745957
vt 0.516100 0.728633
vt 0.475593 0.988394
vt 0.482062 0.984538
vt 0.885283 0.088298
vt 0.336125 0.544214
vt 0.537830 0.666035
vt 0.898477 0.096788
vt 0.855715 0.907730
vt 0.860460 0.899959
vt 0.860460 0.919194
vt 0.531136 0.716063
vt 0.629592 0.899175
vt 0.631211 0.893429
vt 0.635692 0.901816
vt 0.481915 0.950782
vt 0.447758 0.291336
vt 0.592774 0.959164
vt 0.585649 0.944640
vt 0.135287 0.025052
vt 0.662250 0.579877
vt 0.188743 0.528786
vt 0.195731 0.541538
vt 0.186010 0.515695
vt 0.645949 0.034830
vt 0.909745 0.088118
vt 0.695216 0.499208
vt 0.346217 0.798747
vt 0.357116 0.794083
vt 0.445563 0.337516
vt 0.434464 0.311059
vt 0.409130 0.424354
vt 0.926188 0.235012
vt 0.916191 0.231306
vt 0.926188 0.222411
vt 0.732614 0.346904
vt 0.738745 0.352419
vt 0.723280 0.356067
vt 0.543629 0.954373
vt 0.533479 0.943990
vt 0.543629 0.939359
vt 0.807293 0.095598
vt 0.555627 0.650367
vt 0.122466 0.027136
vt 0.197684 0.523144
vt 0.677673 0.649555
vt 0.430104 0.936382
vt 0.430104 0.921969
vt 0.443247 0.925014
vt 0.499861 0.748058
vt 0.879972 0.988518
vt 0.876802 0.991715
vt 0.456520 0.439900
vt 0.465351 0.435277
vt 0.855189 0.983522
vt 0.850312 0.987560
vt 0.436404 0.030155
vt 0.407831 0.008778
vt 0.381778 0.502764
vt 0.860593 0.953895
vt 0.860593 0.939817
vt 0.871230 0.945107
vt 0.112679 0.488017
vt 0.127838 0.501278
vt 0.116102 0.501146
vt 0.789832 0.708259
vt 0.791986 0.690262
vt 0.800378 0.697948
vt 0.837515 0.656989
vt 0.966718 0.541229
vt 0.959835 0.551785
vt 0.959835 0.538145
vt 0.438361 0.427924
vt 0.436581 0.441341
vt 0.916327 0.247419
vt 0.745584 0.338582
vt 0.597838 0.949449
vt 0.608666 0.949449
vt 0.602624 0.961718
vt 0.180675 0.027372
vt 0.923381 0.880601
vt 0.932775 0.870939
vt 0.931789 0.881623
vt 0.633566 0.054408
vt 0.141724 0.514558
vt 0.134547 0.513058
vt 0.140267 0.501320
vt 0.264356 0.939940
vt 0.252998 0.946432
vt 0.323104 0.850228
vt 0.324657 0.840173
vt 0.332036 0.848674
vt 0.809408 0.667425
vt 0.123179 0.488541
vt 0.151085 0.890475
vt 0.161689 0.911278
vt 0.149296 0.909298
vt 0.664431 0.659438
vt 0.449540 0.431927
vt 0.826374 0.976715
vt 0.832066 0.986650
vt 0.826263 0.986650
vt 0.618013 0.679520
vt 0.602269 0.674876
vt 0.610544 0.662063
vt 0.570611 0.661143
vt 0.558060 0.665312
vt 0.059774 0.886602
vt 0.792859 0.477475
vt 0.678101 0.833910
vt 0.362154 0.481770
vt 0.336646 0.822966
vt 0.704742 0.973375
vt 0.704219 0.961893
vt 0.712666 0.961893
vt 0.690877 0.647749
vt 0.651394 0.663595
vt 0.113407 0.480177
vt 0.476390 0.749878
vt 0.464565 0.437339
vt 0.970595 0.561189
vt 0.976213 0.559639
vt 0.765462 0.911439
vt 0.758295 0.897109
vt 0.773045 0.904554
vt 0.932775 0.894024
vt 0.655890 0.046843
vt 0.959384 0.026114
vt 0.959384 0.045050
vt 0.952101 0.037666
vt 0.684859 0.250550
vt 0.869878 0.834597
vt 0.875936 0.821970
vt 0.881622 0.834597
vt 0.924936 0.938738
vt 0.924936 0.952899
vt 0.914139 0.944781
vt 0.713006 0.175812
vt 0.716195 0.168880
vt 0.965080 0.309549
vt 0.972446 0.323513
vt 0.965080 0.324064
vt 0.426307 0.424095
vt 0.587164 0.661497
vt 0.741321 0.951432
vt 0.730089 0.951432
vt 0.735482 0.937561
vt 0.574666 0.668507
vt 0.060757 0.022727
vt 0.917520 0.976715
vt 0.921774 0.983803
vt 0.917520 0.986905
vt 0.513360 0.643812
vt 0.873033 0.247184
vt 0.873033 0.234209
vt 0.885294 0.239757
vt 0.013885 0.921061
vt 0.007607 0.935093
vt 0.769824 0.702811
vt 0.972826 0.034908
vt 0.966647 0.042559
vt 0.831133 0.641856
vt 0.849067 0.644362
vt 0.437496 0.301758
vt 0.393450 0.427461
vt 0.682876 0.552337
vt 0.845512 0.733747
vt 0.858993 0.743758
vt 0.143561 0.529278
vt 0.658799 0.815853
vt 0.143648 0.492107
vt 0.971349 0.816381
vt 0.964406 0.823765
vt 0.964406 0.808158
vt 0.711787 0.521365
vt 0.708847 0.508536
vt 0.716670 0.512146
vt 0.342436 0.829310
vt 0.344747 0.846088
vt 0.712527 0.491485
vt 0.811276 0.967644
vt 0.820114 0.954978
vt 0.820114 0.968027
vt 0.740001 0.185331
vt 0.683324 0.486654
vt 0.703764 0.484302
vt 0.619061 0.889054
vt 0.048168 0.945990
vt 0.058850 0.939539
vt 0.058850 0.953666
vt 0.304582 0.014082
vt 0.605428 0.050650
vt 0.782654 0.479064
vt 0.676374 0.263510
vt 0.377942 0.484213
vt 0.314086 0.847497
vt 0.314489 0.837697
vt 0.325422 0.554989
vt 0.718878 0.499602
vt 0.817468 0.656643
vt 0.738698 0.171094
vt 0.512824 0.741006
vt 0.411289 0.388747
vt 0.423630 0.391768
vt 0.449855 0.291287
vt 0.439904 0.274128
vt 0.450847 0.281041
vt 0.439465 0.290037
vt 0.967026 0.432597
vt 0.973260 0.426233
vt 0.973260 0.442154
vt 0.161106 0.019070
vt 0.682606 0.574184
vt 0.690329 0.586157
vt 0.859443 0.730737
vt 0.667779 0.826122
vt 0.814943 0.489804
vt 0.801949 0.471340
vt 0.928665 0.545163
vt 0.928665 0.521398
vt 0.936481 0.525864
vt 0.704423 0.645464
vt 0.694627 0.634515
vt 0.729702 0.164622
vt 0.602081 0.256246
vt 0.414815 0.363592
vt 0.031678 0.030460
vt 0.883852 0.104128
vt 0.202127 0.525092
vt 0.194863 0.517690
vt 0.173473 0.968122
vt 0.181504 0.958108
vt 0.181504 0.971456
vt 0.903761 0.280550
vt 0.914758 0.279467
vt 0.620887 0.046754
vt 0.195688 0.499400
vt 0.485379 0.673616
vt 0.755651 0.955655
vt 0.743998 0.950965
vt 0.755651 0.943620
vt 0.140674 0.482922
vt 0.513382 0.751897
vt 0.406274 0.341969
vt 0.973728 0.568729
vt 0.466712 0.427121
vt 0.736763 0.368587
vt 0.724321 0.358650
vt 0.357399 0.002406
vt 0.656199 0.563866
vt 0.164517 0.487440
vt 0.525550 0.636034
vt 0.539191 0.642491
vt 0.631475 0.937953
vt 0.631475 0.919327
vt 0.636635 0.928282
vt 0.128815 0.479112
vt 0.115330 0.480745
vt 0.965606 0.694656
vt 0.973435 0.699912
vt 0.965606 0.707417
vt 0.770768 0.690563
vt 0.420713 0.334213
vt 0.634292 0.876348
vt 0.721844 0.371785
vt 0.580805 0.679240
vt 0.470314 0.677642
vt 0.322011 0.822428
vt 0.745351 0.188465
vt 0.744355 0.177529
vt 0.252998 0.916079
vt 0.243710 0.922309
vt 0.004943 0.964106
vt 0.009844 0.950887
vt 0.487850 0.761713
vt 0.809178 0.681269
vt 0.621989 0.878077
vt 0.420888 0.416792
vt 0.735407 0.378889
vt 0.755275 0.359093
vt 0.782328 0.079686
vt 0.179260 0.486321
vt 0.492025 0.661228
vt 0.378872 0.930094
vt 0.381257 0.943664
vt 0.433675 0.413901
vt 0.763659 0.889649
vt 0.647943 0.563212
vt 0.664186 0.556725
vt 0.798199 0.469984
vt 0.671631 0.929384
vt 0.659192 0.915785
vt 0.669845 0.913517
vt 0.457661 0.417938
vt 0.567121 0.680366
vt 0.773045 0.890486
vt 0.879568 0.119490
vt 0.103253 0.000767
vt 0.729318 0.512230
vt 0.718878 0.521395
vt 0.675943 0.817739
vt 0.149380 0.483461
vt 0.742884 0.166085
vt 0.718589 0.164668
vt 0.721696 0.157069
vt 0.048646 0.017954
vt 0.643099 0.795645
vt 0.636691 0.803995
vt 0.917417 0.638107
vt 0.921657 0.650520
vt 0.959403 0.171026
vt 0.952976 0.160295
vt 0.959403 0.149840
vt 0.754643 0.180130
vt 0.755230 0.191403
vt 0.659325 0.962731
vt 0.667019 0.958244
vt 0.714428 0.152250
vt 0.693832 0.480271
vt 0.702503 0.476176
vt 0.427466 0.292053
vt 0.910139 0.569939
vt 0.898904 0.560430
vt 0.915287 0.560430
vt 0.589993 0.681552
vt 0.796671 0.080685
vt 0.072926 0.012442
vt 0.188066 0.483657
vt 0.843914 0.718859
vt 0.857729 0.716242
vt 0.666388 0.797597
vt 0.759169 0.968641
vt 0.759169 0.957300
vt 0.768701 0.965257
vt 0.667019 0.968168
vt 0.144976 0.972514
vt 0.136712 0.961874
vt 0.145878 0.961874
vt 0.409576 0.352573
vt 0.627596 0.039384
vt 0.608540 0.037161
vt 0.730274 0.902535
vt 0.740485 0.911289
vt 0.544312 0.631573
vt 0.519713 0.617326
vt 0.674920 0.806620
vt 0.755151 0.171888
vt 0.717064 0.478742
vt 0.817075 0.643071
vt 0.411974 0.309624
vt 0.899774 0.577597
vt 0.418943 0.407210
vt 0.606391 0.683331
vt 0.754448 0.385009
vt 0.173888 0.012769
vt 0.641896 0.546724
vt 0.676641 0.247472
vt 0.961630 0.871319
vt 0.968082 0.880352
vt 0.961593 0.889053
vt 0.255512 0.946432
vt 0.264356 0.946432
vt 0.259261 0.961749
vt 0.243608 0.943775
vt 0.230690 0.943775
vt 0.235786 0.930279
vt 0.498342 0.950426
vt 0.497097 0.962899
vt 0.561125 0.668596
vt 0.810102 0.082302
vt 0.115049 0.010463
vt 0.693911 0.569653
vt 0.309420 0.986735
vt 0.301135 0.984972
vt 0.309420 0.976715
vt 0.779445 0.193386
vt 0.761826 0.196960
vt 0.768301 0.172683
vt 0.080842 0.902688
vt 0.074424 0.890741
vt 0.079306 0.887150
vt 0.500650 0.649969
vt 0.927077 0.658918
vt 0.513274 0.768052
vt 0.797738 0.669923
vt 0.403677 0.379811
vt 0.447441 0.410376
vt 0.311456 0.006368
vt 0.777198 0.338582
vt 0.777549 0.373136
vt 0.769175 0.358325
vt 0.139957 0.004747
vt 0.743641 0.901339
vt 0.841539 0.959248
vt 0.851867 0.950917
vt 0.851867 0.963499
vt 0.694848 0.991604
vt 0.690606 0.981694
vt 0.694848 0.976715
vt 0.732877 0.148401
vt 0.657380 0.639792
vt 0.971291 0.510304
vt 0.965476 0.520572
vt 0.965476 0.502524
vt 0.275573 0.729379
vt 0.273903 0.719096
vt 0.296730 0.726970
vt 0.295125 0.710025
vt 0.812919 0.069665
vt 0.807031 0.064075
vt 0.816797 0.055007
vt 0.071380 0.899172
vt 0.950473 0.340608
vt 0.956856 0.343340
vt 0.955537 0.351100
vt 0.956856 0.328800
vt 0.650945 0.646638
vt 0.779334 0.676344
vt 0.424177 0.269519
vt 0.213834 0.989703
vt 0.212839 0.976715
vt 0.594193 0.037399
vt 0.656620 0.036371
vt 0.878745 0.877109
vt 0.881464 0.869075
vt 0.886553 0.875455
vt 0.312458 0.826072
vt 0.475326 0.769939
vt 0.469486 0.762777
vt 0.951359 0.202292
vt 0.942291 0.192302
vt 0.939450 0.870939
vt 0.947976 0.884404
vt 0.939450 0.890362
vt 0.559101 0.677474
vt 0.294189 0.012490
vt 0.976033 0.363176
vt 0.970318 0.370468
vt 0.065857 0.932540
vt 0.865968 0.966810
vt 0.869713 0.953895
vt 0.832090 0.963544
vt 0.840132 0.956813
vt 0.840132 0.970309
vt 0.527991 0.343092
vt 0.539826 0.347685
vt 0.537381 0.365753
vt 0.735704 0.156896
vt 0.480047 0.756180
vt 0.491705 0.773457
vt 0.457420 0.407870
vt 0.406019 0.298745
vt 0.926537 0.773663
vt 0.934579 0.755069
vt 0.806061 0.069665
vt 0.919136 0.367120
vt 0.925739 0.354397
vt 0.926986 0.370941
vt 0.942043 0.176187
vt 0.949599 0.185541
vt 0.942043 0.191588
vt 0.951771 0.175281
vt 0.471054 0.659599
vt 0.498364 0.631345
vt 0.136250 0.960199
vt 0.126049 0.963078
vt 0.332013 0.809162
vt 0.344747 0.810230
vt 0.768447 0.676219
vt 0.765005 0.652495
vt 0.889727 0.396018
vt 0.876281 0.405294
vt 0.873490 0.390196
vt 0.404894 0.321296
vt 0.589098 0.695622
vt 0.152499 0.005535
vt 0.510131 0.621940
vt 0.947595 0.958214
vt 0.938951 0.957138
vt 0.946803 0.952779
vt 0.750326 0.161208
vt 0.780850 0.654659
vt 0.807249 0.665888
vt 0.398344 0.364747
vt 0.404683 0.355802
vt 0.442282 0.260486
vt 0.925545 0.957501
vt 0.935187 0.951769
vt 0.935187 0.964577
vt 0.558342 0.686306
vt 0.571195 0.702186
vt 0.955706 0.699725
vt 0.947140 0.709448
vt 0.125693 0.929730
vt 0.113521 0.927161
vt 0.125466 0.913057
vt 0.112679 0.916834
vt 0.665872 0.535879
vt 0.866100 0.739865
vt 0.870600 0.727509
vt 0.803483 0.051274
vt 0.874299 0.868707
vt 0.923587 0.080656
vt 0.931970 0.058781
vt 0.794158 0.654537
vt 0.806648 0.660078
vt 0.970384 0.231596
vt 0.964145 0.240056
vt 0.469486 0.413143
vt 0.746360 0.365359
vt 0.290582 0.683511
vt 0.302165 0.696410
vt 0.794915 0.984663
vt 0.790728 0.976715
vt 0.798146 0.976715
vt 0.882705 0.427986
vt 0.874159 0.428535
vt 0.890353 0.408311
vt 0.432519 0.246921
vt 0.286344 0.942435
vt 0.297619 0.927925
vt 0.298731 0.942435
vt 0.808866 0.651716
vt 0.795804 0.647251
vt 0.809247 0.639436
vt 0.440953 0.405836
vt 0.619261 0.950697
vt 0.629687 0.935382
vt 0.558542 0.711980
vt 0.554534 0.695879
vt 0.061316 0.008413
vt 0.080265 0.011865
vt 0.947140 0.695711
vt 0.618454 0.031287
vt 0.637053 0.535544
vt 0.650040 0.523384
vt 0.532215 0.334511
vt 0.609578 0.688289
vt 0.608640 0.701732
vt 0.335579 0.000949
vt 0.266026 0.698545
vt 0.782042 0.175903
vt 0.291390 0.673242
vt 0.300158 0.686990
vt 0.475022 0.640288
vt 0.407821 0.283849
vt 0.789915 0.914811
vt 0.779829 0.927592
vt 0.779829 0.912322
vt 0.769175 0.383179
vt 0.764739 0.357746
vt 0.789472 0.057182
vt 0.797295 0.068611
vt 0.792613 0.183148
vt 0.782547 0.639808
vt 0.762734 0.518464
vt 0.741643 0.511427
vt 0.748098 0.505050
vt 0.792766 0.634515
vt 0.596412 0.705136
vt 0.632526 0.024431
vt 0.769619 0.508898
vt 0.777895 0.520171
vt 0.453261 0.399980
vt 0.761968 0.206706
vt 0.771095 0.200913
vt 0.782245 0.205036
vt 0.889633 0.862656
vt 0.310632 0.808213
vt 0.320947 0.804665
vt 0.946793 0.778681
vt 0.947736 0.766100
vt 0.588688 0.707379
vt 0.371789 0.000000
vt 0.096288 0.000294
vt 0.948775 0.323464
vt 0.938781 0.326242
vt 0.938918 0.316755
vt 0.257059 0.729045
vt 0.254898 0.714272
vt 0.266126 0.722146
vt 0.814240 0.037182
vt 0.748445 0.991358
vt 0.744305 0.984818
vt 0.748445 0.976715
vt 0.063240 0.888822
vt 0.066640 0.881369
vt 0.258360 0.808377
vt 0.242708 0.812992
vt 0.249379 0.798208
vt 0.700116 0.964258
vt 0.691124 0.969758
vt 0.691124 0.957791
vt 0.925455 0.575914
vt 0.932038 0.557583
vt 0.934080 0.572470
vt 0.927647 0.360051
vt 0.935569 0.354453
vt 0.935569 0.370274
vt 0.679239 0.793708
vt 0.308054 0.814709
vt 0.539826 0.330100
vt 0.265493 0.984767
vt 0.258869 0.989317
vt 0.794199 0.928336
vt 0.790522 0.196960
vt 0.799927 0.205683
vt 0.876961 0.849352
vt 0.344747 0.882769
vt 0.358751 0.870893
vt 0.362793 0.879221
vt 0.720128 0.144383
vt 0.741195 0.134961
vt 0.727656 0.130637
vt 0.418570 0.969587
vt 0.409980 0.961219
vt 0.418570 0.956972
vt 0.695086 0.557270
vt 0.596497 0.020022
vt 0.875417 0.711496
vt 0.314259 0.936361
vt 0.325614 0.934403
vt 0.325614 0.948913
vt 0.679770 0.538333
vt 0.763363 0.224377
vt 0.605838 0.014752
vt 0.790712 0.233042
vt 0.486103 0.628628
vt 0.761826 0.159967
vt 0.753320 0.146980
vt 0.928224 0.899554
vt 0.933813 0.916756
vt 0.925545 0.924430
vt 0.931647 0.376604
vt 0.244747 0.711908
vt 0.250631 0.699136
vt 0.795822 0.041335
vt 0.271759 0.971375
vt 0.264652 0.966067
vt 0.271759 0.955909
vt 0.888966 0.845381
vt 0.941414 0.520591
vt 0.941414 0.507158
vt 0.949830 0.506160
vt 0.841539 0.862386
vt 0.848528 0.848031
vt 0.859471 0.861225
vt 0.416514 0.250129
vt 0.935424 0.709746
vt 0.935424 0.695711
vt 0.947140 0.697413
vt 0.801928 0.176176
vt 0.792962 0.163741
vt 0.804558 0.161598
vt 0.782052 0.046122
vt 0.770958 0.163564
vt 0.763539 0.154998
vt 0.775576 0.146997
vt 0.691124 0.919164
vt 0.703946 0.916003
vt 0.703946 0.932119
vt 0.410965 0.259517
vt 0.657619 0.521398
vt 0.259252 0.677927
vt 0.283740 0.657604
vt 0.803517 0.224288
vt 0.850055 0.872391
vt 0.367223 0.860106
vt 0.270147 0.822586
vt 0.251299 0.826112
vt 0.271269 0.811978
vt 0.734146 0.483393
vt 0.741954 0.482030
vt 0.619460 0.004691
vt 0.765316 0.233149
vt 0.783092 0.159425
vt 0.874299 0.838739
vt 0.759519 0.496289
vt 0.397335 0.316083
vt 0.393450 0.303098
vt 0.940739 0.748449
vt 0.940739 0.731709
vt 0.950412 0.740643
vt 0.235415 0.701446
vt 0.272567 0.662014
vt 0.520770 0.983824
vt 0.513570 0.987000
vt 0.513570 0.976715
vt 0.945406 0.686914
vt 0.953878 0.695711
vt 0.808402 0.039542
vt 0.354412 0.862199
vt 0.773654 0.496311
vt 0.231883 0.817319
vt 0.230972 0.800578
vt 0.774415 0.244386
vt 0.761826 0.243412
vt 0.800716 0.028009
vt 0.816221 0.014528
vt 0.721157 0.356885
vt 0.714601 0.373281
vt 0.709618 0.364264
vt 0.697868 0.377526
vt 0.697574 0.358185
vt 0.691597 0.344959
vt 0.699279 0.338582
vt 0.959829 0.405176
vt 0.959829 0.422800
vt 0.951965 0.416406
vt 0.354731 0.851789
vt 0.761826 0.144538
vt 0.766493 0.136169
vt 0.317717 0.794083
vt 0.861793 0.843289
vt 0.968071 0.197085
vt 0.960475 0.209749
vt 0.960475 0.193935
vt 0.400940 0.270550
vt 0.749476 0.132523
vt 0.897385 0.244888
vt 0.885294 0.247338
vt 0.885294 0.234209
vt 0.671737 0.524938
vt 0.596512 0.003902
vt 0.347133 0.841329
vt 0.368393 0.840712
vt 0.872258 0.859952
vt 0.874256 0.836742
vt 0.777895 0.488782
vt 0.657971 0.943998
vt 0.667631 0.929384
vt 0.670109 0.943998
vt 0.683181 0.357045
vt 0.889632 0.952471
vt 0.896836 0.938074
vt 0.900375 0.952471
vt 0.396844 0.280569
vt 0.770755 0.027845
vt 0.790637 0.151216
vt 0.272069 0.834598
vt 0.255836 0.845536
vt 0.263369 0.825032
vt 0.240557 0.838804
vt 0.715972 0.381746
vt 0.702924 0.388502
vt 0.701298 0.344132
vt 0.715698 0.342377
vt 0.784426 0.022337
vt 0.358168 0.926359
vt 0.358168 0.940396
vt 0.345117 0.935225
vt 0.758538 0.483530
vt 0.741235 0.469984
vt 0.232896 0.682061
vt 0.808340 0.150067
vt 0.241705 0.664214
vt 0.469486 0.628274
vt 0.239700 0.855393
vt 0.230972 0.848498
vt 0.754340 0.472302
vt 0.257497 0.656803
vt 0.803525 0.008723
vt 0.868724 0.873190
vt 0.761826 0.138554
vt 0.765619 0.480160
vt 0.681382 0.389234
vt 0.788502 0.134423
vt 0.796583 0.145517
vt 0.873273 0.863639
vt 0.675114 0.382064
vt 0.758621 0.125105
vt 0.776939 0.478453
vt 0.783743 0.125105
vt 0.790894 0.000571
vt 0.779629 0.006827
vt 0.769835 0.007297
vt 0.802970 0.134788
s 1
usemtl Material.001
f 1/1/1 2/2/2 30/3/3
f 1/1/1 3/4/4 37/5/5
f 4/6/6 6/7/7 1/1/1
f 30/3/3 2/2/2 39/8/8
f 1/1/1 6/7/7 5/9/9
f 1/1/1 30/3/3 4/6/6
f 6/7/7 17/10/10 5/9/9
f 7/11/11 5/12/9 17/13/10
f 42/14/12 24/15/13 5/9/9
f 24/15/13 23/16/14 3/4/4
f 9/17/15 17/18/10 6/19/7
f 9/17/15 10/20/16 17/18/10
f 1/1/1 5/9/9 24/15/13
f 24/15/13 3/4/4 1/1/1
f 13/21/17 14/22/18 15/23/19
f 16/24/20 45/25/21 21/26/22
f 21/26/22 45/25/21 48/27/23
f 17/28/10 10/29/16 7/30/11
f 21/31/22 20/32/24 16/33/20
f 14/22/18 8/34/25 19/35/26
f 66/36/27 9/37/15 6/38/7
f 11/39/28 21/26/22 12/40/29
f 11/41/28 20/42/24 21/43/22
f 1/1/1 37/5/5 2/2/2
f 37/5/5 3/4/4 38/44/30
f 22/45/31 23/46/14 24/47/13
f 25/48/32 18/49/33 14/22/18
f 48/27/23 12/40/29 21/26/22
f 8/34/25 26/50/34 19/35/26
f 26/50/34 27/51/35 49/52/36
f 28/53/37 60/54/38 33/55/39
f 6/38/7 4/56/6 29/57/40
f 30/58/3 39/59/8 29/57/40
f 29/57/40 4/56/6 30/58/3
f 3/60/4 23/61/14 31/62/41
f 32/63/42 8/64/25 13/65/17
f 8/64/25 32/63/42 26/66/34
f 26/50/34 49/52/36 19/35/26
f 7/11/11 42/67/12 5/12/9
f 18/49/33 15/23/19 14/22/18
f 14/22/18 13/21/17 8/34/25
f 14/22/18 19/35/26 25/48/32
f 45/68/21 25/48/32 19/35/26
f 60/69/38 35/70/43 33/71/39
f 36/72/44 33/55/39 39/8/8
f 37/73/5 38/74/30 2/75/2
f 18/49/33 20/76/24 15/23/19
f 18/49/33 25/48/32 20/76/24
f 20/77/24 25/78/32 16/79/20
f 40/80/45 33/55/39 35/81/43
f 51/82/46 39/83/8 40/84/45
f 39/8/8 33/55/39 40/80/45
f 2/2/2 38/44/30 41/85/47
f 24/86/13 42/87/12 22/88/31
f 44/89/48 26/66/34 32/63/42
f 16/79/20 25/78/32 45/90/21
f 66/36/27 6/38/7 29/57/40
f 46/91/49 33/55/39 36/72/44
f 11/39/28 12/40/29 82/92/50
f 102/93/51 47/94/52 12/40/29
f 67/95/53 48/96/23 45/97/21
f 50/98/54 51/82/46 40/84/45
f 39/59/8 51/99/46 29/57/40
f 39/8/8 2/2/2 41/85/47
f 27/100/35 26/66/34 52/101/55
f 39/8/8 41/85/47 36/72/44
f 7/30/11 75/102/56 42/87/12
f 31/62/41 38/103/30 3/60/4
f 15/104/19 43/105/57 13/106/17
f 35/107/43 50/108/54 40/109/45
f 28/53/37 33/55/39 62/110/58
f 9/17/15 59/111/59 10/20/16
f 32/112/42 13/106/17 43/105/57
f 11/41/28 55/113/60 20/42/24
f 44/89/48 34/114/61 26/66/34
f 48/27/23 102/93/51 12/40/29
f 46/91/49 36/72/44 54/115/62
f 38/44/30 57/116/63 41/85/47
f 10/29/16 75/102/56 7/30/11
f 15/104/19 55/117/60 43/105/57
f 15/104/19 20/118/24 55/117/60
f 67/95/53 53/119/64 48/96/23
f 49/52/36 56/120/65 19/35/26
f 23/61/14 22/88/31 31/62/41
f 29/121/40 88/122/66 66/123/27
f 33/55/39 46/91/49 62/110/58
f 66/36/27 58/124/67 9/37/15
f 9/37/15 58/124/67 59/125/59
f 26/66/34 34/114/61 52/101/55
f 60/126/38 61/127/68 35/107/43
f 88/128/66 65/129/69 66/36/27
f 46/91/49 63/130/70 64/131/71
f 65/132/69 58/133/67 66/134/27
f 63/130/70 46/91/49 54/115/62
f 70/135/72 10/20/16 59/111/59
f 19/35/26 67/136/53 45/68/21
f 28/137/37 61/127/68 60/126/38
f 50/108/54 35/107/43 68/138/73
f 59/139/59 69/140/74 70/141/72
f 47/94/52 82/92/50 12/40/29
f 48/27/23 87/142/75 102/93/51
f 27/143/35 71/144/76 49/145/36
f 28/53/37 160/146/77 104/147/78
f 36/148/44 41/149/47 54/150/62
f 10/29/16 70/151/72 75/102/56
f 42/87/12 72/152/79 22/88/31
f 67/136/53 56/120/65 53/153/64
f 67/136/53 19/35/26 56/120/65
f 64/131/71 62/110/58 46/91/49
f 11/154/28 77/155/80 55/117/60
f 73/156/81 59/125/59 58/124/67
f 57/157/63 38/158/30 74/159/82
f 104/160/78 76/161/83 28/137/37
f 68/138/73 35/107/43 61/127/68
f 73/156/81 65/129/69 105/162/84
f 88/128/66 105/162/85 65/129/69
f 73/156/81 58/124/67 65/129/69
f 72/152/79 31/62/41 22/88/31
f 78/163/86 32/112/42 43/105/57
f 76/161/83 61/127/68 28/137/37
f 28/53/37 62/110/58 160/146/77
f 171/164/87 170/165/88 65/166/89
f 29/57/40 51/99/46 107/167/90
f 171/168/87 65/169/89 105/170/91
f 75/102/56 72/152/79 42/87/12
f 72/152/79 80/171/92 31/62/41
f 81/172/93 95/173/94 94/174/95
f 82/175/50 77/155/80 11/154/28
f 70/151/72 83/176/96 75/102/56
f 31/62/41 74/177/82 38/103/30
f 47/178/52 112/179/97 82/180/50
f 86/181/98 34/114/61 44/89/48
f 119/182/99 68/183/73 61/184/68
f 50/98/54 107/185/90 51/82/46
f 171/186/100 105/187/101 88/188/102
f 53/119/64 87/189/75 48/96/23
f 34/190/61 97/191/103 52/192/55
f 27/143/35 214/193/104 71/144/76
f 160/146/77 62/110/58 89/194/105
f 59/195/59 128/196/106 69/197/74
f 64/131/71 63/130/70 90/198/107
f 41/149/47 91/199/108 54/150/62
f 41/149/47 57/200/63 91/199/108
f 94/201/95 95/202/94 96/203/109
f 214/204/104 27/100/35 52/101/55
f 121/205/110 88/122/66 29/121/40
f 121/206/110 29/57/40 107/167/90
f 57/200/63 74/207/82 122/208/111
f 100/209/112 75/210/56 83/211/96
f 98/212/113 31/62/41 80/171/92
f 32/213/42 86/214/98 44/215/48
f 65/216/89 170/217/88 105/218/114
f 105/162/84 88/128/66 99/219/115
f 62/110/58 64/131/71 89/194/105
f 73/156/81 79/220/116 59/125/59
f 57/200/63 122/208/111 91/199/108
f 69/221/74 161/222/117 70/151/72
f 75/223/56 100/224/112 72/225/79
f 31/226/41 98/227/113 74/228/82
f 72/152/79 100/229/112 101/230/118
f 84/231/119 85/232/120 115/233/121
f 112/179/97 47/178/52 102/234/51
f 53/153/64 56/120/65 103/235/122
f 160/236/77 154/237/123 104/238/78
f 105/239/84 99/240/115 73/241/81
f 89/194/105 64/131/71 106/242/124
f 109/243/125 95/173/94 81/172/93
f 115/233/121 132/244/126 186/245/127
f 55/117/60 77/155/80 43/105/57
f 82/175/50 151/246/128 77/155/80
f 144/247/129 87/189/75 53/119/64
f 49/52/36 103/235/122 56/120/65
f 68/138/73 153/248/130 50/108/54
f 120/249/131 107/250/90 50/251/54
f 121/205/110 99/252/115 88/122/66
f 54/150/62 235/253/132 63/254/70
f 54/150/62 91/199/108 235/253/132
f 95/202/94 108/255/133 96/203/109
f 84/231/119 115/233/121 186/245/127
f 133/256/134 111/257/135 116/258/136
f 43/259/57 77/260/80 206/261/137
f 151/246/128 82/175/50 112/262/97
f 93/263/138 92/264/139 139/265/140
f 95/266/94 109/267/125 108/268/133
f 113/269/141 85/270/120 114/271/142
f 85/232/120 84/231/119 114/272/142
f 180/273/143 115/274/121 85/275/120
f 85/275/120 197/276/144 180/273/143
f 133/277/134 116/278/136 117/279/145
f 118/280/146 110/281/147 126/282/148
f 43/105/57 206/283/137 78/163/86
f 61/127/68 76/161/83 119/284/99
f 120/285/131 121/286/110 107/287/90
f 128/196/106 176/288/149 69/197/74
f 72/152/79 101/230/118 80/171/92
f 124/289/150 94/201/95 139/265/140
f 113/269/141 125/290/151 85/270/120
f 125/290/151 197/291/144 85/270/120
f 117/279/145 134/292/152 133/277/134
f 126/293/148 127/294/153 118/295/146
f 102/93/51 87/142/75 112/296/97
f 34/297/61 86/214/98 97/298/103
f 121/205/110 137/299/154 99/252/115
f 170/300/88 171/301/155 105/302/114
f 79/220/116 128/303/106 59/125/59
f 70/151/72 161/222/117 83/176/96
f 162/304/156 236/305/157 122/306/111
f 185/307/158 81/172/93 94/174/95
f 109/243/125 129/308/159 251/309/160
f 186/245/127 130/310/161 84/231/119
f 131/311/162 186/312/127 132/313/126
f 206/283/137 259/314/163 78/163/86
f 281/315/164 52/192/55 97/191/103
f 135/316/165 49/145/36 71/144/76
f 136/317/166 99/219/115 137/318/154
f 232/319/167 128/303/106 79/220/116
f 73/156/81 99/219/115 136/317/166
f 138/320/168 100/209/112 83/211/96
f 80/171/92 146/321/169 98/212/113
f 156/322/170 124/289/150 123/323/171
f 94/201/95 96/203/109 139/265/140
f 81/172/93 129/308/159 109/243/125
f 187/324/172 139/265/140 96/203/109
f 132/313/126 115/274/121 180/273/143
f 141/325/173 142/326/174 181/327/175
f 143/328/176 77/155/80 151/246/128
f 77/260/80 168/329/177 206/261/137
f 52/330/55 281/331/164 214/332/104
f 122/306/111 236/305/157 91/333/108
f 122/306/111 74/228/82 98/227/113
f 98/227/113 162/304/156 122/306/111
f 80/334/92 145/335/178 146/336/169
f 124/289/150 156/322/170 94/201/95
f 139/337/140 92/338/139 124/339/150
f 93/263/138 139/265/140 148/340/179
f 139/265/140 187/324/172 149/341/180
f 110/342/147 150/343/181 126/344/148
f 141/345/173 111/346/135 142/347/174
f 111/348/135 141/325/173 116/278/136
f 151/349/128 112/350/97 167/351/182
f 77/352/80 143/353/176 168/354/177
f 78/163/86 152/355/183 32/112/42
f 152/356/183 86/214/98 32/213/42
f 112/357/97 87/358/75 258/359/184
f 104/160/78 154/360/123 76/161/83
f 120/361/131 137/299/154 121/205/110
f 155/362/185 100/229/112 138/363/168
f 147/364/186 124/365/150 92/264/139
f 93/263/138 147/364/186 92/264/139
f 149/341/180 148/340/179 139/265/140
f 187/324/172 96/203/109 108/255/133
f 84/231/119 140/366/187 114/272/142
f 84/231/119 130/310/161 140/366/187
f 157/367/188 127/368/153 126/369/148
f 150/370/181 181/371/175 142/372/174
f 143/373/176 199/374/189 168/375/177
f 152/355/183 78/163/86 259/314/163
f 199/374/189 158/376/190 168/375/177
f 53/377/64 103/378/122 144/379/129
f 153/380/130 68/183/73 119/182/99
f 214/193/104 159/381/191 71/144/76
f 154/382/123 160/383/77 89/384/105
f 219/385/192 79/220/116 73/156/81
f 173/386/193 128/303/106 232/319/167
f 73/156/81 136/317/166 219/385/192
f 69/197/74 176/288/149 161/387/117
f 235/253/132 90/388/107 63/254/70
f 123/389/171 124/390/150 138/391/194
f 98/392/113 192/393/195 162/394/156
f 145/395/178 238/396/196 146/397/169
f 155/362/185 101/230/118 100/229/112
f 146/397/169 238/396/196 98/398/113
f 145/399/178 80/171/92 101/230/118
f 238/396/196 163/400/197 98/398/113
f 124/365/150 147/364/186 138/401/194
f 185/307/158 94/402/95 156/403/170
f 164/404/198 140/366/187 179/405/199
f 129/406/159 165/407/200 251/408/160
f 125/290/151 166/409/201 197/291/144
f 202/410/202 168/411/177 158/412/190
f 49/145/36 135/316/165 103/413/122
f 387/414/203 170/165/204 171/164/100
f 172/415/205 173/416/193 174/417/206
f 173/416/193 175/418/207 176/419/149
f 161/222/117 177/420/208 83/176/96
f 162/304/156 192/421/195 236/305/157
f 140/366/187 130/310/161 179/405/199
f 180/273/143 228/422/209 132/313/126
f 197/423/144 198/424/210 180/425/143
f 134/426/152 265/427/211 133/428/134
f 110/429/147 181/315/175 150/430/181
f 151/246/128 167/431/182 182/432/212
f 112/357/97 258/359/184 167/433/182
f 258/359/184 87/358/75 183/434/213
f 71/144/76 159/381/191 135/316/165
f 172/415/205 175/418/207 173/416/193
f 232/319/167 79/220/116 218/435/214
f 137/436/154 216/437/215 136/438/166
f 79/220/116 219/385/192 218/435/214
f 173/439/193 176/288/149 128/196/106
f 177/440/208 138/320/168 83/211/96
f 156/441/170 123/389/171 257/442/216
f 101/230/118 178/443/217 145/399/178
f 130/444/161 186/445/127 131/446/162
f 187/447/172 108/448/133 193/449/218
f 111/450/135 150/451/181 142/452/174
f 172/453/205 188/454/219 175/455/207
f 64/456/71 304/457/220 106/458/124
f 289/459/221 190/460/222 184/461/223
f 138/462/168 177/463/208 191/464/224
f 178/443/217 101/230/118 155/362/185
f 98/465/113 163/466/197 192/467/195
f 164/404/198 179/405/199 278/468/225
f 187/324/172 193/469/218 149/341/180
f 109/267/125 194/470/226 108/268/133
f 252/471/227 113/472/141 195/473/228
f 113/269/141 196/474/229 125/290/151
f 197/475/144 273/476/230 198/477/210
f 168/478/231 199/479/232 200/480/233
f 201/481/234 202/482/202 158/483/190
f 120/361/131 266/484/235 137/299/154
f 188/485/219 176/419/149 175/418/207
f 190/486/222 188/485/219 184/487/223
f 191/488/236 138/401/194 147/364/186
f 291/489/237 147/490/186 93/491/138
f 239/492/238 240/493/239 263/494/240
f 195/495/228 113/236/141 205/496/241
f 114/271/142 250/497/242 113/269/141
f 194/498/226 109/499/125 245/500/243
f 181/327/175 110/281/147 118/280/146
f 141/325/173 117/279/145 116/278/136
f 206/501/244 259/502/245 200/503/246
f 206/504/137 207/505/247 259/506/163
f 206/507/137 168/508/177 207/509/247
f 154/510/123 89/511/105 256/512/248
f 189/513/249 188/454/219 172/453/205
f 189/514/249 184/487/223 188/485/219
f 304/457/220 64/456/71 208/515/250
f 90/516/107 208/475/250 64/517/71
f 190/486/222 176/419/149 188/485/219
f 176/288/149 190/518/222 161/387/117
f 161/519/117 190/520/222 234/521/251
f 91/333/108 236/305/157 235/522/132
f 191/523/252 155/362/185 138/363/168
f 163/524/197 223/525/253 192/393/195
f 93/263/138 148/340/179 204/526/254
f 148/340/179 210/527/255 204/526/254
f 157/367/188 126/369/148 211/528/256
f 151/246/128 182/432/212 143/328/176
f 199/374/189 143/373/176 182/529/212
f 103/378/122 169/530/257 144/379/129
f 246/531/258 153/248/130 119/284/99
f 76/161/83 246/531/258 119/284/99
f 120/361/131 50/532/54 266/484/235
f 173/386/193 232/319/167 212/533/259
f 90/388/107 235/253/132 208/515/250
f 209/534/260 190/486/222 289/535/221
f 291/536/237 93/263/138 204/526/254
f 156/403/170 317/537/261 185/307/158
f 81/172/93 185/307/158 317/537/261
f 113/269/141 250/497/242 205/538/241
f 109/499/125 251/539/160 245/500/243
f 252/471/227 196/540/229 113/472/141
f 168/411/177 202/410/202 207/505/247
f 202/410/202 213/541/262 207/505/247
f 201/481/234 213/542/262 202/482/202
f 158/543/190 144/544/129 201/545/234
f 76/161/83 154/360/123 215/546/263
f 173/416/193 212/547/259 174/417/206
f 137/548/154 266/549/235 216/550/215
f 217/551/264 189/513/249 172/453/205
f 216/552/215 275/553/265 136/554/166
f 304/555/220 89/556/105 106/557/124
f 232/558/167 218/559/214 219/560/266
f 219/385/266 233/561/267 232/319/167
f 184/562/223 220/563/268 221/564/269
f 221/564/269 289/565/221 184/562/223
f 269/566/270 208/515/250 235/253/132
f 138/391/194 191/567/271 123/389/171
f 123/389/171 191/567/271 222/568/272
f 224/569/273 81/172/93 317/537/261
f 224/569/273 225/570/274 81/172/93
f 164/571/198 278/572/225 226/573/275
f 239/492/238 263/494/240 227/574/276
f 225/570/274 129/308/159 81/172/93
f 226/575/275 140/576/187 164/577/198
f 132/313/126 228/422/209 131/311/162
f 228/578/209 180/425/143 198/424/210
f 197/291/144 166/409/201 273/579/230
f 133/580/134 229/581/277 111/582/135
f 133/428/134 265/427/211 229/583/277
f 141/325/173 230/584/278 117/279/145
f 182/529/212 183/585/213 199/374/189
f 158/376/190 183/585/213 144/586/129
f 86/214/98 253/587/279 97/298/103
f 144/588/129 183/434/213 87/358/75
f 281/589/164 97/298/103 253/587/279
f 76/161/83 215/546/263 246/531/258
f 174/417/206 255/590/280 172/415/205
f 232/591/167 233/592/267 212/593/259
f 218/594/281 233/592/282 219/595/283
f 220/563/268 184/562/223 189/513/249
f 269/596/270 235/597/132 236/598/157
f 237/599/284 191/600/224 177/601/208
f 191/523/252 341/602/285 155/362/185
f 318/603/286 163/604/197 238/605/196
f 163/604/197 318/603/286 223/606/253
f 270/607/287 239/608/238 357/609/288
f 239/608/238 270/607/287 240/610/239
f 210/527/255 148/340/179 241/611/289
f 148/340/179 149/341/180 241/611/289
f 242/612/290 114/613/142 140/614/187
f 243/615/291 165/616/200 129/308/159
f 244/617/292 194/470/226 245/618/243
f 182/619/212 258/359/184 183/434/213
f 199/374/189 183/585/213 158/376/190
f 320/620/293 202/621/294 207/622/295
f 246/623/258 247/624/296 153/625/130
f 153/626/130 248/627/297 50/532/54
f 329/628/298 217/551/264 172/453/205
f 219/385/192 136/317/166 311/629/299
f 249/630/300 341/631/301 191/632/224
f 236/305/157 192/421/195 292/633/302
f 276/634/303 238/396/196 145/395/178
f 357/635/288 239/636/238 227/637/276
f 250/638/242 114/613/142 242/612/290
f 251/639/160 244/617/292 245/618/243
f 195/640/228 205/538/241 252/641/227
f 141/325/173 181/327/175 230/584/278
f 253/642/279 213/542/262 254/643/304
f 254/644/304 281/589/164 253/587/279
f 153/645/130 344/646/305 248/647/297
f 231/648/306 174/417/206 212/547/259
f 161/222/117 288/649/307 177/420/208
f 288/650/307 237/599/284 177/601/208
f 257/651/216 317/537/261 156/403/170
f 225/570/274 243/615/291 129/308/159
f 165/652/200 285/653/308 251/639/160
f 118/280/146 127/654/153 181/327/175
f 258/655/184 182/656/212 167/657/182
f 152/356/183 259/658/163 260/659/309
f 260/660/309 207/505/247 363/661/310
f 363/661/310 207/505/247 213/541/262
f 253/662/279 363/661/310 213/541/262
f 144/663/129 261/664/311 201/481/234
f 247/665/296 338/666/312 153/248/130
f 174/417/206 231/648/306 302/667/313
f 304/555/220 256/668/248 89/556/105
f 123/389/171 203/669/314 257/442/216
f 240/670/239 262/671/315 263/672/240
f 140/576/187 226/575/275 242/673/290
f 130/310/161 262/674/315 179/405/199
f 131/311/162 228/422/209 279/675/316
f 134/292/152 117/279/145 265/676/211
f 154/360/123 355/677/317 215/546/263
f 387/414/203 171/164/100 377/678/318
f 266/679/319 248/680/320 267/681/321
f 50/532/54 248/627/297 266/484/235
f 216/682/215 268/683/322 267/684/323
f 216/685/215 266/686/235 268/687/322
f 234/688/251 288/689/307 161/690/117
f 421/691/324 269/692/270 236/305/157
f 191/693/224 237/694/284 249/695/300
f 278/468/225 179/405/199 270/696/287
f 179/405/199 262/674/315 270/696/287
f 264/697/325 205/538/241 250/497/242
f 193/469/218 301/698/326 149/341/180
f 251/639/160 285/653/308 244/617/292
f 271/699/327 108/268/133 194/470/226
f 196/474/229 166/409/201 125/290/151
f 272/700/328 273/701/230 166/702/201
f 273/476/230 274/703/329 198/477/210
f 207/505/247 260/660/309 259/506/163
f 152/356/183 260/659/309 86/214/98
f 260/659/309 363/704/310 86/214/98
f 86/214/98 363/704/310 253/587/279
f 144/379/129 169/530/257 261/705/311
f 216/706/215 267/707/323 275/708/265
f 218/594/330 212/593/259 233/592/267
f 275/709/265 311/629/299 136/317/166
f 341/602/285 178/443/217 155/362/185
f 145/399/178 178/443/217 276/710/303
f 178/443/217 316/711/331 276/710/303
f 147/364/186 291/536/237 341/712/285
f 277/713/332 226/714/275 278/337/225
f 279/715/316 130/310/161 131/716/162
f 127/654/153 157/717/188 280/718/333
f 254/643/304 213/542/262 201/481/234
f 281/719/164 282/720/334 315/721/335
f 246/531/258 215/546/263 297/722/336
f 215/546/263 355/677/317 297/722/336
f 154/723/123 256/668/248 355/724/317
f 135/316/165 322/725/337 103/413/122
f 172/453/205 255/726/280 329/628/298
f 233/561/338 219/385/192 303/727/339
f 217/551/264 220/563/268 189/513/249
f 421/691/324 299/728/340 269/692/270
f 222/568/272 203/669/314 123/389/171
f 191/567/271 341/729/301 222/568/272
f 147/364/186 341/712/285 191/488/236
f 316/730/331 291/536/237 210/527/255
f 204/526/254 210/527/255 291/536/237
f 210/527/255 241/611/289 283/731/341
f 270/607/287 262/732/315 240/610/239
f 262/674/315 130/310/161 284/733/342
f 243/734/291 285/735/308 165/736/200
f 286/737/343 252/641/227 205/538/241
f 272/700/328 274/738/329 273/701/230
f 211/528/256 287/739/344 157/367/188
f 221/564/269 290/740/345 289/565/221
f 289/741/221 290/742/345 209/743/260
f 341/744/285 291/745/237 178/746/217
f 291/747/237 316/711/331 178/443/217
f 192/393/195 223/525/253 292/748/302
f 210/527/255 283/731/341 293/749/346
f 264/697/325 286/737/343 205/538/241
f 271/699/327 294/750/347 108/268/133
f 108/268/133 294/750/347 193/751/218
f 252/471/227 295/752/348 196/540/229
f 196/753/229 272/700/328 166/702/201
f 157/717/188 287/754/344 280/718/333
f 254/644/304 282/755/334 281/589/164
f 214/193/104 302/756/349 159/381/191
f 255/757/280 174/758/206 296/759/350
f 297/760/336 247/624/296 246/623/258
f 247/665/296 298/761/351 338/666/312
f 268/762/322 275/763/265 267/764/323
f 219/385/192 311/629/299 303/727/339
f 208/515/250 269/566/270 299/765/340
f 190/520/222 209/743/260 300/766/352
f 292/633/302 431/767/353 236/305/157
f 241/768/289 149/769/180 301/770/326
f 194/470/226 244/617/292 271/699/327
f 279/715/316 284/733/342 130/310/161
f 201/481/234 328/771/354 254/643/304
f 174/758/206 302/772/313 296/759/350
f 153/248/130 338/666/312 344/773/305
f 233/592/338 303/774/339 218/594/330
f 304/775/220 305/776/355 256/777/248
f 208/515/250 305/778/355 304/457/220
f 190/520/222 300/766/352 234/521/251
f 234/779/251 306/780/356 288/781/307
f 249/630/300 380/782/357 341/631/301
f 203/669/314 222/568/272 313/783/358
f 357/609/288 307/784/359 270/607/287
f 307/785/359 277/786/332 278/787/225
f 198/424/210 308/788/360 228/578/209
f 265/676/211 117/279/145 309/789/361
f 315/790/335 214/791/104 281/792/164
f 310/793/362 231/648/306 212/547/259
f 248/680/297 268/794/322 266/679/235
f 311/795/363 303/349/364 345/796/365
f 288/781/307 306/780/356 237/797/284
f 312/798/366 380/799/357 249/695/300
f 314/800/367 318/801/286 319/802/368
f 307/785/359 278/787/225 270/803/287
f 301/770/326 283/804/341 241/768/289
f 308/805/360 279/675/316 228/422/209
f 279/715/316 382/806/369 284/733/342
f 150/343/181 111/582/135 229/581/277
f 261/664/311 328/771/354 201/481/234
f 322/725/337 135/316/165 159/381/191
f 297/722/336 298/761/351 247/665/296
f 302/667/313 231/648/306 310/793/362
f 332/807/370 268/794/322 248/680/297
f 237/694/284 312/798/366 249/695/300
f 290/742/345 300/766/352 209/743/260
f 276/634/303 319/808/368 238/396/196
f 319/809/368 318/603/286 238/605/196
f 293/810/346 314/811/367 319/812/368
f 193/751/218 294/750/347 301/813/326
f 308/805/360 382/814/369 279/675/316
f 126/344/148 150/343/181 211/815/256
f 320/816/371 321/817/372 352/818/373
f 320/819/371 353/820/374 321/821/372
f 169/530/257 103/378/122 322/822/337
f 387/823/375 386/824/376 377/825/377
f 212/826/259 218/827/330 310/828/362
f 208/515/250 299/765/340 305/778/355
f 220/563/268 323/829/378 221/564/269
f 236/305/157 431/767/353 421/691/324
f 306/780/356 313/830/358 237/797/284
f 316/730/331 210/527/255 324/831/379
f 357/832/288 227/833/276 399/834/380
f 381/835/381 325/836/382 244/837/292
f 272/838/328 326/839/383 327/840/384
f 272/700/328 327/841/384 274/738/329
f 261/705/311 169/530/257 322/822/337
f 302/842/349 282/843/334 159/844/191
f 214/791/104 315/790/335 302/845/349
f 329/846/298 255/757/280 330/847/385
f 344/773/305 338/666/312 331/848/386
f 248/849/297 331/850/387 332/851/370
f 275/763/265 268/762/322 333/852/388
f 256/668/248 305/853/355 334/854/389
f 300/855/352 306/780/356 234/779/251
f 380/856/390 276/857/303 316/858/331
f 317/859/261 257/860/216 224/861/273
f 318/603/286 335/862/391 223/606/253
f 244/617/292 285/653/308 351/863/392
f 244/617/292 325/864/382 271/699/327
f 294/750/347 406/865/393 301/813/326
f 198/866/210 361/867/394 308/805/360
f 229/581/277 336/868/395 150/343/181
f 265/676/211 337/869/396 229/870/277
f 302/871/349 315/872/335 282/755/334
f 378/873/397 338/874/312 298/875/351
f 298/875/351 339/876/398 378/873/397
f 355/724/317 256/668/248 334/854/389
f 310/828/362 218/827/330 386/877/399
f 323/829/378 220/563/268 340/878/400
f 276/879/303 380/880/390 425/881/401
f 380/856/390 316/858/331 425/882/401
f 380/883/357 376/884/402 341/885/301
f 347/886/403 319/808/368 276/634/303
f 324/887/379 210/888/255 319/889/368
f 277/713/332 366/890/404 226/714/275
f 264/891/325 250/892/242 314/800/367
f 314/800/367 250/892/242 242/893/290
f 284/733/342 343/894/405 262/674/315
f 255/757/280 395/895/406 330/847/385
f 248/849/297 344/896/305 331/850/387
f 218/594/330 303/774/339 386/897/399
f 217/551/264 340/878/400 220/563/268
f 275/898/265 345/899/407 311/900/299
f 275/763/265 333/852/388 345/901/407
f 221/902/269 323/903/378 346/904/408
f 356/905/409 306/906/356 300/766/352
f 306/907/356 203/908/314 313/909/358
f 425/744/401 347/910/403 276/911/303
f 380/912/357 425/913/410 376/914/402
f 222/568/272 341/729/301 348/915/411
f 222/568/272 348/915/411 313/783/358
f 316/858/331 324/916/379 425/882/401
f 324/917/379 319/918/368 347/919/403
f 210/527/255 293/749/346 319/920/368
f 359/921/412 225/570/274 224/569/273
f 349/922/413 350/923/414 227/833/276
f 349/924/413 263/672/240 262/671/315
f 349/922/413 262/674/315 343/894/405
f 243/615/291 385/925/415 285/926/308
f 351/927/392 381/928/381 244/929/292
f 196/540/229 326/839/383 272/930/328
f 320/931/371 352/932/373 353/933/374
f 254/644/304 442/934/416 282/755/334
f 387/414/375 377/678/377 495/935/417
f 298/936/351 354/937/418 339/938/398
f 268/762/322 332/939/370 333/852/388
f 221/564/269 346/940/408 290/740/345
f 306/907/356 356/941/409 203/908/314
f 425/942/401 324/943/379 347/944/403
f 223/945/253 342/946/419 292/633/302
f 335/862/391 342/947/419 223/606/253
f 371/948/420 366/890/404 277/713/332
f 357/949/288 392/950/421 307/951/359
f 225/952/274 359/953/412 243/954/291
f 314/800/367 242/893/290 360/955/422
f 283/956/341 367/957/423 264/958/325
f 198/959/210 274/960/329 361/961/394
f 337/962/396 336/963/395 229/964/277
f 352/965/373 363/966/424 353/967/374
f 328/771/354 442/968/416 254/643/304
f 159/381/191 364/969/425 322/725/337
f 159/381/191 282/970/334 364/969/425
f 255/757/280 296/759/350 395/895/406
f 296/759/350 302/772/313 370/971/426
f 298/936/351 355/724/317 354/937/418
f 329/628/298 497/972/427 217/551/264
f 355/973/317 334/974/389 354/975/418
f 305/853/355 365/976/428 334/854/389
f 421/977/324 411/978/429 299/979/340
f 342/946/419 366/980/404 292/633/302
f 227/833/276 350/923/414 358/981/430
f 318/801/286 314/800/367 360/955/422
f 263/982/240 349/983/413 227/984/276
f 283/731/341 264/985/325 293/749/346
f 283/986/341 301/987/326 367/988/423
f 367/989/423 286/737/343 264/697/325
f 367/989/423 301/990/326 286/737/343
f 285/653/308 368/991/431 351/863/392
f 252/641/227 369/992/432 295/993/348
f 361/961/394 274/960/329 327/994/384
f 454/995/433 336/996/395 337/869/396
f 211/997/256 362/998/434 287/754/344
f 265/676/211 454/995/433 337/869/396
f 296/759/350 370/971/426 395/895/406
f 302/999/313 310/1000/362 370/1001/426
f 237/694/284 404/1002/435 312/798/366
f 371/1003/420 277/1004/332 307/1005/359
f 399/1006/380 392/950/421 357/949/288
f 358/981/430 399/834/380 227/833/276
f 293/810/346 264/1007/325 314/811/367
f 252/641/227 286/737/343 369/992/432
f 196/540/229 295/752/348 369/1008/432
f 211/815/256 435/1009/436 362/1010/434
f 127/654/153 372/1011/437 181/327/175
f 363/1012/424 437/1013/438 353/1014/374
f 261/705/311 322/822/337 328/1015/354
f 418/1016/439 395/895/406 370/971/426
f 331/1017/440 374/1018/441 344/1019/442
f 312/798/366 404/1002/435 375/1020/443
f 380/799/357 312/798/366 375/1020/443
f 341/729/301 376/1021/402 348/915/411
f 301/990/326 406/1022/393 286/737/343
f 181/327/175 373/1023/444 230/584/278
f 260/659/445 352/1024/446 363/704/447
f 363/704/424 352/1024/373 437/1025/438
f 377/1026/377 386/1027/376 495/1028/417
f 297/722/336 355/677/317 298/761/351
f 310/1029/362 386/1030/399 429/1031/448
f 378/1032/397 379/1033/449 338/1034/312
f 334/854/389 339/938/398 354/937/418
f 390/1035/450 345/901/407 333/852/388
f 413/1036/451 290/740/345 346/940/408
f 425/881/410 380/880/357 375/1037/443
f 292/1038/302 366/890/404 371/948/420
f 343/894/405 284/733/342 416/1039/452
f 325/864/382 381/1040/381 351/863/392
f 284/1041/342 382/1042/369 383/1043/453
f 442/1044/416 328/1015/354 364/1045/425
f 328/1015/354 322/822/337 364/1045/425
f 396/1046/454 395/1047/406 418/1048/439
f 329/846/298 330/847/385 497/1049/427
f 378/873/397 339/876/398 379/1050/449
f 345/1051/407 390/1052/450 303/1053/339
f 305/778/355 299/765/340 365/1054/428
f 366/890/404 384/1055/455 226/714/275
f 360/955/422 393/1056/456 318/801/286
f 385/1057/415 368/991/431 285/653/308
f 309/789/361 454/995/433 265/676/211
f 230/584/278 373/1023/444 117/279/145
f 495/1058/417 386/1059/376 387/1060/375
f 395/895/406 419/1061/457 330/847/385
f 386/897/399 303/774/339 388/1062/458
f 331/850/387 389/1063/459 332/851/370
f 300/766/352 290/742/345 440/1064/460
f 257/1065/216 203/908/314 356/941/409
f 224/861/273 257/860/216 391/1066/461
f 307/1005/359 392/1067/421 371/1003/420
f 318/603/286 393/1068/456 335/862/391
f 243/615/291 359/921/412 385/925/415
f 308/805/360 383/1069/453 382/814/369
f 196/540/229 394/1070/462 326/839/383
f 362/998/434 280/718/333 287/754/344
f 419/1071/457 395/1072/406 396/1073/454
f 331/1074/440 528/1075/463 389/1076/464
f 331/848/386 338/666/312 420/1077/465
f 338/666/312 379/1078/449 420/1077/465
f 411/1079/429 365/1054/428 299/765/340
f 421/1080/324 431/1081/353 397/1082/466
f 313/1083/358 404/1002/435 237/694/284
f 292/1084/302 371/1085/420 432/1086/467
f 358/1087/430 460/1088/468 399/1089/380
f 350/923/414 472/1090/469 358/981/430
f 349/1091/413 405/1092/470 350/1093/414
f 351/863/392 398/1094/471 325/864/382
f 352/1024/373 449/1095/472 437/1025/438
f 430/1096/473 431/1081/353 292/1097/302
f 335/862/391 400/1098/474 342/947/419
f 226/1099/275 384/1100/455 242/612/290
f 401/1101/475 294/750/347 271/699/327
f 369/1008/432 394/1070/462 196/540/229
f 450/1102/476 326/839/383 394/1070/462
f 280/718/333 362/998/434 402/1103/477
f 364/1104/425 282/755/334 442/934/416
f 310/1105/362 429/1106/448 370/971/426
f 379/1078/449 339/1107/398 420/1077/465
f 529/1108/478 340/878/400 217/551/264
f 333/1109/388 332/807/370 403/1110/479
f 356/905/409 300/766/352 440/1064/460
f 404/1111/435 313/1112/358 463/1113/480
f 432/1114/467 371/1115/420 392/1116/421
f 313/783/358 348/915/411 466/1117/481
f 335/862/391 393/1068/456 400/1098/474
f 366/1118/404 342/947/419 400/1098/474
f 391/1119/461 359/1120/412 224/1121/273
f 393/1056/456 360/955/422 242/893/290
f 405/1122/470 472/1090/469 350/923/414
f 349/922/413 343/894/405 405/1122/470
f 401/1101/475 406/865/393 294/750/347
f 398/1094/471 271/699/327 325/864/382
f 369/1123/432 286/1124/343 406/1125/393
f 308/805/360 361/867/394 407/1126/482
f 409/1127/483 373/1023/444 181/327/175
f 303/774/339 390/1128/450 388/1062/458
f 411/1129/429 412/1130/484 365/1131/428
f 323/903/378 340/1132/400 346/904/408
f 413/1133/451 440/1064/460 290/742/345
f 392/1067/421 399/1134/380 414/1135/485
f 385/1057/415 415/1136/486 368/991/431
f 383/1137/453 416/1138/452 284/1139/342
f 416/1140/452 383/1141/453 417/1142/487
f 454/995/433 309/789/361 408/1143/488
f 127/654/153 280/718/333 372/1011/437
f 396/1144/454 418/1145/439 419/1146/457
f 331/850/386 420/1147/465 389/1063/459
f 332/807/370 389/1148/459 403/1110/479
f 346/904/408 340/1132/400 413/1149/451
f 411/1150/429 421/1151/324 422/1152/489
f 440/1064/460 423/1153/490 356/905/409
f 356/941/409 423/1154/490 257/1065/216
f 423/1154/490 424/1155/491 257/1065/216
f 313/783/358 466/1117/481 463/1156/480
f 425/1157/410 445/1158/492 376/1159/402
f 257/1065/216 424/1155/491 391/1160/461
f 368/991/431 426/1161/493 351/863/392
f 369/1008/432 427/1162/494 394/1070/462
f 352/818/373 321/817/372 449/1163/472
f 217/551/264 497/972/427 529/1108/478
f 431/1081/353 430/1096/495 397/1082/466
f 430/1164/496 431/1165/497 432/1166/498
f 425/881/410 375/1037/443 445/1167/492
f 292/1168/302 432/1166/467 430/1164/473
f 466/1169/481 348/1170/411 459/1171/499
f 366/1172/404 433/1173/500 384/1174/455
f 441/1175/501 393/1056/456 242/893/290
f 426/1161/493 398/1094/471 351/863/392
f 435/1176/436 428/1177/502 362/1178/434
f 309/789/361 117/279/145 436/1179/503
f 442/1180/504 462/1181/505 437/1182/438
f 386/1027/399 388/1183/458 438/1184/506
f 429/1185/448 438/1186/506 388/1187/458
f 439/1188/507 423/1189/490 440/1190/460
f 423/1189/490 439/1188/507 424/1191/491
f 399/1134/380 460/1192/468 414/1135/485
f 384/1100/455 441/1193/501 242/612/290
f 481/1194/508 385/925/415 359/921/412
f 343/894/405 416/1039/452 405/1122/470
f 406/1195/393 452/1196/509 369/1197/432
f 436/1179/503 117/279/145 373/1023/444
f 488/1198/510 442/1199/504 437/1200/438
f 330/847/385 443/1201/511 497/1049/427
f 334/854/389 412/1202/484 339/938/398
f 411/1150/429 422/1152/489 412/1203/484
f 439/1188/507 440/1190/460 444/1204/512
f 466/1205/481 459/1206/499 468/1207/513
f 480/1208/514 376/1209/515 445/1210/516
f 400/1098/474 446/1211/517 366/1118/404
f 446/1212/517 433/1213/500 366/1214/404
f 359/1120/412 391/1119/461 447/1215/518
f 448/1216/519 405/1217/470 416/1218/452
f 401/1101/475 271/699/327 398/1094/471
f 450/1102/476 327/840/384 326/839/383
f 449/1219/472 488/1198/510 437/1200/438
f 353/1220/374 437/1221/438 462/1222/505
f 475/1223/520 419/1061/457 418/1016/439
f 403/1110/479 389/1148/459 559/1224/521
f 334/854/389 365/976/428 412/1202/484
f 421/1151/324 397/1225/466 422/1152/489
f 413/1226/451 444/1204/512 440/1190/460
f 460/1227/468 358/981/430 473/1228/522
f 358/981/430 472/1090/469 473/1228/522
f 481/1194/508 415/1229/486 385/925/415
f 353/820/374 462/1230/505 321/821/372
f 418/1231/523 396/1232/524 483/1233/525
f 429/1234/448 386/1235/399 438/1236/506
f 370/971/426 475/1223/520 418/1016/439
f 420/1077/465 339/1107/398 451/1237/526
f 339/938/398 412/1202/484 451/1238/526
f 390/1128/450 410/1239/527 388/1062/458
f 468/1240/528 445/1241/492 375/1020/443
f 392/1067/421 414/1135/485 432/1242/467
f 348/1243/411 467/1244/529 459/1245/499
f 432/1246/467 469/1247/530 430/1248/495
f 393/1056/456 441/1175/501 400/1249/474
f 447/1250/518 519/1251/531 359/1252/412
f 434/1253/532 452/1254/509 406/865/393
f 361/867/394 455/1255/533 407/1126/482
f 327/840/384 455/1255/533 361/867/394
f 150/343/181 453/1256/534 211/815/256
f 336/868/395 453/1256/534 150/343/181
f 436/1179/503 408/1143/488 309/789/361
f 372/1011/437 409/1127/483 181/327/175
f 386/1027/535 438/1184/536 495/1028/537
f 420/1077/465 451/1237/526 559/1224/521
f 420/1077/465 559/1224/521 389/1148/459
f 333/1109/388 410/1257/527 390/1258/450
f 404/1002/435 465/1259/538 468/1240/528
f 404/1002/435 468/1240/528 375/1020/443
f 459/1260/539 376/1159/402 445/1158/492
f 376/1021/402 502/1261/540 348/915/411
f 481/1194/508 359/921/412 519/1262/531
f 596/1263/541 472/1264/469 405/1265/470
f 308/805/360 407/1126/482 383/1069/453
f 427/1162/494 450/1102/476 394/1070/462
f 456/1266/542 457/1267/543 470/1268/544
f 456/1269/542 515/1270/545 457/1271/543
f 419/1061/457 475/1223/520 458/1272/546
f 463/1273/480 465/1259/538 404/1002/435
f 468/1274/528 459/1275/539 445/1276/492
f 376/1277/402 459/1278/539 502/1279/540
f 348/915/411 502/1261/540 467/1280/529
f 384/1100/455 513/1281/547 441/1193/501
f 450/1102/476 455/1255/533 327/840/384
f 456/1269/542 461/1282/548 515/1270/545
f 442/1283/504 488/1284/510 462/1285/505
f 330/847/385 419/1061/457 443/1201/511
f 524/1286/549 410/1257/527 333/1109/388
f 463/1287/480 464/1288/550 465/1289/538
f 466/1290/551 467/1291/552 468/1292/553
f 467/1244/529 468/1293/554 459/1245/499
f 469/1294/530 397/1082/466 430/1096/495
f 405/1265/470 448/1295/519 596/1263/541
f 456/1296/542 470/1297/544 461/1298/548
f 462/1285/505 449/1299/472 321/1300/372
f 449/1299/472 462/1285/505 488/1284/510
f 340/1301/400 479/571/555 413/1302/451
f 400/1303/474 441/1304/501 513/1305/547
f 384/1100/455 471/1306/556 513/1281/547
f 433/1307/500 471/1306/556 384/1100/455
f 472/1308/469 596/1309/541 473/1310/522
f 417/1311/487 474/1312/557 416/1218/452
f 383/1069/453 407/1126/482 474/1313/557
f 383/1069/453 474/1313/557 417/1314/487
f 369/1008/432 452/1315/509 427/1162/494
f 370/1316/426 429/1317/448 475/1318/520
f 429/1106/448 476/1319/558 477/1320/559
f 333/1109/388 403/1110/479 524/1286/549
f 478/1321/560 479/1322/555 340/1323/400
f 479/1324/555 503/1325/561 413/1326/451
f 413/1327/451 503/1328/561 444/1329/512
f 466/1117/481 464/1330/550 463/1156/480
f 400/1303/562 513/1305/547 505/1331/563
f 434/1253/532 406/865/393 530/1332/564
f 407/1333/482 455/1334/533 544/1335/565
f 486/1336/566 461/1337/548 470/1268/544
f 486/1338/566 485/1339/567 461/1340/548
f 454/995/433 487/1341/568 336/996/395
f 321/1342/569 449/1343/570 482/1344/571
f 488/1345/572 483/1346/573 438/1347/574
f 488/1348/572 438/1349/574 495/1350/575
f 340/1323/400 529/1351/478 478/1321/560
f 489/1352/576 492/1353/577 480/1354/578
f 444/1355/512 484/1356/579 439/1357/507
f 400/1098/474 513/1358/580 446/1211/517
f 406/865/393 401/1101/475 530/1332/564
f 587/1359/581 450/1102/476 427/1162/494
f 336/1360/395 487/1361/568 548/1362/582
f 462/1363/583 488/1364/584 496/1365/585
f 488/1366/572 496/1367/586 483/1368/573
f 528/1369/587 499/498/588 559/1370/521
f 475/1223/520 429/1106/448 477/1320/559
f 468/1240/528 465/1259/538 501/1371/589
f 489/1372/576 490/1373/590 492/1374/577
f 468/1207/528 491/1375/591 459/1206/539
f 414/1376/485 512/1377/592 432/1378/467
f 459/1278/539 491/1379/591 502/1279/540
f 492/1380/577 490/1381/590 480/1382/578
f 491/1383/591 467/1280/529 502/1261/540
f 446/1212/517 471/1384/556 433/1213/500
f 591/1385/593 493/1386/594 434/1387/532
f 452/1388/509 434/1389/532 493/1390/594
f 461/1340/548 546/1391/595 494/1392/596
f 336/868/395 548/1393/582 453/1256/534
f 321/817/569 556/1394/597 449/1163/570
f 488/1395/572 495/1028/575 496/1396/586
f 429/1106/448 388/1397/458 476/1319/558
f 528/1398/587 559/1399/521 498/1400/598
f 499/1401/588 558/1402/599 559/1403/600
f 403/1110/479 559/1224/521 499/1404/601
f 576/1405/602 559/1406/521 451/1407/526
f 539/1408/603 479/1409/555 478/1410/560
f 511/1411/604 479/1409/555 539/1408/603
f 422/1412/489 397/1082/466 500/1413/605
f 501/1414/589 489/1415/576 502/596/606
f 503/1416/561 484/1356/579 444/1355/512
f 501/1417/589 491/1418/591 468/1419/528
f 466/1117/481 467/1280/529 464/1330/550
f 484/1356/579 424/1420/491 439/1357/507
f 460/1421/468 675/1422/607 504/1423/608
f 400/1424/562 505/1425/563 595/1426/609
f 513/1305/547 506/1427/610 505/1331/563
f 455/1255/533 450/1102/476 507/1428/611
f 494/1429/596 508/1430/612 515/1431/545
f 362/998/434 428/1432/502 402/1103/477
f 436/1179/503 373/1023/444 509/1433/613
f 495/1028/575 438/1184/574 496/1396/586
f 529/1434/478 497/1435/427 510/1436/614
f 412/1437/484 538/1438/615 451/1237/526
f 511/1439/604 539/1440/603 549/1441/616
f 511/1442/604 532/1443/617 479/1324/555
f 469/1444/530 432/1445/467 512/1446/592
f 460/1421/468 504/1423/608 414/1447/485
f 595/1448/609 513/1449/580 400/1450/562
f 446/1451/517 513/1452/580 595/1453/609
f 493/1390/594 534/1454/618 514/1455/619
f 407/1126/482 561/1456/620 474/1313/557
f 486/1336/566 470/1268/544 485/1457/567
f 485/1339/567 546/1391/595 461/1340/548
f 461/1458/548 494/1459/596 515/708/545
f 494/1429/596 516/1460/621 508/1430/612
f 409/1127/483 372/1011/437 594/1461/622
f 458/1272/546 625/1462/623 419/1061/457
f 576/1463/602 498/1464/598 559/1465/521
f 403/1110/479 499/1404/601 524/1286/549
f 517/1466/624 465/1467/538 464/1468/550
f 502/1469/606 489/1470/576 480/1471/578
f 414/1376/485 504/1472/608 512/1377/592
f 502/1473/606 480/1474/578 518/1475/625
f 471/1306/556 506/1476/610 513/1281/547
f 519/1477/531 570/1478/626 481/1479/508
f 448/1216/519 416/1218/452 520/1480/627
f 482/1481/571 449/1163/570 556/1394/597
f 477/1482/628 475/1483/629 522/1484/630
f 477/1320/559 476/1319/558 523/1485/631
f 558/1486/599 498/1487/598 576/1488/602
f 388/1062/458 410/1239/527 524/1489/549
f 478/1490/560 529/1434/478 510/1436/614
f 412/1491/484 422/1412/489 500/1413/605
f 412/1492/484 500/1493/605 581/1494/632
f 500/1493/605 397/1495/466 615/1496/633
f 502/1473/606 518/1475/625 501/1497/589
f 525/1498/634 464/1330/550 467/1280/529
f 469/1294/530 526/1499/635 397/1082/466
f 493/1390/594 514/1455/619 452/1388/509
f 416/1218/452 474/1312/557 520/1480/627
f 401/1101/475 531/1500/636 530/1332/564
f 537/1501/637 470/1268/544 457/1267/543
f 494/1392/596 546/1391/595 516/1502/621
f 211/815/256 453/1256/534 435/1009/436
f 280/718/333 527/1503/638 372/1011/437
f 409/1127/483 682/1504/639 373/1023/444
f 497/1435/427 443/1505/511 510/1436/614
f 499/1506/588 528/1507/587 558/1508/599
f 475/1223/520 477/1320/559 458/1272/546
f 517/1509/624 663/1510/640 465/1259/538
f 517/1511/624 464/1330/550 525/1498/634
f 595/1426/609 505/1425/563 643/1512/641
f 505/1331/563 506/1427/610 643/1513/641
f 446/1212/517 542/1514/642 471/1384/556
f 473/1515/522 596/1516/541 649/1517/643
f 591/1385/593 434/1387/532 530/1518/564
f 531/1519/636 398/1520/471 426/1521/493
f 452/1315/509 578/1522/644 427/1162/494
f 521/1523/645 402/1103/477 428/1432/502
f 483/1368/573 496/1367/586 438/1524/574
f 443/1525/511 419/1526/457 625/1527/623
f 581/1528/632 538/1438/615 412/1437/484
f 532/1529/617 511/1439/604 549/1441/616
f 484/1530/579 503/1531/561 533/1532/646
f 491/1418/591 501/1417/589 518/1533/625
f 542/1514/642 446/1212/517 595/1534/609
f 542/1535/642 506/1476/610 471/1306/556
f 590/1536/647 543/1537/648 534/1538/618
f 649/1517/643 569/1539/649 473/1515/522
f 590/1536/647 534/1538/618 493/1386/594
f 535/1540/650 514/1455/619 534/1454/618
f 597/1541/651 591/1542/593 530/1332/564
f 515/1543/545 537/1544/637 457/1545/543
f 477/1320/559 523/1485/631 458/1272/546
f 451/1407/526 538/1546/615 576/1405/602
f 540/1547/652 501/1371/589 465/1259/538
f 583/1548/653 490/1549/590 541/1550/654
f 615/1551/633 397/1082/466 526/1499/635
f 460/1552/468 473/1553/522 552/1554/655
f 506/1476/610 542/1535/642 643/1555/641
f 570/1478/626 415/1556/486 481/1479/508
f 544/1557/565 561/1456/620 407/1126/482
f 485/1457/567 470/1268/544 536/1558/656
f 578/1522/644 587/1359/581 427/1162/494
f 485/1559/567 593/1560/657 546/1561/595
f 450/1102/476 587/1359/581 507/1428/611
f 435/1176/436 547/1562/658 428/1177/502
f 487/1341/568 454/995/433 408/1143/488
f 443/1525/511 625/1527/623 626/1563/659
f 480/1564/578 490/1549/590 583/1548/653
f 526/1499/635 550/1565/660 615/1551/633
f 504/1423/608 551/1566/661 512/1446/592
f 460/1421/468 552/1567/655 675/1422/607
f 589/1568/662 552/1554/655 473/1553/522
f 643/1569/641 553/1570/663 595/1571/609
f 596/1263/541 448/1295/519 636/1572/664
f 520/1573/627 636/1572/664 448/1295/519
f 398/1520/471 531/1519/636 401/1574/475
f 516/1460/621 554/1575/665 508/1430/612
f 537/1501/637 515/1576/545 555/1577/666
f 556/1578/597 321/1342/569 482/1344/571
f 558/1579/599 576/1580/602 557/1581/667
f 558/1582/599 557/1583/667 559/1224/600
f 499/1404/601 559/1224/600 557/1583/667
f 581/1528/632 565/1584/668 538/1438/615
f 465/1259/538 663/1510/640 540/1547/652
f 480/1474/578 583/1585/653 518/1475/625
f 467/1280/529 491/1383/591 525/1498/634
f 469/1444/530 512/1446/592 618/1586/669
f 649/1517/643 560/1587/670 569/1539/649
f 571/1588/671 368/991/431 415/1136/486
f 530/1332/564 531/1500/636 562/1589/672
f 586/1590/673 531/1500/636 426/1161/493
f 544/1335/565 455/1334/533 545/1591/674
f 455/1255/533 507/1428/611 545/1592/674
f 485/1593/567 563/1594/675 593/1595/657
f 547/1562/658 564/1596/676 428/1177/502
f 402/1103/477 527/1503/638 280/718/333
f 510/1436/614 443/1505/511 626/1597/659
f 565/1598/668 581/1494/632 627/1599/677
f 582/1600/678 500/1601/679 566/1602/680
f 582/1603/678 581/1604/681 500/1605/679
f 501/1371/589 567/1606/682 489/1607/576
f 525/1498/634 662/1608/683 517/1511/624
f 568/1609/684 391/1160/461 424/1155/491
f 589/1568/662 473/1553/522 569/1610/649
f 570/1478/626 571/1611/671 415/1556/486
f 474/1612/557 561/1613/620 634/1614/685
f 572/1615/686 470/1268/544 537/1501/637
f 546/1391/595 593/1616/657 516/1502/621
f 573/1617/687 555/1577/666 515/1576/545
f 515/1618/545 508/1619/612 573/1620/687
f 521/1523/645 428/1432/502 564/1621/676
f 436/1622/503 509/1623/613 844/1624/688
f 373/1023/444 845/1625/689 509/1433/613
f 458/1626/546 603/1627/690 625/1628/623
f 476/1319/558 388/1397/458 524/1629/549
f 576/1405/602 538/1546/615 582/1630/691
f 549/1631/616 539/1632/603 478/1633/560
f 524/1286/549 499/1404/601 575/1634/692
f 557/1635/667 642/1636/693 499/1637/601
f 566/1638/680 500/1639/679 581/1640/681
f 581/1494/632 500/1493/605 577/1641/694
f 615/1496/633 577/1641/694 500/1493/605
f 501/1371/589 540/1547/652 567/1606/682
f 469/1444/530 618/1586/669 526/1642/635
f 424/1643/491 607/1644/695 568/1645/684
f 543/1646/648 644/1647/696 534/1454/618
f 519/1477/531 447/1648/518 570/1478/626
f 590/1536/647 493/1386/594 591/1385/593
f 530/1332/564 562/1589/672 597/1541/651
f 537/1501/637 579/1649/697 572/1615/686
f 537/1501/637 555/1577/666 579/1649/697
f 625/1628/623 603/1627/690 604/1650/698
f 458/1651/546 580/1652/699 603/1653/690
f 642/1636/693 575/1654/692 499/1637/601
f 538/1546/615 566/1655/700 582/1630/691
f 566/1656/680 581/1657/681 582/1658/678
f 532/1443/617 503/1325/561 479/1324/555
f 583/1548/653 541/1550/654 631/1659/701
f 551/1566/661 504/1423/608 584/1660/702
f 512/1446/592 551/1566/661 618/1586/669
f 391/1160/461 568/1609/684 447/1661/518
f 534/1454/618 644/1647/696 585/1662/703
f 534/1454/618 585/1662/703 535/1540/650
f 452/1388/509 514/1455/619 578/1663/644
f 426/1664/493 368/496/431 586/1665/673
f 587/1666/581 578/1667/644 592/1668/704
f 536/1558/656 470/1268/544 572/1615/686
f 436/1179/503 574/1669/705 408/1143/488
f 524/1670/549 575/1671/692 611/1672/706
f 582/1673/691 557/1674/667 576/1675/602
f 577/1641/694 688/1676/707 581/1494/632
f 533/1677/646 503/1678/561 614/1679/708
f 489/1372/576 628/1680/709 490/1373/590
f 526/1499/635 588/1681/710 550/1565/660
f 675/1422/607 584/1660/702 504/1423/608
f 590/1682/647 591/1683/593 597/1684/651
f 592/1668/704 578/1667/644 535/1685/650
f 587/1686/581 592/1687/704 507/1688/611
f 593/1689/657 554/1690/665 516/1691/621
f 594/1461/622 623/1692/711 409/1127/483
f 700/1693/712 594/1694/622 372/1695/437
f 627/1599/677 581/1494/632 688/1676/707
f 540/1547/652 689/1696/713 567/1606/682
f 613/1697/714 550/1565/660 588/1681/710
f 491/1383/591 518/1698/625 706/1699/715
f 706/1699/715 525/1498/634 491/1383/591
f 553/1700/663 677/1701/716 595/1702/609
f 595/1534/609 677/1703/716 542/1514/642
f 649/1704/643 596/1705/541 636/1706/664
f 544/1335/565 598/1707/717 561/1708/620
f 520/1480/627 474/1312/557 635/1709/718
f 536/1710/656 563/1594/675 485/1593/567
f 579/1649/697 599/1711/719 572/1615/686
f 508/1430/612 554/1575/665 753/1712/720
f 753/1713/720 600/1714/721 508/1715/612
f 659/1716/722 601/1717/723 602/1718/724
f 601/1717/723 659/1716/722 703/1719/725
f 528/1507/587 498/1720/598 558/1508/599
f 603/1721/690 580/1722/699 604/1723/698
f 567/1724/682 605/1725/726 489/1726/576
f 612/1727/727 613/1728/714 606/1729/728
f 615/1496/633 629/1730/729 577/1641/694
f 533/1731/646 666/1732/730 484/1356/579
f 484/1356/579 666/1732/730 424/1420/491
f 666/1733/730 607/1734/695 424/1735/491
f 590/1536/647 608/1736/731 543/1537/648
f 569/1539/649 560/1587/670 609/1737/732
f 598/1738/717 634/1614/685 561/1613/620
f 368/991/431 571/1588/671 586/1590/673
f 545/1591/674 598/1707/717 544/1335/565
f 536/1558/656 572/1615/686 680/1739/733
f 476/1740/558 610/1741/734 523/1742/631
f 523/1743/631 580/1652/699 458/1651/546
f 641/1744/735 582/1745/691 566/1746/700
f 575/1654/692 605/1747/726 611/1748/706
f 582/1749/691 612/1750/727 557/1751/667
f 671/1752/736 614/1753/708 503/1325/561
f 532/1443/617 671/1752/736 503/1325/561
f 550/1754/660 629/1755/729 615/1756/633
f 662/1757/683 663/1758/640 517/1759/624
f 588/1681/710 526/1499/635 648/1760/737
f 704/1761/738 697/1762/739 618/1586/669
f 617/1763/740 704/1764/738 618/1765/669
f 618/1586/669 551/1566/661 617/1766/740
f 606/1767/728 553/1768/663 643/1769/641
f 570/1770/626 447/1661/518 619/1771/741
f 620/1772/742 644/1773/696 543/1774/648
f 636/1775/664 520/1480/627 635/1709/718
f 514/1455/619 535/1540/650 578/1663/644
f 508/1619/612 600/1776/721 573/1620/687
f 555/1577/666 573/1617/687 621/1777/743
f 409/1127/483 623/1692/711 682/1504/639
f 594/1694/622 693/1778/744 623/1779/711
f 373/1023/444 682/1504/639 845/1625/689
f 602/1780/724 601/1781/723 624/1782/745
f 565/1783/668 627/1784/677 656/1785/746
f 510/1786/614 805/1787/747 478/1633/560
f 476/1788/558 611/1789/706 610/1790/734
f 641/1791/735 566/1792/700 565/1793/668
f 538/1794/615 565/1793/668 566/1792/700
f 605/1725/726 610/1795/734 611/1796/706
f 489/1797/576 605/1747/726 628/1798/709
f 550/1799/660 697/1800/739 629/1801/729
f 512/1802/748 630/1803/749 551/1804/750
f 631/1805/701 632/1806/751 583/1585/653
f 618/1586/669 697/1762/739 526/1642/635
f 543/1537/648 632/1807/751 631/1808/701
f 643/1809/641 542/1810/642 644/1647/696
f 589/1811/662 569/1812/649 609/1813/732
f 590/1536/647 597/1814/651 608/1736/731
f 598/1815/717 633/1816/752 634/1817/685
f 571/1818/671 570/1819/626 707/1820/753
f 531/1500/636 586/1590/673 733/1821/754
f 593/1822/657 637/1823/755 554/1824/665
f 436/1179/503 844/1825/688 574/1669/705
f 372/1826/437 639/1827/756 700/1828/712
f 594/1694/622 700/1693/712 693/1778/744
f 556/1829/757 482/1830/758 832/1831/759
f 556/1832/757 834/1833/760 482/1834/758
f 602/1718/724 640/1835/761 659/1716/722
f 476/1319/558 524/1629/549 611/1836/706
f 582/1837/691 641/1838/735 612/1839/727
f 612/1840/727 642/1841/693 557/1842/667
f 549/1843/616 671/1844/736 532/1845/617
f 575/1654/692 628/1798/709 605/1747/726
f 540/1547/652 658/1846/762 689/1696/713
f 614/1847/708 666/1732/730 533/1731/646
f 613/1848/714 588/1849/710 606/1767/728
f 525/1498/634 658/1850/763 662/1608/683
f 551/1566/661 584/1660/702 617/1766/740
f 631/1659/701 541/1550/654 543/1851/648
f 677/1703/716 712/1852/764 542/1514/642
f 620/1853/742 643/1854/641 644/1855/696
f 712/1856/764 598/1707/717 645/1857/765
f 680/1739/733 572/1615/686 599/1711/719
f 579/1649/697 646/1858/766 599/1711/719
f 652/1859/767 753/1712/720 554/1575/665
f 556/1860/757 832/1861/759 834/1862/760
f 625/1863/623 604/1864/698 626/1865/659
f 558/1486/768 905/1866/769 498/1487/770
f 628/1680/709 642/1867/693 490/1373/590
f 518/1868/625 673/1869/771 706/1870/715
f 616/1871/772 606/1872/728 541/1873/654
f 525/1498/634 706/1699/715 658/1850/763
f 809/1874/773 648/1875/737 526/448/635
f 552/1567/655 676/1876/774 675/1422/607
f 606/1872/728 643/1854/641 541/1873/654
f 543/1851/648 541/1550/654 620/1877/742
f 542/1810/642 714/1878/775 644/1647/696
f 712/1852/764 645/1879/765 542/1514/642
f 649/1448/643 636/1880/664 560/1881/670
f 571/1588/671 650/1882/776 586/1590/673
f 592/1687/704 535/1540/650 507/1688/611
f 554/1824/665 637/1823/755 652/1883/767
f 435/1009/436 653/1884/777 547/1885/658
f 408/1143/488 638/1886/778 487/1341/568
f 408/1143/488 574/1669/705 638/1886/778
f 654/1887/779 624/1782/745 601/1781/723
f 626/1597/659 655/1888/780 510/1436/614
f 655/1889/780 805/1787/747 510/1786/614
f 627/1599/677 688/1676/707 656/1890/746
f 523/1742/631 610/1741/734 580/1891/699
f 478/1633/560 657/1892/781 549/1631/616
f 549/1843/616 657/1893/781 671/1844/736
f 575/1654/692 642/1636/693 628/1798/709
f 490/1549/590 642/1894/693 541/1550/654
f 540/1547/652 663/1510/640 658/1895/762
f 606/1767/728 588/1849/710 553/1768/663
f 678/1896/782 598/1897/717 712/1898/764
f 634/1614/685 635/1899/718 474/1612/557
f 536/1710/656 763/1900/783 563/1594/675
f 563/1594/675 763/1900/783 751/1901/784
f 659/1716/722 660/1902/785 703/1719/725
f 641/1903/735 565/1783/668 661/1904/786
f 641/1838/735 782/1905/787 612/1839/727
f 642/1841/693 612/1840/727 616/1871/772
f 612/1839/727 808/1906/788 613/1907/714
f 612/1840/727 606/1872/728 616/1871/772
f 666/1732/730 614/1847/708 853/1908/789
f 613/1909/714 809/1910/773 550/1911/660
f 662/1912/790 663/1913/791 665/1914/792
f 662/1915/793 607/1916/695 664/1917/794
f 658/1918/763 665/1914/795 662/1912/683
f 666/1919/730 664/1920/794 607/1921/695
f 676/1876/774 552/1567/655 667/1922/796
f 568/1609/684 619/1771/741 447/1661/518
f 668/1923/797 560/1587/670 636/1924/664
f 651/1925/798 637/1823/755 593/1822/657
f 573/1926/687 769/1927/799 621/1928/743
f 639/1929/756 372/1011/437 527/1503/638
f 844/1624/688 509/1623/613 845/1930/689
f 647/1931/800 640/1835/761 602/1718/724
f 661/1904/786 565/1783/668 656/1785/746
f 669/1932/801 601/1781/723 703/1933/725
f 670/1934/802 660/1935/785 688/1676/707
f 782/1936/787 641/1903/735 661/1904/786
f 805/1787/747 657/1892/781 478/1633/560
f 610/1795/734 605/1725/726 567/1724/682
f 671/1937/736 774/1938/803 614/1939/708
f 663/1510/640 672/1940/804 658/1895/762
f 583/1585/653 673/1941/771 518/1475/625
f 809/1942/773 526/1642/635 697/1762/739
f 632/1806/751 674/1943/805 583/1585/653
f 704/1944/738 617/1945/740 697/1946/739
f 648/1947/737 677/1948/716 553/1768/663
f 620/1853/742 541/1873/654 643/1854/641
f 608/1736/731 632/1807/751 543/1537/648
f 589/1949/662 609/1950/732 743/1951/806
f 542/1952/642 645/1857/765 714/1953/775
f 636/1924/664 635/1954/718 668/1923/797
f 746/1955/807 545/1591/674 507/1956/611
f 536/1710/656 680/1957/733 826/1958/808
f 766/1959/809 652/1883/767 637/1823/755
f 435/1009/436 453/1256/534 653/1884/777
f 727/1960/810 564/1596/676 547/1562/658
f 548/1961/582 487/1341/568 681/1962/811
f 521/1523/645 622/1963/812 402/1103/477
f 693/1778/744 683/1964/813 754/1965/814
f 834/1966/760 914/1967/815 482/1968/758
f 640/1969/761 660/1902/785 659/1716/722
f 670/1934/802 703/1970/725 660/1935/785
f 604/1971/698 684/1972/816 626/1597/659
f 688/1676/707 577/1641/694 710/1973/817
f 642/1894/693 616/1974/772 541/1550/654
f 710/1973/817 577/1641/694 629/1730/729
f 630/1975/818 710/1976/817 629/1977/729
f 704/1978/819 630/1975/818 629/1977/729
f 809/1114/773 697/1979/739 550/1980/660
f 706/1981/715 665/1982/795 658/1983/763
f 588/1849/710 648/1947/737 553/1768/663
f 584/1660/702 675/1422/607 731/1984/820
f 607/1644/695 811/1985/821 568/1645/684
f 724/1986/822 619/1771/741 568/1609/684
f 678/1987/782 633/1816/752 598/1815/717
f 585/1662/703 745/1988/823 535/1540/650
f 709/1989/824 650/1032/776 571/1990/671
f 733/1821/754 562/1589/672 531/1500/636
f 536/1710/656 826/1958/808 763/1900/783
f 686/1991/825 599/1711/719 646/1858/766
f 579/1649/697 747/1992/826 646/1858/766
f 579/1649/697 555/1577/666 747/1992/826
f 564/1621/676 687/1993/827 521/1523/645
f 682/1504/639 779/1994/828 845/1625/689
f 624/1782/745 647/1995/800 602/1780/724
f 601/1781/723 669/1932/801 654/1887/779
f 660/1935/785 656/1890/746 688/1676/707
f 664/1917/794 663/1996/640 662/1915/793
f 662/1997/793 665/1998/795 607/1999/695
f 552/1567/655 589/2000/662 667/2001/796
f 644/1647/696 714/1878/775 585/1662/703
f 597/1814/651 562/2002/672 679/2003/829
f 545/1591/674 746/1955/807 598/1707/717
f 635/1954/718 634/1817/685 633/1816/752
f 535/1540/650 745/1988/823 507/1688/611
f 690/2004/830 691/2005/831 709/1867/824
f 487/1341/568 638/1886/778 681/1962/811
f 639/1929/756 527/1503/638 692/2006/832
f 693/2007/744 700/2008/712 683/2009/813
f 739/2010/833 702/2011/834 817/2012/835
f 694/2013/836 660/1902/785 640/1969/761
f 655/1888/780 626/1597/659 684/1972/816
f 580/1722/699 610/2014/734 689/2015/713
f 610/1795/734 567/1724/682 689/2016/713
f 774/1938/803 671/1937/736 695/2017/837
f 696/2018/838 629/2019/729 697/2020/739
f 696/2021/838 704/2022/819 629/2023/729
f 673/1941/771 583/1585/653 674/1943/805
f 731/2024/820 675/2025/607 676/2026/774
f 570/2027/626 619/2028/741 716/2029/839
f 645/1857/765 598/1707/717 746/1955/807
f 734/2030/840 708/2031/841 716/2032/839
f 650/1882/776 733/1821/754 586/1590/673
f 761/2033/842 680/1957/733 599/2034/719
f 599/1711/719 686/1991/825 761/2035/842
f 747/1992/826 555/1577/666 621/1777/743
f 681/1962/811 453/2036/534 548/1961/582
f 698/2037/843 700/2038/712 639/2039/756
f 699/2040/844 700/2041/712 698/2042/843
f 623/1779/711 693/1778/744 754/1965/814
f 701/2043/845 702/2044/834 739/2045/833
f 805/1787/747 655/1889/780 953/2046/846
f 740/2047/847 703/2048/725 670/2049/802
f 669/2050/801 703/2048/725 740/2047/847
f 580/1722/699 689/2015/713 836/2051/848
f 612/1839/727 782/1905/787 808/1906/788
f 630/2052/818 704/2053/819 710/2054/817
f 584/1660/702 731/1984/820 705/2055/849
f 723/2056/850 665/1998/795 706/2057/715
f 608/1736/731 597/1814/651 679/2003/829
f 716/2032/839 708/2031/841 707/2058/753
f 714/2059/775 745/1988/823 585/1662/703
f 707/2060/753 708/2061/841 571/2062/671
f 571/2063/671 708/2064/841 709/2065/824
f 690/2066/830 709/2067/824 708/2068/841
f 718/2069/851 686/2070/825 646/2071/766
f 580/1722/699 685/2072/852 604/1723/698
f 685/2072/852 580/1722/699 836/2051/848
f 710/2054/817 704/2053/819 711/2073/853
f 614/1847/708 774/2074/803 853/1908/789
f 664/2075/794 672/1940/804 663/1510/640
f 584/1660/702 705/2055/849 617/1766/740
f 741/2076/854 607/1999/695 665/1998/795
f 712/2077/764 713/2078/855 678/2079/782
f 759/2080/856 715/2081/857 716/2029/839
f 716/2032/839 707/2058/753 570/2082/626
f 560/1587/670 668/1923/797 609/1737/732
f 716/2083/839 876/2084/858 734/2085/840
f 826/1958/808 680/1957/733 717/2086/859
f 593/1822/657 563/2087/675 651/1925/798
f 718/2088/851 719/2089/860 720/2090/861
f 646/1858/766 721/2091/862 718/2088/851
f 600/1776/721 753/2092/720 573/1620/687
f 700/2008/712 791/2093/863 683/2009/813
f 710/1973/817 784/2094/864 688/1676/707
f 671/1937/736 657/2095/781 695/2017/837
f 808/1906/788 809/2096/773 613/1907/714
f 809/2097/773 722/2098/865 648/2099/737
f 665/1998/795 723/2056/850 741/2076/854
f 706/1870/715 673/1869/771 723/2100/850
f 742/2101/866 677/1703/716 648/2102/737
f 811/2103/821 724/2104/822 568/2105/684
f 838/2106/867 776/2107/868 873/2108/869
f 759/2080/856 716/2029/839 758/2109/870
f 776/2107/868 785/2110/871 873/2108/869
f 724/2111/822 716/2112/839 619/2113/741
f 645/1857/765 745/2114/823 714/1953/775
f 718/2088/851 721/2091/862 719/2089/860
f 637/1823/755 651/1925/798 766/1959/809
f 646/1858/766 725/2115/872 721/2091/862
f 573/1926/687 726/2116/873 769/1927/799
f 547/1885/658 653/1884/777 727/2117/810
f 727/2118/810 687/2119/827 564/2120/676
f 639/1929/756 728/2121/874 698/2122/843
f 623/2123/711 754/2124/814 698/2125/843
f 700/2126/712 699/2127/844 791/2128/863
f 739/2129/833 816/2130/875 701/2131/845
f 694/2132/836 656/1890/746 660/1935/785
f 953/2133/846 655/2134/780 684/2135/816
f 688/2136/707 750/2137/876 670/2049/802
f 672/2138/804 773/2139/877 658/2140/762
f 695/2017/837 729/2141/878 774/1938/803
f 664/2075/794 666/1732/730 853/1908/789
f 730/2142/879 676/2143/880 630/2144/881
f 676/2145/880 731/2146/882 630/2147/881
f 676/1876/774 667/1922/796 731/1984/820
f 722/2148/865 742/2149/866 648/2150/737
f 746/1955/807 745/2114/823 645/1857/765
f 732/2151/883 733/2152/884 650/1207/885
f 746/1955/807 507/1956/611 745/2153/823
f 734/2154/840 735/2155/886 708/2156/841
f 751/1901/784 777/2157/887 563/1594/675
f 651/2158/798 563/1594/675 992/2159/888
f 686/1991/825 752/2160/889 761/2035/842
f 718/2069/851 720/2161/861 686/2070/825
f 725/2115/872 646/1858/766 747/1992/826
f 753/2092/720 748/2162/890 573/1620/687
f 702/2163/834 701/2164/845 737/2165/891
f 739/2129/833 738/2166/892 794/2167/893
f 739/2168/833 918/2169/894 738/2170/892
f 640/1969/761 918/2171/895 694/2013/836
f 739/2172/833 817/2173/835 903/2174/896
f 669/2175/801 819/2176/897 654/2177/779
f 658/1846/762 756/2178/898 689/1696/713
f 741/2179/854 811/1985/821 607/1644/695
f 677/1703/716 742/2101/866 712/1852/764
f 667/2001/796 589/2000/662 787/2180/899
f 609/2181/732 932/2182/900 743/2183/806
f 713/2078/855 855/2184/901 678/2079/782
f 785/2110/871 744/2185/902 825/2186/903
f 716/2083/839 715/2187/857 876/2084/858
f 680/1957/733 761/2033/842 717/2086/859
f 652/1859/767 766/2188/809 753/1712/720
f 748/2189/890 726/2116/873 573/1926/687
f 698/2122/843 770/2190/904 623/1692/711
f 918/2171/895 640/1969/761 738/2191/905
f 749/2192/906 604/1723/698 685/2072/852
f 688/1676/707 784/2094/864 750/2193/876
f 696/2194/838 711/2073/853 704/2053/819
f 853/2195/789 774/2196/803 810/2197/907
f 776/2107/868 744/2185/902 785/2110/871
f 814/2198/908 751/2199/909 843/2200/910
f 708/2201/841 735/2202/886 690/2004/830
f 720/2090/861 719/2089/860 812/2203/911
f 720/2161/861 752/1671/889 686/2070/825
f 721/2091/862 799/2204/912 719/2089/860
f 770/2190/904 682/1504/639 623/1692/711
f 698/2205/843 754/2206/814 938/2207/913
f 647/2208/800 624/2209/745 755/2210/914
f 740/2211/847 872/2212/915 669/2213/801
f 836/2214/848 689/2215/713 756/2216/898
f 809/2097/773 881/2217/916 722/2098/865
f 673/2218/771 674/1092/805 723/2219/850
f 873/2108/869 757/2220/917 838/2106/867
f 811/2103/821 824/2221/918 724/2104/822
f 785/2110/871 825/2186/903 894/2222/919
f 760/2223/920 679/2003/829 562/2002/672
f 761/2224/842 762/2225/921 790/2226/922
f 826/2227/808 717/2228/859 763/2229/783
f 764/2230/923 709/2231/824 691/2232/831
f 992/2159/888 563/1594/675 777/2157/887
f 766/2233/809 768/2234/924 753/2235/720
f 766/2236/809 865/2237/925 767/2238/926
f 766/2236/809 767/2238/926 768/2239/924
f 768/2239/924 748/2162/890 753/2092/720
f 769/2240/799 736/2241/927 621/2242/743
f 770/2243/904 779/2244/828 682/2245/639
f 779/2246/828 771/2247/928 780/2248/929
f 739/2168/833 903/2249/896 918/2169/894
f 946/2250/930 656/2251/746 694/2013/836
f 849/2252/931 772/2253/932 904/2254/933
f 756/2178/898 658/1846/762 773/2255/877
f 664/2075/794 853/1908/789 672/1940/804
f 741/2076/854 723/2056/850 892/2256/934
f 838/2257/867 775/2258/935 776/2259/868
f 876/2260/858 735/2155/886 734/2154/840
f 751/2261/909 777/2262/936 843/2263/910
f 777/74/936 778/2264/937 843/2265/910
f 622/1963/812 527/1503/638 402/1103/477
f 779/2266/828 780/2267/929 845/2268/689
f 832/1831/759 482/1830/758 914/2269/815
f 701/2131/845 816/2130/875 781/2270/938
f 794/2167/893 816/2130/875 739/2129/833
f 694/2013/836 918/2171/895 903/2271/939
f 808/2272/788 782/2273/787 783/2274/940
f 710/2054/817 711/2073/853 784/2275/864
f 774/2196/803 822/2276/941 810/2197/907
f 705/2055/849 697/1762/739 617/1766/740
f 785/2277/871 786/2278/942 873/2279/869
f 712/1852/764 742/2101/866 713/2280/855
f 589/2281/662 743/2183/806 787/2282/899
f 609/1737/732 668/1923/797 856/2283/943
f 863/2284/944 788/2285/945 789/2286/946
f 777/2157/947 751/1901/784 778/2287/948
f 763/1900/783 778/2287/948 751/1901/784
f 790/2288/922 717/2086/859 761/2033/842
f 781/2289/938 737/2165/891 701/2164/845
f 803/2290/949 738/2291/905 640/2292/761
f 794/2293/893 903/2294/896 817/2295/835
f 918/2296/950 903/2294/896 794/2293/893
f 904/2254/933 772/2253/932 905/2297/951
f 795/2298/952 956/2299/953 657/1892/781
f 670/2049/802 750/2137/876 740/2047/847
f 881/2300/916 742/2301/866 722/2302/865
f 697/1762/739 705/2055/849 963/2303/954
f 758/2109/870 724/2304/822 796/2305/955
f 797/2306/956 715/2187/857 759/2307/856
f 842/2308/957 814/2309/958 744/2310/902
f 814/2198/958 843/2200/959 744/2185/902
f 825/2186/903 744/2185/902 843/2200/959
f 813/2311/960 760/2223/920 562/2002/672
f 937/2312/961 650/1882/776 709/2313/824
f 798/2314/962 799/2204/912 721/2091/862
f 721/2091/862 725/2115/872 798/2314/962
f 747/2315/826 621/2242/743 800/2316/963
f 736/2241/927 769/2240/799 726/2317/873
f 521/1523/645 801/2318/964 622/1963/812
f 728/2121/874 770/2190/904 698/2122/843
f 728/2121/874 639/1929/756 692/2006/832
f 926/2319/965 791/2320/863 699/2321/844
f 791/2322/863 792/2323/966 683/1964/813
f 792/2323/966 793/2324/967 683/1964/813
f 802/2325/968 702/2326/834 737/2327/891
f 803/2328/949 640/1835/761 647/1931/800
f 624/2209/745 804/2329/969 755/2210/914
f 694/2013/836 903/2271/939 946/2250/930
f 654/2330/779 819/2331/897 818/2332/970
f 795/2333/952 657/2334/781 805/2335/747
f 749/2336/906 685/2337/852 821/2338/971
f 783/2274/940 782/2273/787 661/2339/786
f 956/2340/953 806/2341/972 657/2095/781
f 821/2342/971 756/2343/898 773/2344/877
f 808/2345/788 881/2346/916 809/2347/773
f 672/2348/804 853/2349/789 909/2350/973
f 741/2351/854 909/2352/973 811/2353/821
f 861/2354/974 674/2355/805 632/1807/751
f 716/2029/839 724/2304/822 758/2109/870
f 785/2110/871 894/2222/919 786/2356/942
f 776/2357/868 842/2358/957 744/2359/902
f 609/1737/732 856/2283/943 932/2360/900
f 858/2361/975 812/2362/911 857/2363/976
f 812/2203/911 788/2285/945 863/2284/944
f 812/2203/911 719/2089/860 788/2285/945
f 813/2364/960 562/1589/672 733/1821/754
f 814/2365/908 777/2366/977 751/2367/909
f 813/2364/960 733/1821/754 936/2368/978
f 762/2369/921 761/2035/842 752/2160/889
f 815/2370/979 763/1900/783 717/2086/859
f 923/2371/980 691/2005/831 690/2004/830
f 992/2159/888 993/2372/981 651/2158/798
f 754/2373/814 779/2244/828 938/2374/913
f 779/2266/828 754/1965/814 771/2375/928
f 816/2376/875 794/2377/893 802/2378/968
f 794/2377/893 817/2379/835 802/2378/968
f 738/2380/892 918/2296/950 794/2293/893
f 624/1782/745 654/1887/779 804/2381/969
f 654/1887/779 818/2382/970 804/2381/969
f 879/2383/982 849/2252/931 904/2254/933
f 872/2384/915 819/1685/897 669/2385/801
f 684/2386/816 604/1723/698 820/2387/983
f 821/2388/971 773/2139/877 807/2389/984
f 657/2095/781 806/2341/972 695/2017/837
f 807/2389/984 773/2139/877 672/2138/804
f 774/2390/803 729/2391/878 822/2392/941
f 705/2055/849 731/1984/820 667/2001/796
f 892/2256/934 723/2056/850 674/2393/805
f 823/2394/985 824/2395/918 811/2353/821
f 715/2187/857 797/2306/956 876/2084/858
f 633/1816/752 668/1923/797 635/1954/718
f 862/2396/986 825/2397/987 826/2398/988
f 937/2399/961 709/2231/824 764/2230/923
f 937/2312/961 936/2368/978 733/1821/754
f 827/2400/989 766/1959/809 651/1925/798
f 726/2317/873 828/2401/990 736/2241/927
f 687/1993/827 801/2318/964 521/1523/645
f 770/2243/904 938/2374/913 779/2244/828
f 791/2320/863 831/2402/991 792/2403/966
f 832/2404/759 833/2405/992 834/2406/760
f 781/2270/938 816/2130/875 978/2407/993
f 802/2325/968 817/2408/835 702/2326/834
f 889/2409/994 661/1904/786 656/1785/746
f 852/2410/995 749/2411/906 821/2412/971
f 835/2413/996 872/2212/915 740/2211/847
f 821/2342/971 836/2414/848 756/2343/898
f 850/2415/997 838/2257/867 837/2416/998
f 838/2417/867 757/2418/917 839/2419/999
f 874/2420/1000 667/2001/796 787/2180/899
f 796/2305/955 724/2304/822 824/2421/918
f 958/2422/1001 632/1807/751 841/2423/1002
f 632/1807/751 608/1736/731 841/2423/1002
f 841/2423/1002 608/1736/731 679/2003/829
f 786/2424/942 894/2425/919 842/2426/957
f 862/2396/1003 825/2397/903 843/2427/959
f 863/2428/944 633/2429/752 678/2430/782
f 937/2312/961 733/1821/754 650/1882/776
f 858/2361/975 720/2431/861 812/2362/911
f 865/2432/925 766/1959/809 827/2400/989
f 725/2433/872 747/2434/826 996/2435/1004
f 621/2242/743 736/2241/927 800/2316/963
f 527/1503/638 622/1963/812 801/2318/964
f 844/2436/688 845/2437/689 846/2438/1005
f 845/2268/689 780/2267/929 846/2439/1005
f 771/2375/928 754/1965/814 683/1964/813
f 683/1964/813 830/2440/1006 771/2375/928
f 926/2319/965 831/2402/991 791/2320/863
f 793/2324/967 792/2323/966 900/2441/1007
f 847/2442/1008 834/2406/760 833/2405/992
f 953/2046/846 684/2386/816 848/2443/1009
f 604/1723/698 749/2192/906 820/2387/983
f 849/2444/1010 772/2445/1011 850/2446/1012
f 685/2447/852 836/2414/848 821/2342/971
f 851/2448/1013 806/2341/972 956/2340/953
f 929/2449/1014 835/2450/996 740/2047/847
f 821/2388/971 807/2389/984 852/2451/995
f 632/1807/751 958/2422/1001 861/2354/974
f 742/2101/866 854/2452/1015 713/2280/855
f 743/2183/806 932/2182/900 787/2282/899
f 854/2452/1015 855/2453/901 713/2280/855
f 814/2454/908 778/2455/937 777/2456/977
f 764/2457/923 691/2458/831 913/2459/1016
f 717/2086/859 790/2288/922 815/2370/979
f 719/2089/860 799/2204/912 765/2460/1017
f 683/1964/813 793/2324/967 830/2440/1006
f 859/2461/1018 833/2462/992 832/2463/759
f 847/2464/1008 914/2465/815 834/2466/760
f 647/2208/800 755/2210/914 803/2290/949
f 805/1787/747 953/2046/846 986/2467/1019
f 661/2339/786 889/2468/994 783/2274/940
f 850/2469/997 869/2470/1020 849/2471/1021
f 750/2137/876 929/2449/1014 740/2047/847
f 849/2472/931 871/2473/1022 850/2415/997
f 695/2474/837 860/2475/1023 729/2391/878
f 674/2393/805 861/2476/974 892/2256/934
f 811/2353/821 909/2352/973 823/2394/985
f 786/2477/942 842/2358/957 775/2478/935
f 775/2478/935 842/2358/957 776/2357/868
f 861/2354/974 958/2422/1001 948/2479/1024
f 758/2480/870 1020/2481/1025 759/2307/856
f 1020/2481/1025 797/2306/956 759/2307/856
f 862/2482/1003 843/2483/959 842/2484/957
f 842/2485/957 843/2486/959 814/2487/958
f 633/1816/752 863/2488/944 864/2489/1026
f 857/2490/976 1048/2491/1027 882/2492/1028
f 856/2493/943 895/2494/1029 1000/2495/1030
f 752/2496/889 720/2497/861 912/2498/1031
f 765/2460/1017 788/2285/945 719/2089/860
f 763/1900/783 815/2370/979 778/2287/948
f 865/2499/925 866/2500/1032 767/2501/926
f 768/2239/924 767/2238/926 748/2162/890
f 747/2502/826 800/2503/963 996/2504/1004
f 727/2505/810 998/2506/1033 687/1993/827
f 816/2376/875 802/2378/968 978/2507/993
f 737/2327/891 867/2508/1034 802/2325/968
f 901/2509/1035 755/2510/914 804/2381/969
f 953/2046/846 848/2443/1009 986/2467/1019
f 795/2298/952 868/2511/1036 956/2299/953
f 772/2512/932 849/2513/1021 869/2514/1020
f 851/2448/1013 870/2515/1037 806/2341/972
f 850/2516/997 871/2517/1022 838/2518/867
f 838/2257/867 871/2473/1022 775/2258/935
f 835/2519/996 1030/2520/1038 872/2521/915
f 729/2391/878 860/2475/1023 822/2392/941
f 853/2522/789 810/2523/907 909/2524/973
f 697/1762/739 963/2303/954 696/2525/838
f 786/2477/942 757/2526/917 873/2527/869
f 874/2528/1000 787/2529/899 875/2530/1039
f 857/2531/976 812/2203/911 855/2532/901
f 855/2533/901 863/2534/944 678/2535/782
f 876/2536/858 883/2537/1040 735/2538/886
f 913/2459/1016 691/2458/831 923/2539/980
f 798/2540/962 765/2541/1017 799/2542/912
f 638/1886/778 574/1669/705 829/2543/1041
f 887/2544/1042 915/2545/1043 888/2546/1044
f 805/1787/747 986/2467/1019 795/2298/952
f 849/2472/931 879/2547/982 871/2473/1022
f 869/2514/1020 905/2548/951 772/2512/932
f 656/2251/746 946/2250/930 880/2549/1045
f 871/2473/1022 919/2550/1046 775/2258/935
f 907/2551/1047 784/2275/864 711/2073/853
f 783/2274/940 881/2552/916 808/2272/788
f 892/2256/934 893/2553/1048 741/2076/854
f 796/2305/955 810/2554/907 758/2109/870
f 824/2421/918 823/2555/985 796/2305/955
f 841/2423/1002 679/2003/829 760/2223/920
f 894/2556/919 862/2396/1003 842/2557/957
f 812/2203/911 863/2284/944 855/2532/901
f 882/2558/1028 858/2559/975 857/2560/976
f 911/2561/1049 895/2494/1029 668/2562/797
f 814/2487/908 843/2486/910 778/2563/937
f 883/2564/1040 923/2371/980 735/2202/886
f 912/2498/1031 720/2497/861 858/2565/975
f 996/2566/1004 884/2567/1050 725/2115/872
f 638/1886/778 885/2568/1051 681/1962/811
f 698/646/843 938/2569/913 699/2570/844
f 699/2321/844 1014/2571/1052 926/2319/965
f 771/2375/928 830/2440/1006 780/2267/929
f 900/2441/1007 886/2572/1053 793/2324/967
f 900/2441/1007 833/2462/992 886/2572/1053
f 832/1831/759 914/2269/815 859/2573/1018
f 914/2574/815 915/2545/1043 887/2544/1042
f 887/2544/1042 737/2575/891 781/2576/938
f 887/2577/1042 888/2578/1044 737/2579/891
f 737/2327/891 888/2580/1044 867/2508/1034
f 803/2290/949 755/2210/914 878/2581/1054
f 656/2251/746 880/2549/1045 889/2582/994
f 783/2274/940 907/2583/1047 881/2552/916
f 672/2138/804 891/2584/1055 807/2389/984
f 892/2585/934 1054/2586/1056 893/2587/1048
f 705/2055/849 840/2588/1057 963/2303/954
f 667/2001/796 874/2420/1000 705/2055/849
f 822/2276/941 758/2480/870 810/2197/907
f 862/2396/1003 894/2556/919 825/2397/1058
f 762/1149/1059 825/2589/1060 894/2590/1061
f 856/2493/943 668/2562/797 895/2494/1029
f 789/2286/946 788/2285/945 896/2591/1062
f 777/2157/887 778/2287/948 897/2592/1063
f 923/2371/980 690/2004/830 735/2202/886
f 778/2287/948 815/2370/979 898/2593/1064
f 651/1925/798 993/2594/981 827/2400/989
f 884/2567/1050 798/2314/962 725/2115/872
f 828/2401/990 800/2316/963 736/2241/927
f 792/2403/966 899/2595/1065 900/2596/1007
f 793/2324/967 886/2572/1053 877/2597/1066
f 900/2596/1007 847/2442/1008 833/2405/992
f 755/2210/914 901/2598/1035 878/2581/1054
f 918/2599/1067 902/2600/1068 903/2601/939
f 818/2382/970 1007/2602/1069 804/2381/969
f 904/2603/933 905/2604/951 869/2605/1020
f 749/2606/906 1026/2607/1070 820/2608/983
f 872/2609/915 906/2610/1071 819/2611/897
f 872/2521/915 1030/2520/1038 906/2612/1071
f 907/2613/1047 890/2614/1072 784/2615/864
f 806/2341/972 908/2616/1073 695/2017/837
f 696/2617/838 881/2552/916 711/2618/853
f 860/2475/1023 695/2474/837 908/2619/1073
f 909/2620/973 891/2584/1055 672/2138/804
f 910/2621/1074 787/2622/899 932/2623/900
f 864/2489/1026 668/1923/797 633/1816/752
f 752/2496/889 912/2498/1075 762/2624/921
f 762/2625/921 912/2626/1076 790/2627/922
f 827/2628/989 866/2500/1032 865/2499/925
f 914/2574/815 887/2544/1042 859/2461/1018
f 914/2629/815 952/2630/1077 915/2631/1043
f 887/2544/1042 781/2576/938 916/2632/1078
f 915/2545/1043 904/2254/933 888/2546/1044
f 738/2191/905 902/2633/1068 918/2171/1067
f 879/2383/982 904/2254/933 915/2545/1043
f 1026/2634/1070 852/2410/995 941/2635/1079
f 1026/2634/1070 749/2411/906 852/2410/995
f 750/2636/876 784/2637/864 890/2638/1072
f 881/2552/916 907/2583/1047 711/2618/853
f 838/2417/867 839/2419/999 931/2639/1080
f 919/2640/1046 786/2477/942 775/2478/935
f 741/2076/854 893/2553/1048 909/2641/973
f 696/2525/838 920/2642/1081 921/2643/1082
f 963/2303/954 920/2642/1081 696/2525/838
f 786/2477/942 839/2644/999 757/2526/917
f 841/2423/1002 760/2223/920 964/2645/1083
f 787/2529/899 910/2646/1074 875/2530/1039
f 922/2647/1084 857/2490/976 855/2453/901
f 922/2647/1084 1048/2491/1027 857/2490/976
f 856/2493/943 1000/2495/1030 910/2648/1074
f 863/2284/944 789/2286/946 864/2649/1026
f 1034/2650/1085 762/2651/1086 825/2652/1087
f 897/2592/1063 992/2159/888 777/2157/887
f 790/2288/922 924/2653/1088 815/2370/979
f 765/2460/1017 798/2654/962 925/2655/1089
f 926/2656/965 1014/2657/1052 927/2658/1090
f 780/2267/929 830/2440/1006 846/2439/1005
f 792/2403/966 831/2402/991 899/2595/1065
f 830/2440/1006 793/2324/967 928/2659/1091
f 859/2461/1018 886/2572/1053 833/2462/992
f 916/2632/1078 1080/2660/1092 887/2544/1042
f 738/2291/905 803/2290/949 902/2661/1068
f 1050/2662/1093 1004/2663/1094 1081/2664/1095
f 956/2665/953 868/2666/1036 954/2667/1096
f 1121/2668/1097 871/2473/1022 879/2547/982
f 929/2669/1014 930/2670/1098 835/2671/996
f 783/2274/940 889/2468/994 907/2583/1047
f 869/2672/1020 850/2673/997 931/2639/1080
f 837/2674/998 931/2639/1080 850/2673/997
f 837/2674/998 838/2417/867 931/2639/1080
f 839/2644/999 786/2477/942 931/2675/1080
f 696/2525/838 921/2643/1082 881/2676/916
f 823/2555/985 909/2677/973 810/2554/907
f 796/2305/955 823/2555/985 810/2554/907
f 964/2645/1083 958/2422/1001 841/2423/1002
f 910/2678/1074 932/2679/900 856/2680/943
f 964/2645/1083 760/2223/920 1090/2681/1099
f 668/2682/797 933/2683/1100 911/2684/1049
f 1034/2685/1085 912/2686/1101 762/2687/1086
f 897/2592/1063 778/2287/948 934/2688/1102
f 778/2689/948 898/2690/1064 934/2691/1102
f 912/2498/1031 858/2565/975 935/2692/1103
f 764/2693/923 936/1799/978 937/2694/961
f 896/2591/1062 788/2285/945 765/2460/1017
f 1038/2695/1104 992/2159/888 897/2592/1063
f 912/2626/1076 924/2696/1088 790/2627/922
f 1039/2697/1105 798/2698/962 884/2699/1050
f 885/2700/1051 453/2701/534 681/2702/811
f 1014/2703/1052 699/2704/844 938/2705/913
f 928/2659/1091 793/2324/967 877/2597/1066
f 1080/2660/1092 859/2461/1018 887/2544/1042
f 978/2507/993 802/2378/968 939/2706/1106
f 939/2707/1106 802/2325/968 867/2508/1034
f 1096/2708/1107 901/2509/1035 804/2381/969
f 1108/2709/1108 902/2661/1068 803/2290/949
f 917/2710/1109 940/2711/1110 915/2631/1043
f 917/2712/1109 942/2713/1111 941/2714/1079
f 915/2631/1043 940/2711/1110 879/2547/982
f 941/2715/1079 942/2716/1111 943/2717/1112
f 943/2718/1112 1026/2634/1070 941/2635/1079
f 944/2719/1113 804/2381/969 1007/2602/1069
f 945/2720/1114 946/2721/930 903/2722/939
f 795/2298/952 986/2467/1019 1059/2723/1115
f 820/2387/983 848/2443/1009 684/2386/816
f 820/2724/983 852/2451/995 807/2389/984
f 750/2137/876 890/2725/1072 929/2449/1014
f 807/2389/984 947/2726/1116 820/2724/983
f 987/2727/1117 890/2614/1072 907/2613/1047
f 861/2728/974 948/2729/1024 949/2730/1118
f 760/2731/920 813/2732/960 1033/2733/1119
f 882/2734/1028 912/2735/1075 935/2736/1103
f 882/2737/1120 752/1521/1121 912/2738/1122
f 989/2739/1123 990/2740/1124 765/2741/1017
f 927/2742/1090 950/2743/1125 926/2319/965
f 846/2439/1005 830/2440/1006 928/2659/1091
f 886/2572/1053 951/2744/1126 877/2597/1066
f 847/2442/1008 952/2630/1077 914/2629/815
f 942/2713/1111 917/2712/1109 952/2745/1077
f 1081/2746/1127 953/2747/1128 1004/2748/1129
f 954/2749/1096 955/2750/1130 956/2751/953
f 906/2610/1071 980/2752/1131 819/2611/897
f 1026/2753/1070 1085/2754/1132 820/2755/983
f 852/2451/995 820/2724/983 1085/2756/1132
f 1054/2757/1056 892/2256/934 861/2476/974
f 881/2758/916 921/2759/1082 742/2760/866
f 948/2729/1024 957/2761/1133 949/2730/1118
f 1047/2762/1134 957/2761/1133 948/2729/1024
f 948/2729/1024 958/2763/1001 1047/2762/1134
f 854/2452/1015 922/2647/1084 855/2453/901
f 959/2764/1135 910/2648/1074 1000/2495/1030
f 882/2765/1028 935/2766/1103 858/2767/975
f 936/2768/978 960/2769/1136 813/2732/960
f 815/2370/979 924/2653/1088 898/2593/1064
f 765/2741/1017 925/2770/1089 989/2739/1123
f 574/1669/705 961/2771/1137 829/2543/1041
f 638/1886/778 829/2543/1041 885/2568/1051
f 728/2772/874 938/2773/913 770/2774/904
f 952/2630/1077 917/2710/1109 915/2631/1043
f 904/2775/933 869/2776/1020 1144/2777/1138
f 954/2778/1096 868/2511/1036 955/2779/1130
f 956/2299/953 955/2779/1130 851/2780/1013
f 848/2443/1009 820/2387/983 969/2781/1139
f 870/2515/1037 908/2616/1073 806/2341/972
f 920/2642/1081 963/2303/954 962/2782/1140
f 1072/2783/1141 963/2303/1142 840/2588/1143
f 1009/2784/1144 758/2480/870 822/2276/941
f 964/2785/1083 1047/2762/1134 958/2763/1001
f 1033/2733/1119 813/2732/960 960/2769/1136
f 789/2786/946 896/2787/1062 965/2788/1145
f 965/2788/1145 911/2789/1049 933/2790/1100
f 990/2791/1124 896/2787/1062 765/2792/1017
f 924/2653/1088 912/2498/1076 966/2793/1146
f 527/1503/638 801/2318/964 1024/2794/1147
f 967/2795/1148 728/2121/874 692/2006/832
f 927/2742/1090 527/2796/638 950/2743/1125
f 831/2402/991 926/2319/965 950/2743/1125
f 979/2797/1149 943/2798/1112 942/2799/1111
f 878/2581/1054 901/2598/1035 968/2800/1150
f 944/2719/1113 1096/2708/1107 804/2381/969
f 888/2546/1044 904/2254/933 867/2801/1034
f 1121/2668/1097 879/2547/982 940/2711/1110
f 902/2802/1068 945/2803/1114 903/2804/939
f 945/2803/1114 880/2805/1045 946/2806/930
f 820/2724/983 947/2726/1116 969/2807/1139
f 1054/2586/1056 1101/1921/1151 893/2587/1048
f 921/2759/1082 854/2808/1015 742/2760/866
f 970/2809/1152 958/2763/1153 948/2729/1154
f 964/2785/1083 1090/2810/1099 971/2811/1155
f 933/2683/1100 668/2682/797 864/2812/1026
f 882/2492/1028 972/2813/1156 912/2814/1157
f 864/2649/1026 789/2286/946 933/2815/1100
f 789/2786/946 965/2788/1145 933/2790/1100
f 972/2816/1156 935/2817/1158 912/2818/1157
f 975/2819/1159 950/2743/1125 527/2796/638
f 976/2820/1160 899/2595/1065 831/2402/991
f 899/2595/1065 1107/2821/1161 900/2596/1007
f 952/2630/1077 1117/2822/1162 942/2823/1111
f 781/2576/938 978/2824/993 916/2632/1078
f 1117/2822/1162 979/2825/1149 942/2823/1111
f 803/2290/949 878/2581/1054 1108/2709/1108
f 1004/2826/1129 954/2827/1163 1050/2828/1164
f 818/2829/970 819/2830/897 980/2831/1131
f 981/2832/1165 1028/2833/1166 890/2725/1072
f 981/2834/1165 987/2835/1117 889/2468/994
f 889/2468/994 987/2835/1117 907/2583/1047
f 807/2389/984 891/2584/1055 947/2726/1116
f 1054/2757/1056 861/2476/974 949/2836/1118
f 893/2553/1048 1101/2837/1151 909/2641/973
f 1047/2762/1134 982/2838/1167 957/2761/1133
f 1048/2491/1027 972/2813/1156 882/2492/1028
f 764/2839/923 913/2840/1016 983/2841/1168
f 884/2842/1050 984/2843/1169 1039/2844/1105
f 687/1993/827 998/2506/1033 801/2318/964
f 1132/2845/1170 938/2846/913 728/2121/874
f 692/2847/832 527/2848/638 927/2849/1090
f 928/2659/1091 877/2597/1066 985/2850/1171
f 900/2596/1007 1107/2821/1161 847/2442/1008
f 901/2598/1035 1096/2851/1107 968/2800/1150
f 986/2852/1019 1083/2853/1172 1059/2854/1115
f 1121/2668/1097 919/2550/1046 871/2473/1022
f 906/2610/1071 1008/2855/1173 980/2752/1131
f 929/2449/1014 1088/2856/1174 930/2857/1098
f 981/2858/1165 890/2859/1072 987/2860/1117
f 962/2861/1175 1099/2862/1176 1053/2863/1177
f 963/2303/954 840/2588/1057 1141/2864/1178
f 797/2306/956 1180/2865/1179 876/2084/858
f 911/2789/1049 988/2866/1180 895/2867/1029
f 912/2498/1076 935/2692/1158 966/2793/1146
f 764/2839/923 1035/2868/1181 936/2869/978
f 936/2869/978 1035/2868/1181 960/2870/1136
f 989/2739/1182 1036/2871/1183 990/2740/1184
f 990/2791/1124 991/2872/1185 896/2787/1062
f 883/2873/1040 1076/2874/1186 923/2875/980
f 992/2876/888 1038/2877/1104 993/2878/981
f 993/2879/981 994/2880/1187 827/2628/989
f 798/2654/962 995/2881/1188 925/2655/1089
f 866/2500/1032 827/2628/989 994/2880/1187
f 996/2882/1004 984/2883/1169 884/2884/1050
f 828/2401/990 997/2885/1189 800/2316/963
f 998/2886/1033 727/2887/810 999/2888/1190
f 1132/2889/1170 1014/2890/1052 938/2891/913
f 950/2743/1125 1151/2892/1191 976/2820/1160
f 950/2743/1125 976/2820/1160 831/2402/991
f 904/2893/933 1144/2894/1138 867/2895/1034
f 1050/2896/1093 1040/2897/1192 1004/2898/1193
f 795/2298/952 1059/2723/1115 868/2511/1036
f 986/2899/1019 1070/2900/1194 1083/2901/1172
f 851/2448/1013 1027/2902/1195 870/2515/1037
f 848/2443/1009 1135/2903/1196 986/2467/1019
f 945/2803/1114 981/2834/1165 880/2805/1045
f 880/2805/1045 981/2834/1165 889/2468/994
f 930/2670/1098 1030/2904/1038 835/2671/996
f 1008/2855/1173 906/2610/1071 1029/2905/1197
f 963/2303/954 1141/2864/1178 962/2782/1140
f 949/2730/1118 957/2761/1133 1163/2906/1198
f 1165/2907/1199 922/2647/1084 854/2452/1015
f 1000/2908/1030 895/2909/1029 1001/2910/1200
f 923/2875/980 983/2841/1168 913/2840/1016
f 989/2739/1123 925/2770/1089 1013/2911/1201
f 800/2316/963 997/2885/1189 973/2912/1202
f 801/2318/964 974/2913/1203 1024/2794/1147
f 844/1825/688 1002/2914/1204 1169/2915/1205
f 1132/2889/1170 1092/2916/1206 1014/2890/1052
f 844/2917/688 846/2918/1005 1002/2919/1204
f 877/2597/1066 951/2744/1126 985/2850/1171
f 847/2442/1008 1003/2920/1207 952/2630/1077
f 878/2581/1054 968/2800/1150 1108/2709/1108
f 917/2710/1109 1094/2921/1208 940/2711/1110
f 917/2922/1109 941/2923/1079 1095/2924/1209
f 1004/2663/1193 1005/1322/1210 1081/2664/1095
f 1004/2898/1193 1040/2897/1192 1005/2925/1210
f 868/2926/1211 1005/2927/1212 1040/2928/1213
f 1059/2723/1214 1070/2929/1215 1005/2930/1216
f 1006/2931/1217 1007/2932/1069 818/2933/970
f 969/2781/1139 1135/2903/1196 848/2443/1009
f 852/2451/995 1085/2756/1132 941/2934/1079
f 890/2725/1072 1028/2833/1166 929/2449/1014
f 1030/2935/1038 1029/2905/1197 906/2610/1071
f 1008/2936/1173 1029/2937/1197 1060/2938/1218
f 860/2475/1023 1009/2939/1144 822/2392/941
f 909/2641/973 1101/2837/1151 1010/2940/1219
f 875/2530/1039 1011/2941/1220 874/2528/1000
f 922/2647/1084 1165/2907/1199 1237/2942/1221
f 964/2785/1083 971/2811/1155 1047/2762/1134
f 910/2648/1074 959/2764/1135 1012/2943/1222
f 1033/2944/1119 1090/2681/1099 760/2223/920
f 935/2817/1158 972/2816/1156 1056/2945/1223
f 1001/2946/1200 895/2867/1029 988/2866/1180
f 989/2947/1123 1013/2948/1201 991/2949/1185
f 748/2162/890 767/2238/926 866/2950/1032
f 996/2951/1004 800/2316/963 973/2912/1202
f 1014/2952/1052 1092/2953/1206 927/2163/1090
f 868/2511/1036 1059/2723/1115 1005/2930/1212
f 869/2672/1020 1158/2954/1224 1144/2955/1138
f 1190/2956/1225 908/2619/1073 870/2957/1037
f 1053/2958/1226 962/2959/1227 987/2960/1228
f 1015/2961/1229 1054/2757/1056 949/2836/1118
f 920/2962/1230 1099/2963/1231 962/2964/1232
f 949/2730/1118 1163/2906/1198 1016/2965/1233
f 1017/2966/1234 840/2588/1057 705/2055/849
f 1018/2967/1235 854/2452/1015 921/2968/1082
f 1019/2969/1236 1020/2970/1025 758/2971/870
f 1018/2967/1235 1165/2907/1199 854/2452/1015
f 875/2972/1039 910/2648/1074 1012/2943/1222
f 1021/2973/1237 876/2084/858 1180/2865/1179
f 988/2866/1180 911/2789/1049 1022/2974/1238
f 1104/2975/1239 990/2976/1184 1036/2977/1183
f 1034/2978/1240 1103/2979/1241 1143/2980/1242
f 1023/2981/1243 1103/2979/1241 1034/2978/1240
f 989/2982/1182 990/2983/1184 1104/2984/1239
f 1038/2695/1104 897/2592/1063 1037/2985/1244
f 924/2986/1088 1023/2987/1245 898/2988/1064
f 965/2788/1145 896/2787/1062 991/2872/1185
f 844/1825/688 961/2771/1137 574/1669/705
f 527/2796/638 1024/2989/1147 975/2819/1159
f 859/2461/1018 1025/2990/1246 886/2572/1053
f 859/2461/1018 1080/2660/1092 1025/2990/1246
f 979/2991/1149 1157/2992/1247 943/2993/1112
f 1095/2994/1209 1094/2995/1208 917/2996/1109
f 1059/2854/1115 1083/2853/1172 1058/2997/1248
f 1026/2998/1070 1110/2999/1249 1085/2766/1132
f 955/2779/1130 1027/3000/1195 851/2780/1013
f 818/2829/970 980/2831/1131 1006/3001/1217
f 945/2803/1114 1028/3002/1166 981/2834/1165
f 1137/3003/1250 1029/3004/1197 1030/3005/1038
f 891/2584/1055 1052/3006/1251 947/2726/1116
f 891/3007/1055 909/2641/973 1010/2940/1219
f 1164/3008/1252 1163/2906/1198 957/2761/1133
f 1009/2784/1144 1019/3009/1236 758/2480/870
f 960/3010/1136 1192/3011/1253 1033/3012/1119
f 1034/3013/1240 1143/3014/1242 1023/3015/1243
f 983/2841/1168 1035/2868/1181 764/2839/923
f 897/2592/1063 934/2688/1102 1037/2985/1244
f 990/3016/1124 989/2947/1123 991/2949/1185
f 1035/3017/1181 1182/3018/1254 960/3019/1136
f 1036/3020/1183 989/3021/1182 1104/3022/1239
f 1037/3023/1244 993/3024/981 1038/3025/1104
f 924/2653/1088 966/2793/1146 1103/3026/1255
f 995/3027/1188 798/3028/962 1039/3029/1105
f 967/2795/1148 1132/2845/1170 728/2121/874
f 1151/3030/1191 950/3031/1125 975/3032/1159
f 1003/2920/1207 1117/2822/1162 952/2630/1077
f 1040/3033/1192 1081/3034/1095 1005/3035/1210
f 1041/3036/1256 1059/3037/1115 1058/3038/1248
f 1007/2932/1069 1042/3039/1257 944/3040/1113
f 955/2779/1130 868/2511/1036 1005/2930/1258
f 1043/3041/1259 870/2515/1037 1027/2902/1195
f 1158/2954/1224 869/2672/1020 931/2639/1080
f 1145/3042/1260 1088/2856/1174 929/2449/1014
f 1137/3003/1250 1030/3005/1038 930/2857/1098
f 860/2475/1023 1044/3043/1261 1009/2939/1144
f 920/2642/1081 1045/3044/1262 921/2643/1082
f 705/2055/849 874/2420/1000 1017/2966/1234
f 1046/3045/1263 982/3046/1167 1047/3047/1134
f 1237/3048/1221 1048/3049/1027 922/960/1084
f 876/3050/858 1075/3051/1264 883/3052/1040
f 965/2788/1145 1022/2974/1238 911/2789/1049
f 1037/2985/1244 1049/3053/1265 993/2372/981
f 1182/544/1254 1192/3054/1253 960/3055/1136
f 726/2317/873 748/2162/890 1115/3056/1266
f 951/3057/1126 886/3058/1053 1057/3059/1267
f 1050/3060/1093 1068/3061/1268 1040/2149/1192
f 1095/2924/1209 941/2923/1079 1051/3062/1269
f 1083/2901/1172 1070/2900/1194 1082/3063/1270
f 1137/3003/1250 930/2857/1098 1088/2856/1174
f 1029/2937/1197 1061/3064/1271 1060/2938/1218
f 919/2640/1046 931/2675/1080 786/2477/942
f 962/2861/1272 1053/2863/1273 920/3065/1274
f 1053/2863/1275 1099/2862/1276 1073/3066/1277
f 1015/3067/1229 1101/3068/1151 1054/3069/1056
f 1019/3070/1236 1009/3071/1144 1044/3072/1261
f 1164/3008/1252 957/2761/1133 982/2838/1167
f 875/2972/1039 1012/2943/1222 1055/3073/1278
f 1056/3074/1223 966/3075/1146 935/3076/1158
f 959/2764/1135 1000/2495/1030 1063/3077/1279
f 898/2593/1064 1037/2985/1244 934/2688/1102
f 748/2162/890 866/2950/1032 1115/3056/1266
f 996/2951/1004 973/2912/1202 1194/3078/1280
f 453/2036/534 885/2568/1051 829/2543/1041
f 1057/3079/1267 886/2572/1053 1025/2990/1246
f 916/3080/1078 978/2507/993 939/2706/1106
f 943/3081/1112 1095/3082/1209 1026/3083/1070
f 1081/2664/1095 1058/3084/1248 1050/2662/1093
f 1081/3085/1095 1041/3086/1256 1058/3087/1248
f 1007/2932/1069 1006/2931/1217 1042/3039/1257
f 1071/3088/1281 955/3089/1130 1005/3090/1258
f 1005/3091/1258 1059/3092/1282 1071/1304/1281
f 941/2923/1079 1199/3093/1283 1051/3062/1269
f 1043/3041/1259 1027/2902/1195 1109/3094/1284
f 1085/3095/1132 1199/3096/1283 941/3097/1079
f 1060/3098/1218 1006/3099/1217 980/2752/1131
f 980/2752/1131 1008/2855/1173 1060/3098/1218
f 929/2449/1014 1028/2833/1166 1145/3042/1260
f 1061/3100/1271 1029/3004/1197 1137/3003/1250
f 1190/2956/1225 860/2475/1023 908/2619/1073
f 1053/3101/1273 1099/3102/1285 920/3103/1274
f 1163/3104/1198 1062/3105/1286 1016/3106/1233
f 891/3007/1055 1010/2940/1219 1100/3107/1287
f 1018/3108/1235 921/2643/1082 1045/3044/1262
f 1045/3044/1262 920/2642/1081 1099/3109/1288
f 962/2782/1140 1141/2864/1178 1099/3109/1276
f 1141/2864/1178 840/2588/1057 1017/2966/1234
f 1044/3110/1261 1089/3111/1289 1019/3112/1236
f 1046/3113/1263 1047/2762/1134 971/2811/1155
f 1020/2481/1025 1180/2865/1179 797/2306/956
f 1000/3114/1030 1001/2946/1200 1063/3115/1279
f 1023/3116/1245 1064/3117/1290 898/2593/1064
f 1064/3118/1290 1023/3119/1245 924/3120/1088
f 993/2879/981 1049/3121/1265 994/2880/1187
f 995/3027/1188 1039/3029/1105 1065/3122/1291
f 996/2882/1004 1194/3123/1280 984/2883/1169
f 828/2401/990 1066/3124/1292 997/2885/1189
f 1066/3124/1292 828/2401/990 726/2317/873
f 999/3125/1190 727/2117/810 653/1884/777
f 844/1825/688 1169/2915/1205 961/2771/1137
f 692/3126/832 927/3127/1090 1186/3128/1293
f 977/3129/1294 1003/2920/1207 847/2442/1008
f 968/2800/1150 1096/2851/1107 1067/3130/1295
f 1058/3131/1248 1068/3132/1268 1050/3133/1093
f 1069/3134/1296 1058/3135/1248 1083/3136/1172
f 1041/3137/1256 1082/3138/1270 1059/3139/1115
f 1082/3138/1270 1070/3140/1194 1059/3139/1115
f 1071/3141/1281 1059/2723/1282 1070/2929/1194
f 1070/2929/1194 986/2467/1019 1135/2903/1196
f 1010/2940/1219 1101/2837/1151 1113/3142/1297
f 1072/3143/1298 1073/3144/1277 1141/3145/1178
f 1073/3146/1277 1099/3109/1276 1141/2864/1178
f 1021/2973/1237 1075/3147/1264 876/2084/858
f 1219/3148/1299 1149/3149/1300 966/3150/1146
f 1076/2874/1186 983/2841/1168 923/2875/980
f 983/3151/1168 1076/3152/1186 1077/3153/1301
f 1065/3154/1291 1039/2844/1105 984/2843/1169
f 1078/3155/1302 1115/3056/1266 866/2950/1032
f 1079/3156/1303 1194/3157/1280 973/3158/1202
f 801/2318/964 998/2506/1033 974/2913/1203
f 1131/3159/1304 1092/2916/1206 1132/2889/1170
f 1105/3160/1305 1002/3161/1204 846/2439/1005
f 976/2820/1160 1107/2821/1161 899/2595/1065
f 1209/3162/1306 1080/3163/1092 916/3080/1078
f 1157/3164/1247 979/3165/1149 1269/3166/1307
f 1068/3167/1268 1081/3168/1095 1040/3169/1192
f 940/2711/1110 1120/3170/1308 1121/2668/1097
f 1095/3082/1209 1110/3171/1249 1026/3083/1070
f 1082/3172/1270 1135/3173/1309 1083/3174/1172
f 955/2779/1130 1084/3175/1310 1027/3000/1195
f 1083/3176/1172 1135/3177/1309 1111/3178/1311
f 1085/3179/1312 1110/3180/1313 969/3181/1314
f 945/2803/1114 1086/3182/1315 1028/3002/1166
f 1087/3183/1316 1257/984/1317 870/3184/1037
f 1088/3185/1174 1188/3186/1318 1032/3187/1319
f 1032/3188/1319 1031/3189/1320 1088/3190/1174
f 1089/3191/1289 1020/2970/1025 1019/2969/1236
f 966/3075/1146 1056/3074/1223 972/3192/1156
f 1022/2974/1238 1001/2946/1200 988/2866/1180
f 965/2788/1145 991/2872/1185 1091/3193/1321
f 995/3194/1188 1013/2911/1201 925/2770/1089
f 866/2500/1032 994/2880/1187 1049/3121/1265
f 1131/3195/1304 1132/2845/1170 967/2795/1148
f 967/3172/1148 1092/3196/1206 1131/3197/1304
f 1186/3198/1293 927/2163/1090 1092/2953/1206
f 1118/3199/1322 943/3200/1112 1157/3201/1247
f 1120/3170/1308 940/2711/1110 1094/2921/1208
f 1095/3082/1209 943/3081/1112 1118/3202/1322
f 1118/3203/1322 1094/3204/1208 1095/3205/1209
f 1051/3206/1269 1110/3171/1249 1095/3082/1209
f 1069/3207/1296 1083/3176/1172 1111/3178/1311
f 1084/3175/1310 955/2779/1130 1071/3141/1281
f 1097/3208/1323 1135/2903/1196 969/2781/1139
f 1135/2903/1196 1394/3209/1324 1070/2929/1194
f 1043/3041/1259 1087/3210/1316 870/2515/1037
f 1188/3211/1318 1088/2856/1174 1145/3042/1260
f 1031/3189/1320 1137/3212/1250 1088/3190/1174
f 1259/3213/1325 947/3214/1116 1052/3215/1251
f 1098/3216/1326 1031/3217/1320 1032/3218/1319
f 1045/3219/1262 1099/3220/1288 1053/3221/1275
f 1052/3222/1251 891/3223/1055 1100/3224/1287
f 949/2836/1118 1016/3106/1233 1015/2961/1229
f 1175/3225/1327 1010/2940/1219 1113/3142/1297
f 875/3226/1039 1055/3227/1278 1011/3228/1220
f 1090/3229/1099 1033/3230/1119 971/3231/1155
f 1001/2946/1200 1022/2974/1238 1063/3115/1279
f 1102/3232/1328 1049/3053/1265 1037/2985/1244
f 1037/2985/1244 898/2593/1064 1102/3232/1328
f 1104/3233/1329 1128/3234/1330 1036/3235/1331
f 1023/3236/1243 1143/3237/1242 1103/3238/1241
f 1064/3117/1290 924/2653/1088 1103/3026/1255
f 991/3239/1185 1013/2911/1201 1104/3240/1329
f 1049/3241/1265 1150/3242/1332 866/3243/1032
f 1167/3244/1333 453/2036/534 829/2543/1041
f 1002/2914/1204 1105/3245/1305 1169/2915/1205
f 976/3246/1160 1106/3247/1334 1107/3248/1161
f 847/2442/1008 1107/2821/1161 977/3129/1294
f 1025/2990/1246 1080/2660/1092 1209/3249/1306
f 1068/3250/1268 1041/3137/1256 1081/3251/1095
f 1096/3252/1107 944/3040/1113 1042/3039/1257
f 1109/3253/1284 1027/3000/1195 1084/3175/1310
f 1110/3254/1249 1051/3255/1269 1085/3256/1132
f 1110/3257/1313 1097/3258/1335 969/3259/1314
f 1111/3260/1336 1135/2903/1196 1097/3208/1323
f 931/2675/1080 919/2640/1046 1158/3261/1224
f 1137/3212/1250 1031/3189/1320 1122/3262/1337
f 1112/3263/1338 1032/3187/1319 1188/3186/1318
f 1258/3264/1339 1113/3265/1340 1054/3266/1341
f 1052/3267/1251 1100/3268/1287 1162/3269/1342
f 1100/3107/1287 1010/2940/1219 1175/3225/1327
f 959/2764/1135 1217/3270/1343 1012/2943/1222
f 1048/2491/1027 1236/3271/1344 972/2813/1156
f 1217/3270/1343 959/2764/1135 1206/3272/1345
f 966/2793/1146 1114/3273/1346 1103/3026/1255
f 726/3274/873 1115/3275/1266 1066/3276/1292
f 997/2885/1189 1079/3277/1303 973/2912/1202
f 1116/3278/1347 975/3279/1159 1024/2794/1147
f 846/2439/1005 928/2659/1091 1105/3160/1305
f 1209/3162/1306 916/3080/1078 1344/3280/1348
f 939/2706/1106 1344/3280/1348 916/3080/1078
f 1344/3281/1348 939/2707/1106 867/2508/1034
f 1117/3282/1162 1118/3283/1322 979/3284/1149
f 979/3165/1149 1118/3285/1322 1269/3166/1307
f 1094/3286/1208 1119/3287/1349 1120/3288/1308
f 1086/3182/1315 945/2803/1114 902/2802/1068
f 1121/3289/1097 1158/3261/1224 919/2640/1046
f 1138/3290/1350 1137/3291/1250 1122/3292/1337
f 860/2475/1023 1190/2956/1225 1216/3293/1351
f 1123/3294/1352 1032/3187/1319 1112/3263/1338
f 860/3295/1023 1216/3296/1351 1044/3297/1261
f 1053/3298/1275 1073/2904/1277 1045/3299/1262
f 1011/3228/1220 1315/3300/1353 874/2420/1000
f 1074/3301/1354 1125/3302/1355 1263/3303/1356
f 1074/3301/1354 971/2811/1155 1125/3302/1355
f 883/2873/1040 1147/3304/1357 1076/2874/1186
f 1036/3305/1331 1126/188/1358 1104/3306/1329
f 1022/2974/1238 965/2788/1145 1127/3307/1359
f 1148/3308/1360 1128/3309/1330 1104/3240/1329
f 1147/3310/1357 1077/3311/1301 1076/3312/1186
f 1077/3313/1301 1129/3314/1361 983/2841/1168
f 974/2913/1203 1116/3278/1347 1024/2794/1147
f 1186/3315/1293 1092/3196/1206 967/3172/1148
f 1130/3089/1362 1131/3316/1363 1132/3317/1364
f 1186/3318/1293 1151/3319/1191 975/3320/1159
f 928/2659/1091 985/2850/1171 1133/3321/1365
f 1134/3322/1366 1196/3323/1367 1154/3324/1368
f 977/3325/1294 1267/3326/1369 1003/3327/1207
f 1157/3201/1247 1173/3328/1370 1118/3199/1322
f 1058/3329/1248 1069/3330/1296 1157/3331/1247
f 1082/3138/1270 1111/3332/1311 1135/3333/1309
f 1071/3141/1281 1136/3334/1371 1084/3175/1310
f 1051/3335/1269 1199/3336/1283 1085/3337/1132
f 1137/952/1250 1138/3338/1350 1139/3339/1372
f 1137/3340/1250 1139/3341/1372 1061/3342/1271
f 969/2807/1139 947/2726/1116 1140/3343/1373
f 870/2957/1037 1257/3344/1317 1190/2956/1225
f 1122/3262/1337 1031/3189/1320 1098/3345/1326
f 1016/3106/1233 1062/3105/1286 1146/3346/1374
f 1113/3347/1297 1101/3348/1151 1175/3349/1375
f 1016/3106/1233 1146/3346/1374 1015/2961/1229
f 1141/3350/1178 1017/3351/1234 1072/3352/1298
f 1018/3353/1235 1124/3354/1376 1165/3355/1199
f 982/3356/1167 1046/3357/1263 1142/3358/1377
f 971/2811/1155 1074/3301/1354 1046/3113/1263
f 1055/3073/1278 1012/2943/1222 1218/3359/1378
f 1012/2943/1222 1217/3270/1343 1218/3359/1378
f 1036/3360/1331 1128/3361/1330 1126/3362/1358
f 1114/3273/1346 1143/3363/1379 1103/3026/1255
f 1064/3117/1290 1330/3364/1380 898/2593/1064
f 1126/3362/1358 991/2872/1185 1104/3365/1329
f 1103/3026/1255 1243/3366/1381 1064/3117/1290
f 1143/3367/1379 1243/3368/1381 1103/3369/1255
f 1104/3240/1329 1013/2911/1201 1148/3308/1360
f 692/3370/832 1186/3371/1293 1116/3372/1347
f 1186/3373/1293 975/3279/1159 1116/3278/1347
f 1105/3160/1305 928/2659/1091 1133/3321/1365
f 1144/3374/1138 1158/3375/1224 1222/3376/1382
f 1394/3209/1324 1211/3377/1383 1070/2929/1194
f 1145/3378/1260 1086/3182/1315 1246/3379/1384
f 1199/3380/1385 1287/3381/1386 1200/3382/1387
f 874/2420/1000 1315/3300/1353 1017/2966/1234
f 1237/3048/1221 1236/3383/1344 1048/3049/1027
f 1063/3077/1279 1206/3272/1345 959/2764/1135
f 1075/3384/1264 1147/3385/1357 883/2564/1040
f 1192/3386/1253 1182/3387/1254 1191/3388/1388
f 898/2593/1064 1330/3364/1380 1102/3232/1328
f 1148/3389/1360 1149/3390/1300 1128/2430/1330
f 1078/3391/1302 866/3392/1032 1150/3393/1332
f 1105/3245/1305 1170/3394/1389 1169/2915/1205
f 1151/3395/1191 1152/3396/1390 976/3397/1160
f 1154/3398/1368 1195/3399/1391 1134/3400/1366
f 1057/3401/1267 1025/3402/1246 1155/3403/1392
f 1003/3327/1207 1156/3404/1393 1117/3282/1162
f 1156/3405/1393 1094/3204/1208 1118/3203/1322
f 1157/3406/1247 1068/3132/1268 1058/3131/1248
f 1157/3201/1247 1069/3407/1296 1173/3328/1370
f 1121/3408/1097 1298/3409/1394 1158/3410/1224
f 1158/3410/1224 1298/3409/1394 1159/3411/1395
f 969/2781/1139 1140/3412/1373 1097/3208/1323
f 1098/3345/1326 1032/3188/1319 1160/3413/1396
f 1216/3414/1351 1161/3415/1397 1214/3416/1398
f 1258/3417/1399 1259/3213/1400 1113/3418/1401
f 1052/3419/1251 1162/3420/1342 1176/3421/1402
f 1052/3215/1251 1175/3422/1403 1113/3418/1340
f 1032/3423/1319 1314/3424/1404 1160/3425/1396
f 1163/3426/1198 1164/3427/1252 1062/3428/1286
f 1142/3358/1377 1164/3427/1252 982/3356/1167
f 971/3231/1155 1033/3230/1119 1125/3429/1355
f 1166/3430/1405 1236/3431/1344 1203/3432/1406
f 972/2813/1156 1236/3271/1344 1226/3433/1407
f 1064/3117/1290 1243/3366/1381 1330/3364/1380
f 453/3434/534 1167/3435/1333 1168/3436/1408
f 1169/3437/1205 1170/3438/1389 961/3439/1137
f 1130/3440/1409 1334/3441/1410 1131/3442/1411
f 1170/3443/1389 1105/3160/1305 1133/3321/1365
f 976/3246/1160 1171/3444/1412 1106/3247/1334
f 951/3445/1126 1057/3401/1267 1172/3446/1413
f 1117/3282/1162 1156/3404/1393 1118/3283/1322
f 867/2895/1034 1144/2894/1138 1344/3447/1348
f 1269/3448/1307 1118/1349/1322 1173/3449/1370
f 1157/3450/1247 1269/3451/1307 1068/3452/1268
f 1135/2903/1196 1111/3260/1336 1394/3209/1324
f 1061/3064/1271 1139/3453/1372 1060/2938/1218
f 947/2726/1116 1259/3454/1325 1140/3343/1373
f 1216/3296/1351 1215/3455/1414 1044/3297/1261
f 1052/3215/1251 1113/3418/1340 1259/3213/1325
f 1032/3423/1319 1123/3456/1352 1314/3424/1404
f 1175/3349/1415 1176/3457/1402 1113/3347/1401
f 1052/3458/1251 1176/3459/1402 1175/3460/1403
f 1072/2783/1298 1177/3461/1416 1073/3146/1277
f 1045/3044/1262 1178/3462/1417 1018/3108/1235
f 1020/3463/1025 1179/3464/1418 1180/3465/1179
f 1203/3432/1406 1236/3431/1344 1279/3466/1419
f 1074/3301/1354 1263/3303/1356 1181/3467/1420
f 1219/3468/1299 1128/3469/1330 1149/3470/1300
f 1191/3471/1388 1182/3472/1254 1035/3473/1181
f 1149/3474/1300 1114/3273/1346 966/2793/1146
f 1126/3475/1358 1238/3476/1421 1183/3477/1422
f 1126/3362/1358 1183/3478/1422 991/2872/1185
f 1013/3479/1201 995/3480/1188 1227/3481/1423
f 1115/3275/1266 1193/3482/1424 1066/3276/1292
f 1116/3278/1347 1185/3483/1425 692/2006/832
f 967/3484/1148 1252/3485/1426 1186/3486/1293
f 1186/3486/1293 1252/3485/1426 1151/3281/1191
f 1153/3487/1427 1195/3399/1391 1154/3398/1368
f 1153/3488/1427 1196/3489/1367 1134/3490/1366
f 985/3491/1171 951/3445/1126 1172/3446/1413
f 1156/3404/1393 1119/3287/1349 1094/3286/1208
f 1042/3039/1257 1006/2931/1217 1174/3492/1428
f 1136/3334/1371 1109/3253/1284 1084/3175/1310
f 1159/3493/1395 1222/3376/1382 1158/3375/1224
f 1086/3182/1315 1145/3378/1260 1028/3002/1166
f 1246/3379/1384 1188/3494/1318 1145/3378/1260
f 1087/3210/1316 1189/3495/1429 1257/3496/1317
f 1299/3497/1430 1190/3498/1225 1257/3499/1317
f 1017/2966/1234 1177/3461/1416 1072/2783/1298
f 1177/3461/1416 1178/3462/1417 1073/3146/1277
f 1018/3353/1235 1178/3500/1417 1124/3354/1376
f 1089/3501/1289 1179/3464/1418 1020/3463/1025
f 1191/3502/1388 1033/3230/1119 1192/3503/1253
f 1128/3361/1330 1219/3504/1299 1126/3362/1358
f 1149/3474/1300 1148/3505/1360 1379/3506/1431
f 1193/3507/1424 1115/3056/1266 1078/3155/1302
f 1194/3508/1280 1228/3509/1432 984/3510/1169
f 1151/3395/1191 1252/3511/1426 1152/3396/1390
f 1093/3512/1433 1195/3513/1434 1153/3514/1435
f 1154/3515/1368 1196/3516/1367 1153/3517/1427
f 1195/3518/1391 1153/3488/1427 1134/3490/1366
f 1344/3519/1348 1198/3520/1436 1209/3521/1306
f 1082/3138/1270 1041/3137/1256 1069/3522/1296
f 1069/3522/1296 1111/3332/1311 1082/3138/1270
f 1060/2938/1218 1271/3523/1437 1006/2931/1217
f 1070/2929/1194 1211/3377/1383 1071/3141/1281
f 1199/3093/1438 1287/3524/1439 1051/3062/1440
f 1188/3525/1318 1273/3526/1441 1112/3527/1338
f 1258/3417/1442 1224/3528/1443 1200/3529/1444
f 1258/3417/1442 1113/3418/1445 1224/3528/1443
f 1190/3498/1225 1299/3497/1430 1161/3530/1397
f 1190/3531/1225 1161/3415/1397 1216/3414/1351
f 1045/3044/1262 1073/3146/1277 1178/3462/1417
f 1215/3455/1414 1089/3501/1289 1044/3297/1261
f 1146/3532/1374 1201/3533/1446 1015/3534/1229
f 1175/3349/1375 1101/3348/1151 1289/3535/1447
f 1015/3536/1229 1224/3537/1448 1101/3538/1151
f 1062/3428/1286 1164/3427/1252 1142/3358/1377
f 1011/3228/1220 1347/3539/1449 1315/3300/1353
f 1203/3540/1406 1204/3541/1450 1205/3542/1451
f 1249/3543/1452 1075/3544/1264 1348/3545/1453
f 1075/3546/1264 1249/3547/1452 1147/3548/1357
f 966/3549/1146 972/3550/1156 1220/3551/1454
f 983/2841/1168 1207/3552/1455 1035/2868/1181
f 1091/3193/1321 1127/3307/1359 965/2788/1145
f 1183/3478/1422 1091/3193/1321 991/2872/1185
f 983/2841/1168 1129/3314/1361 1207/3552/1455
f 1049/3553/1265 1208/3554/1456 1150/3555/1332
f 1228/3556/1432 1065/3154/1291 984/2843/1169
f 1066/3124/1292 1184/3557/1457 997/2885/1189
f 985/3491/1171 1172/3446/1413 1187/3558/1458
f 977/3325/1294 1197/3559/1459 1267/3326/1369
f 1209/3560/1306 1320/3561/1460 1025/3402/1246
f 1156/3404/1393 1003/3327/1207 1267/3326/1369
f 1068/3250/1268 1069/3522/1296 1041/3137/1256
f 1042/3562/1257 1067/3130/1295 1096/2851/1107
f 1071/3141/1281 1210/3563/1461 1136/3334/1371
f 1006/2931/1217 1271/3523/1437 1174/3492/1428
f 1210/3564/1461 1211/3565/1383 1255/3566/1462
f 1210/3564/1461 1071/3567/1281 1211/3565/1383
f 1111/3260/1336 1097/3208/1323 1140/3412/1373
f 1087/3210/1316 1043/3041/1259 1189/3495/1429
f 1112/3263/1338 1212/3568/1463 1213/3569/1464
f 1112/3263/1338 1213/3569/1464 1123/3294/1352
f 1214/3570/1398 1215/3571/1414 1216/3572/1351
f 1123/3456/1352 1302/3573/1465 1314/3424/1404
f 1176/3459/1466 1175/3460/1467 1100/3574/1468
f 1142/3575/1377 1146/3576/1374 1062/3577/1286
f 1055/3227/1278 1347/3539/1449 1011/3228/1220
f 1046/3113/1263 1074/3301/1354 1142/3578/1377
f 1179/3464/1418 1021/3579/1237 1180/3465/1179
f 1181/3580/1420 1205/3542/1451 1204/3541/1450
f 1075/3147/1264 1021/2973/1237 1348/3581/1453
f 1205/3582/1451 1166/3430/1405 1203/3432/1406
f 1205/3583/1451 1181/3584/1420 1166/3585/1405
f 966/3586/1146 1220/3587/1454 1219/3504/1299
f 1219/3588/1469 1220/3589/1470 1114/3590/1471
f 1035/2868/1181 1207/3552/1455 1191/3502/1388
f 1049/3553/1265 1102/3591/1328 1208/3554/1456
f 692/2006/832 1185/3483/1425 967/2795/1148
f 1133/3592/1365 1221/3593/1472 1170/3394/1389
f 985/3491/1171 1187/3558/1458 1133/3594/1365
f 1144/2894/1138 1222/3595/1382 1296/3596/1473
f 1120/3170/1308 1298/3597/1394 1121/2668/1097
f 1060/2938/1218 1139/3453/1372 1271/3523/1437
f 1176/3457/1402 1223/3598/1474 1259/3454/1325
f 1259/3599/1400 1387/3600/1475 1113/3601/1445
f 1162/3420/1342 1368/3602/1476 1176/3421/1402
f 1113/3601/1445 1387/3600/1475 1224/3603/1443
f 1021/3579/1237 1179/3464/1418 1225/3604/1477
f 1166/3430/1405 1226/3605/1407 1236/3431/1344
f 972/3606/1156 1226/3607/1407 1220/3608/1454
f 1352/3609/1478 1143/3363/1379 1114/3273/1346
f 1129/3314/1361 1077/3313/1301 1328/3610/1479
f 1147/3304/1357 1328/3610/1479 1077/3313/1301
f 1013/3611/1201 1227/3612/1423 1148/3505/1360
f 1194/3078/1280 1079/3277/1303 1228/3613/1432
f 997/2885/1189 1229/3614/1480 1079/3277/1303
f 1131/3615/1411 1334/3616/1410 1283/1967/1481
f 1119/3287/1349 1156/3404/1393 1267/3326/1369
f 1269/3617/1482 1173/3618/1483 1230/3619/1484
f 1068/3250/1268 1173/3620/1370 1069/3522/1296
f 1042/3039/1257 1174/3492/1428 1297/3621/1485
f 1109/3253/1284 1136/3334/1371 1231/3622/1486
f 1109/3623/1284 1231/3624/1486 1043/3625/1259
f 1232/3626/1487 1212/3568/1463 1273/3627/1441
f 1201/3628/1446 1146/3629/1374 1142/3630/1377
f 1015/3536/1229 1201/3631/1446 1388/3632/1488
f 1289/3633/1447 1101/3538/1151 1224/3537/1448
f 1356/3634/1489 1178/1866/1417 1177/3635/1416
f 1347/3539/1449 1055/3227/1278 1202/3636/1490
f 1124/3354/1376 1234/3637/1491 1165/3355/1199
f 1179/3464/1418 1235/3638/1492 1225/3604/1477
f 1237/3639/1221 1165/3640/1199 1306/3641/1493
f 1279/3642/1419 1204/3541/1450 1203/3540/1406
f 1279/3643/1419 1236/3644/1344 1237/3645/1221
f 1219/3504/1299 1238/3646/1421 1126/3362/1358
f 1239/3647/1494 1114/3273/1346 1149/3474/1300
f 1239/3647/1494 1149/3474/1300 1379/3506/1431
f 1252/3485/1426 967/3484/1148 1185/3648/1425
f 1363/3649/1495 1155/3403/1392 1025/3402/1246
f 1198/3650/1436 1344/3651/1348 1240/3652/1496
f 1344/3447/1348 1144/2894/1138 1296/3596/1473
f 1242/3653/1497 1111/3260/1336 1140/3412/1373
f 1273/3627/1441 1212/3568/1463 1112/3263/1338
f 1259/3454/1325 1113/3347/1401 1176/3457/1402
f 1248/3654/1498 1215/3571/1414 1214/3570/1398
f 1017/2966/1234 1315/3300/1353 1276/3655/1499
f 1306/3641/1493 1165/3640/1199 1234/3656/1491
f 1399/3657/1500 1206/3658/1345 1063/3115/1279
f 1063/3115/1279 1022/2974/1238 1329/3659/1501
f 1352/3660/1478 1243/3661/1381 1143/2175/1379
f 1130/3440/1409 1319/3662/1502 1334/3441/1410
f 1244/3663/1503 1133/3594/1365 1187/3558/1458
f 1245/3664/1504 1187/3558/1458 1172/3446/1413
f 1042/3562/1257 1297/3665/1485 1067/3130/1295
f 1108/3666/1108 1241/3667/1505 902/2802/1068
f 1241/3667/1505 1086/3182/1315 902/2802/1068
f 1255/3668/1462 1136/3334/1371 1210/3563/1461
f 1222/3376/1382 1159/3493/1395 1407/3669/1506
f 1138/3670/1350 1323/3671/1507 1139/3672/1372
f 1188/3673/1318 1246/3674/1384 1273/3675/1441
f 1247/3676/1508 1232/3677/1487 1273/3678/1441
f 1140/3343/1373 1259/3454/1325 1223/3598/1474
f 1275/3679/1509 1302/3680/1465 1123/3681/1352
f 1162/3682/1342 1100/3107/1287 1175/3225/1375
f 1215/3683/1414 1248/3684/1498 1089/3685/1289
f 1233/3686/1510 1089/3501/1289 1248/3687/1498
f 1177/3635/1416 1276/3688/1511 1356/3634/1489
f 1089/3501/1289 1235/3638/1492 1179/3464/1418
f 1089/3501/1289 1233/3686/1510 1235/3638/1492
f 1233/3689/1510 1410/3690/1512 1235/3691/1492
f 1166/3430/1405 1280/3692/1513 1226/3605/1407
f 1183/3478/1422 1250/3693/1514 1091/3193/1321
f 1193/3694/1424 1184/3557/1457 1066/3124/1292
f 999/3125/1190 653/1884/777 1251/3695/1515
f 999/3696/1190 974/2913/1203 998/2506/1033
f 1333/3697/1516 1130/3698/1409 1131/3195/1411
f 1171/3444/1412 1253/3699/1517 1106/3247/1334
f 1106/3247/1334 1253/3699/1517 1107/3248/1161
f 1253/3699/1517 1254/3700/1518 1107/3248/1161
f 1254/3701/1518 977/3702/1294 1107/3703/1161
f 1197/3559/1459 1373/3704/1519 1267/3326/1369
f 1198/3650/1436 1240/3652/1496 1426/3705/1520
f 1067/3130/1295 1108/2709/1108 968/2800/1150
f 1069/3706/1521 1255/3707/1522 1041/3708/1523
f 1138/3290/1350 1122/3292/1337 1256/3709/1524
f 1288/3710/1525 1257/3711/1317 1189/3712/1429
f 1200/3713/1444 1387/3714/1475 1258/3715/1399
f 1387/3714/1475 1259/3716/1400 1258/3715/1399
f 1224/3717/1443 1387/3718/1475 1200/3719/1444
f 1176/3457/1402 1368/3720/1476 1223/3598/1474
f 1175/3225/1375 1289/3721/1447 1162/3682/1342
f 1015/3536/1229 1388/3632/1488 1224/3537/1448
f 1017/2966/1234 1276/3655/1499 1177/3461/1416
f 1347/3539/1449 1202/3636/1490 1327/3722/1526
f 1202/3636/1490 1055/3227/1278 1260/3723/1527
f 1021/2973/1237 1278/3724/1528 1348/3581/1453
f 1237/3725/1221 1261/3726/1529 1279/3727/1419
f 1263/3303/1356 1166/3728/1405 1181/3467/1420
f 1166/3729/1405 1263/3730/1356 1309/3731/1530
f 1033/3230/1119 1191/3502/1388 1262/3732/1531
f 1220/3587/1454 1471/3733/1532 1219/3504/1299
f 1219/3504/1299 1471/3733/1532 1238/3646/1421
f 1329/3659/1501 1399/3657/1500 1063/3115/1279
f 1102/3591/1328 1264/3734/1533 1208/3554/1456
f 1193/3735/1424 1331/3736/1534 1184/3737/1457
f 997/2885/1189 1184/3557/1457 1229/3614/1480
f 1244/3663/1503 1187/3558/1458 1266/3738/1535
f 1152/3396/1390 1171/3444/1412 976/3246/1160
f 1363/3649/1495 1025/3402/1246 1320/3561/1460
f 1267/3739/1369 1268/3740/1536 1119/3741/1349
f 1198/3742/1436 1426/3743/1520 1424/3744/1537
f 1269/3745/1307 1173/3620/1370 1068/3250/1268
f 1211/3746/1383 1136/3747/1371 1255/3748/1462
f 1139/3749/1372 1270/3750/1538 1271/3751/1437
f 1211/3377/1383 1394/3209/1324 1272/3752/1539
f 1394/3209/1324 1111/3260/1336 1242/3653/1497
f 1246/3379/1384 1247/3753/1508 1273/3754/1441
f 1256/3755/1524 1122/3262/1337 1274/3756/1540
f 1257/3499/1317 1300/3757/1541 1299/3497/1430
f 1123/3758/1352 1213/3759/1464 1275/3760/1509
f 1162/3761/1342 1290/3762/1542 1368/3763/1476
f 1177/3764/1543 1276/3765/1544 1302/3766/1545
f 1074/3301/1354 1181/3467/1420 1142/3578/1377
f 1225/3767/1477 1278/3768/1528 1021/3769/1237
f 1279/3770/1419 1261/3771/1529 1308/3772/1546
f 1033/3230/1119 1309/3731/1530 1125/3429/1355
f 1125/3429/1355 1309/3731/1530 1263/3730/1356
f 1226/3773/1407 1261/3774/1547 1220/3775/1454
f 1292/2899/1548 1280/3776/1513 1166/3777/1405
f 1022/2974/1238 1127/3307/1359 1329/3659/1501
f 1328/3610/1479 1281/3778/1549 1129/3314/1361
f 1193/3779/1424 1078/3780/1302 1208/3554/1456
f 1208/3554/1456 1331/3781/1534 1193/3779/1424
f 1079/3277/1303 1229/3614/1480 1422/3782/1550
f 1282/3783/1551 1116/3278/1347 974/2913/1203
f 1221/3593/1472 961/2771/1137 1170/3394/1389
f 1131/3195/1411 1283/3784/1481 1333/3697/1516
f 1283/3785/1481 1334/3786/1410 1294/3787/1552
f 1284/3788/1553 1152/3396/1390 1252/3511/1426
f 1266/3738/1535 1187/3558/1458 1245/3664/1504
f 1209/3560/1306 1198/3789/1436 1285/3790/1554
f 1344/3447/1348 1296/3596/1473 1119/3791/1349
f 1108/3666/1108 1286/3792/1555 1241/3667/1505
f 1222/3793/1382 1407/3794/1506 1296/3795/1473
f 1174/3492/1428 1271/3523/1437 1270/3796/1538
f 1258/3715/1556 1287/3797/1557 1200/3713/1558
f 1288/3798/1525 1300/3757/1541 1257/3499/1317
f 1390/3799/1559 1160/3425/1396 1314/3424/1404
f 1162/3800/1342 1289/3801/1447 1290/3802/1542
f 1315/3803/1560 1314/3804/1561 1302/3805/1562
f 1315/3300/1353 1291/3806/1563 1303/3807/1564
f 1178/3500/1417 1277/3808/1565 1124/3354/1376
f 1235/3638/1492 1358/3809/1566 1225/3604/1477
f 1339/3810/1567 1147/3811/1357 1249/3812/1452
f 1249/3543/1452 1348/3545/1453 1339/3813/1567
f 1280/3692/1513 1316/3814/1568 1226/3605/1407
f 1280/3815/1513 1292/3816/1548 1243/3817/1381
f 1208/3554/1456 1264/3734/1533 1331/3781/1534
f 1208/3818/1456 1078/3819/1302 1150/3820/1332
f 1293/3821/1569 974/3822/1203 999/3823/1190
f 1294/3824/1552 1152/3396/1390 1283/3825/1481
f 1172/3446/1413 1057/3401/1267 1354/3826/1570
f 1344/3827/1348 1374/3828/1571 1240/3829/1496
f 1119/3287/1349 1296/3830/1473 1120/3288/1308
f 1108/3666/1108 1067/3831/1295 1286/3792/1555
f 1098/3345/1326 1274/3756/1540 1122/3262/1337
f 1274/3756/1540 1098/3345/1326 1160/3413/1396
f 1299/3832/1430 1300/3833/1541 1161/3834/1397
f 1314/3835/1404 1313/1031/1572 1390/3836/1559
f 1302/3766/1573 1276/3765/1499 1315/3837/1353
f 1314/3424/1404 1302/3573/1465 1312/3838/1574
f 1303/3839/1564 1356/3634/1489 1276/3688/1511
f 1178/3840/1417 1356/3841/1489 1277/3842/1565
f 1358/3809/1566 1235/3638/1492 1304/3843/1575
f 1260/3844/1527 1055/3073/1278 1218/3359/1378
f 1260/3844/1527 1218/3359/1378 1305/3845/1576
f 1305/3846/1576 1218/3847/1378 1217/3848/1343
f 1306/3849/1493 1261/3850/1529 1237/3851/1221
f 1307/3852/1577 1279/3642/1419 1308/3853/1546
f 1309/3854/1530 1292/3855/1548 1166/3856/1405
f 1330/3364/1380 1243/3366/1381 1292/3857/1548
f 1352/3609/1478 1114/3273/1346 1239/3647/1494
f 1333/3697/1516 1319/3858/1502 1130/3698/1409
f 1318/3859/1578 1343/3860/1579 1417/3861/1580
f 1294/3824/1552 1171/3444/1412 1152/3396/1390
f 1245/3664/1504 1172/3446/1413 1295/3862/1581
f 1254/3700/1518 1362/3863/1582 977/3325/1294
f 1362/3863/1582 1197/3559/1459 977/3325/1294
f 1209/3560/1306 1285/3790/1554 1320/3561/1460
f 1241/3667/1505 1310/3864/1583 1246/3379/1384
f 1189/3865/1429 1043/3625/1259 1288/3866/1525
f 1214/3570/1398 1161/3867/1397 1311/3868/1584
f 1301/3869/1585 1160/3425/1396 1390/3799/1559
f 1312/3870/1574 1313/3871/1572 1314/3872/1404
f 1315/3873/1353 1303/3874/1564 1302/3875/1586
f 1347/3539/1449 1291/3806/1563 1315/3300/1353
f 1235/3638/1492 1410/3876/1512 1304/3843/1575
f 1124/3877/1376 1277/3878/1565 1234/3656/1491
f 1307/3852/1577 1204/3541/1450 1279/3642/1419
f 1261/3879/1547 1471/3733/1532 1220/3587/1454
f 1280/3692/1513 1243/3880/1381 1316/3814/1568
f 1330/3881/1380 1264/3734/1533 1102/3591/1328
f 1422/3782/1550 1228/3613/1432 1079/3277/1303
f 1317/3882/1587 1318/3883/1588 1343/3884/1589
f 1333/3885/1516 1334/3886/1410 1319/3887/1502
f 1283/3888/1481 1152/3889/1390 1284/3890/1553
f 1253/3699/1517 1171/3444/1412 1295/3891/1581
f 1363/3892/1495 1320/3893/1460 1373/3704/1519
f 1268/3740/1536 1321/3894/1590 1119/3741/1349
f 1424/3744/1591 1322/3895/1592 1476/3896/1593
f 1174/3492/1428 1270/3796/1538 1297/3621/1485
f 1323/3897/1507 1270/3750/1538 1139/3749/1372
f 1086/3182/1315 1241/3667/1505 1246/3379/1384
f 1140/3343/1373 1324/3898/1594 1242/3899/1497
f 1223/3598/1474 1324/3898/1594 1140/3343/1373
f 1325/2646/1595 1159/3411/1395 1298/3409/1394
f 1159/3493/1395 1355/3900/1596 1407/3669/1506
f 1223/3598/1474 1368/3720/1476 1503/3901/1597
f 1248/3902/1498 1411/3903/1598 1233/3689/1510
f 1289/3633/1447 1224/3537/1448 1326/3904/1599
f 1224/3537/1448 1388/3632/1488 1326/3904/1599
f 1391/3905/1600 1327/3906/1526 1313/3907/1601
f 1391/3908/1600 1347/3539/1449 1327/3722/1526
f 1238/3646/1421 1471/3733/1532 1439/3909/1602
f 1147/3910/1357 1339/3911/1567 1328/3912/1479
f 1129/3314/1361 1281/3778/1549 1207/3552/1455
f 1329/3913/1501 1127/3914/1359 1350/3915/1603
f 1330/3916/1380 1292/3855/1548 1371/3917/1604
f 1352/3609/1478 1265/3918/1605 1243/3366/1381
f 1227/3612/1423 1379/3506/1431 1148/3505/1360
f 1227/3919/1423 995/3027/1188 1340/3920/1606
f 961/2771/1137 1221/3593/1472 1372/3921/1607
f 1333/3922/1516 1294/3923/1552 1334/3924/1410
f 1133/3592/1365 1244/3925/1503 1221/3593/1472
f 1283/3888/1481 1284/3890/1553 1353/3926/1608
f 1197/3559/1459 1363/3892/1495 1373/3704/1519
f 1138/3927/1350 1310/3928/1583 1323/787/1507
f 1247/3753/1508 1246/3379/1384 1310/3864/1583
f 1120/3929/1308 1325/3930/1595 1298/3931/1394
f 1256/3709/1524 1365/3932/1609 1138/3290/1350
f 1289/3633/1447 1335/3933/1610 1290/3934/1542
f 1336/3935/1611 1201/3628/1446 1142/3630/1377
f 1358/3936/1566 1278/3768/1528 1225/3767/1477
f 1191/3502/1388 1338/3937/1612 1262/3732/1531
f 1226/3605/1407 1316/3814/1568 1415/3938/1613
f 1378/3939/1614 1281/3778/1549 1328/3610/1479
f 1371/3917/1604 1264/3940/1533 1330/3916/1380
f 1340/3941/1606 995/3942/1188 1341/3943/1615
f 995/3027/1188 1065/3122/1291 1341/3944/1615
f 1331/3945/1534 1332/3946/1616 1184/3557/1457
f 1293/3821/1569 999/3823/1190 1251/3947/1515
f 1342/3948/1617 1343/3884/1579 1318/3883/1578
f 1342/3949/1617 1417/3950/1580 1343/3951/1579
f 1172/3446/1413 1354/3826/1570 1295/3862/1581
f 1354/3826/1570 1057/3401/1267 1155/3403/1392
f 1373/3704/1519 1268/3952/1536 1267/3326/1369
f 1198/3953/1436 1424/3954/1537 1285/3955/1554
f 1344/3956/1348 1119/3957/1349 1364/3958/1618
f 1286/3792/1555 1270/3959/1538 1310/3864/1583
f 1270/3750/1538 1323/3897/1507 1310/3960/1583
f 1310/3961/1583 1138/3290/1350 1365/3932/1609
f 1395/3962/1619 1161/3963/1397 1300/3964/1541
f 1214/3570/1398 1311/3868/1584 1248/3654/1498
f 1355/3900/1596 1345/3965/1620 1407/3669/1506
f 1390/3799/1559 1346/3966/1621 1301/3869/1585
f 1411/3903/1598 1410/3690/1512 1233/3689/1510
f 1276/3688/1511 1302/3967/1586 1303/3839/1564
f 1291/3968/1563 1347/3969/1449 1312/3970/1574
f 1278/3971/1528 1339/3911/1567 1348/3972/1453
f 1226/3605/1407 1415/3938/1613 1261/3973/1547
f 1349/3974/1622 1091/3193/1321 1250/3693/1514
f 1339/2143/1567 1378/3975/1614 1328/3976/1479
f 1316/3814/1568 1243/3880/1381 1265/3977/1605
f 1239/3978/1494 1351/3979/1623 1352/3812/1478
f 1065/3122/1291 1228/3980/1432 1341/3944/1615
f 974/2913/1203 1293/3981/1569 1282/3783/1551
f 1353/3982/1608 1333/3697/1516 1283/3784/1481
f 1342/3983/1617 1221/3984/1472 1244/3985/1503
f 1444/3986/1624 1295/3891/1581 1171/3444/1412
f 1295/3891/1581 1354/3987/1570 1253/3699/1517
f 1426/3743/1625 1322/3895/1592 1424/3744/1591
f 1067/3831/1295 1297/3988/1485 1286/3792/1555
f 1241/3667/1505 1286/3792/1555 1310/3864/1583
f 1242/3653/1497 1408/3989/1626 1394/3209/1324
f 1256/3755/1524 1274/3756/1540 1461/3990/1627
f 1325/3991/1595 1355/3992/1596 1159/3993/1395
f 1248/3654/1498 1311/3868/1584 1367/3994/1628
f 1289/3633/1447 1326/3904/1599 1335/3933/1610
f 1201/3631/1446 1336/3995/1611 1388/3632/1488
f 1356/3996/1489 1303/3807/1564 1357/3997/1629
f 1312/3998/1574 1347/3999/1449 1313/4000/1572
f 1356/3996/1489 1357/3997/1629 1277/3878/1565
f 1483/4001/1630 1306/3641/1493 1234/3656/1491
f 1142/4002/1377 1181/4003/1420 1402/4004/1631
f 1206/4005/1345 1337/4006/1632 1217/4007/1343
f 1033/3230/1119 1404/4008/1633 1309/3731/1530
f 1238/3646/1421 1439/3909/1602 1183/3478/1422
f 1352/4009/1478 1316/3814/1568 1265/3977/1605
f 1381/4010/1634 1331/3781/1534 1264/3734/1533
f 1116/3278/1347 1360/4011/1635 1185/3483/1425
f 1333/3922/1516 1361/4012/1636 1294/3923/1552
f 1362/4013/1582 1363/4014/1495 1197/4015/1459
f 1344/4016/1348 1364/3243/1618 1374/4017/1571
f 1365/4018/1609 1247/3753/1508 1310/3864/1583
f 1256/3709/1524 1461/4019/1627 1365/3932/1609
f 1366/4020/1637 1213/3569/1464 1212/3568/1463
f 1367/4021/1628 1411/3903/1598 1248/3902/1498
f 1290/4022/1542 1335/4023/1610 1368/4024/1476
f 1357/3997/1629 1303/3807/1564 1431/4025/1638
f 1391/4026/1600 1313/4027/1572 1347/4028/1449
f 1369/4029/1639 1277/3878/1565 1357/3997/1629
f 1369/4029/1639 1234/3656/1491 1277/3878/1565
f 1413/4030/1640 1304/3843/1575 1410/3876/1512
f 1306/3849/1493 1308/4031/1546 1261/3850/1529
f 1358/3936/1566 1370/4032/1641 1278/3768/1528
f 1349/3974/1622 1127/3307/1359 1091/3193/1321
f 1342/4033/1617 1372/4034/1607 1221/4035/1472
f 1373/4036/1519 1320/4037/1460 1374/4038/1571
f 1320/4039/1460 1285/4040/1554 1374/4041/1571
f 1231/3624/1486 1429/4042/1642 1043/3625/1259
f 1043/3625/1259 1429/4042/1642 1288/3866/1525
f 1120/3288/1308 1375/4043/1643 1325/4044/1595
f 1212/3568/1463 1232/3626/1487 1376/4045/1644
f 1390/3799/1559 1450/4046/1645 1346/3966/1621
f 1313/4047/1601 1327/3722/1526 1397/4048/1646
f 1278/3971/1528 1370/4049/1641 1339/3911/1567
f 1191/3502/1388 1207/3552/1455 1338/3937/1612
f 1404/4050/1633 1292/3855/1548 1309/3854/1530
f 1207/3552/1455 1281/3778/1549 1359/4051/1647
f 1239/4052/1494 1379/4053/1431 1351/4054/1623
f 1227/2987/1423 1380/4055/1648 1379/4056/1431
f 1340/3920/1606 1341/3944/1615 1380/4057/1648
f 1381/4058/1634 1332/4059/1616 1331/4060/1534
f 1342/3948/1617 1318/3883/1578 1423/4061/1649
f 1417/3950/1580 1244/4062/1503 1266/4063/1535
f 1444/3986/1624 1245/4064/1504 1295/3891/1581
f 1253/3699/1517 1382/4065/1650 1254/3700/1518
f 1354/3826/1570 1155/3403/1392 1382/4066/1650
f 1155/3403/1392 1363/3649/1495 1382/4066/1650
f 1374/4041/1571 1285/4040/1554 1240/4067/1496
f 1374/4017/1571 1364/3243/1618 1651/4068/1651
f 1286/3792/1555 1297/3988/1485 1270/3959/1538
f 1272/3752/1539 1383/4069/1652 1384/4070/1653
f 1461/3990/1627 1274/3756/1540 1385/4071/1654
f 1213/3569/1464 1377/4072/1655 1386/4073/1656
f 1387/4074/1657 1388/4075/1658 1326/4076/1659
f 1388/3632/1488 1336/3995/1611 1389/4077/1660
f 1302/3573/1465 1467/4078/1661 1312/3838/1574
f 1390/4079/1559 1313/4027/1572 1391/4026/1662
f 1414/4080/1663 1358/3809/1566 1413/4030/1640
f 1413/4030/1640 1358/3809/1566 1304/3843/1575
f 1234/3656/1491 1369/4029/1639 1483/4001/1630
f 1339/4081/1567 1434/4082/1664 1378/4083/1614
f 1350/4084/1603 1127/3307/1359 1400/4085/1665
f 1379/4053/1431 1380/4057/1648 1351/4054/1623
f 1392/4086/1666 1381/4087/1634 1264/4088/1533
f 1184/3557/1457 1437/4089/1667 1229/3614/1480
f 1282/3783/1551 1360/4011/1635 1116/3278/1347
f 1372/3921/1607 1393/4090/1668 961/2771/1137
f 961/2771/1137 1393/4090/1668 829/2543/1041
f 1417/3950/1580 1342/3949/1617 1244/4062/1503
f 1294/3923/1552 1405/4091/1669 1171/4092/1412
f 1394/3209/1324 1383/4069/1652 1272/3752/1539
f 1394/4093/1324 1408/4094/1626 1383/4095/1652
f 1395/4096/1619 1311/3868/1584 1161/3867/1397
f 1386/4097/1656 1275/3760/1509 1213/3759/1464
f 1388/3632/1488 1389/4077/1660 1326/3904/1599
f 1391/4026/1662 1396/4098/1670 1390/4079/1559
f 1313/4099/1601 1397/4100/1646 1391/4101/1662
f 1217/3848/1343 1398/4102/1671 1305/3846/1576
f 1337/4006/1632 1398/4103/1671 1217/4007/1343
f 1262/3732/1531 1404/4008/1633 1033/3230/1119
f 1127/3307/1359 1349/3974/1622 1400/4085/1665
f 1316/3814/1568 1441/4104/1672 1415/3938/1613
f 1371/3917/1604 1392/4086/1666 1264/4088/1533
f 1437/4089/1667 1422/3782/1550 1229/3614/1480
f 1318/3859/1578 1417/3861/1580 1423/4105/1649
f 1354/3826/1570 1382/4066/1650 1253/4106/1517
f 1363/4014/1495 1362/4013/1582 1382/4107/1650
f 1285/3955/1554 1424/3954/1537 1425/4108/1673
f 1268/3740/1536 1558/4109/1674 1321/3894/1590
f 1240/4067/1496 1425/4110/1673 1426/4111/1520
f 1120/3288/1308 1296/3830/1473 1375/4043/1643
f 1376/4112/1644 1232/3677/1487 1401/4113/1675
f 1288/3866/1525 1429/4042/1642 1300/4114/1541
f 1160/3413/1396 1385/4071/1654 1274/3756/1540
f 1300/3964/1541 1445/4115/1676 1464/4116/1677
f 1302/3680/1465 1275/3679/1509 1467/4117/1661
f 1142/4118/1377 1402/4119/1631 1336/4120/1611
f 1204/3541/1450 1307/3852/1577 1403/4121/1678
f 1204/3541/1450 1402/4122/1631 1181/3580/1420
f 1262/4123/1531 1433/4124/1679 1404/4125/1633
f 1183/3478/1422 1493/4126/1680 1250/3693/1514
f 1350/4084/1603 1517/4127/1681 1329/3659/1501
f 1316/3814/1568 1352/4009/1478 1441/4104/1672
f 1351/4128/1623 1441/4104/1672 1352/4009/1478
f 1380/4057/1648 1227/3919/1423 1340/3920/1606
f 1332/3946/1616 1437/4089/1667 1184/3557/1457
f 1294/3923/1552 1361/4012/1636 1541/4129/1682
f 1171/3444/1412 1405/4130/1669 1444/3986/1624
f 1374/4131/1571 1406/4132/1683 1373/4133/1519
f 1407/4134/1506 1375/4135/1643 1296/4136/1473
f 1242/3899/1497 1324/3898/1594 1408/4137/1626
f 1366/4020/1637 1212/3568/1463 1376/4045/1644
f 1311/3868/1584 1395/4096/1619 1367/3994/1628
f 1355/3992/1596 1325/3991/1595 1457/4138/1684
f 1390/3799/1559 1396/4139/1670 1450/4046/1645
f 1431/4025/1638 1409/4140/1685 1357/3997/1629
f 1410/4141/1512 1411/4142/1598 1412/4143/1686
f 1410/4144/1512 1412/4145/1686 1413/4146/1640
f 1202/3636/1490 1446/4147/1687 1327/3722/1526
f 1467/4148/1661 1291/3968/1563 1312/3970/1574
f 1413/4149/1640 1412/4150/1686 1414/4151/1663
f 1355/3900/1596 1307/4152/1577 1345/3965/1620
f 1355/3992/1596 1481/4153/1688 1307/4154/1577
f 1292/3855/1548 1515/4155/1689 1371/3917/1604
f 1359/4051/1647 1338/3937/1612 1207/3552/1455
f 1239/4156/1690 1441/4157/1691 1415/4158/1692
f 1416/4159/1693 1437/4089/1667 1332/3946/1616
f 1417/4160/1580 1266/3738/1535 1418/4161/1694
f 1373/4162/1519 1558/4109/1674 1268/3740/1536
f 1285/4040/1554 1425/4110/1673 1240/4067/1496
f 1321/4163/1590 1364/3958/1618 1119/3957/1349
f 1136/3334/1371 1419/4164/1695 1231/3622/1486
f 1272/3752/1539 1384/4070/1653 1211/3377/1383
f 1345/4165/1620 1420/4166/1696 1407/4134/1506
f 1357/3997/1629 1409/4140/1685 1421/4167/1697
f 1303/3807/1564 1291/3806/1563 1467/4168/1661
f 1307/3852/1577 1432/4169/1698 1403/4121/1678
f 1439/4170/1602 1471/4171/1532 1440/4172/1699
f 1516/4173/1700 1392/4086/1666 1371/3917/1604
f 1422/3782/1550 1520/4174/1701 1228/3613/1432
f 1417/4160/1580 1418/4161/1694 1423/4175/1649
f 1266/3738/1535 1245/3664/1504 1418/4161/1694
f 1476/4176/1593 1455/4177/1702 1424/4178/1591
f 1424/4179/1537 1426/943/1520 1425/4180/1673
f 1455/4181/1702 1426/4182/1625 1424/884/1591
f 1426/4182/1625 1455/4181/1702 1322/4183/1592
f 1408/3989/1626 1427/4184/1703 1383/4069/1652
f 1429/4042/1642 1231/3624/1486 1428/4185/1704
f 1384/4070/1653 1383/4069/1652 1427/4184/1703
f 1429/4186/1642 1445/4115/1676 1300/3964/1541
f 1232/3677/1487 1247/3676/1508 1401/4113/1675
f 1368/4024/1476 1335/4023/1610 1503/4187/1597
f 1431/4188/1638 1467/4189/1661 1386/4190/1656
f 1386/4073/1656 1409/4191/1685 1431/4192/1638
f 1430/4193/1705 1467/4194/1706 1431/4195/1707
f 1450/4196/1708 1396/4197/1670 1391/4198/1662
f 1397/4199/1646 1450/4200/1708 1391/4201/1662
f 1431/4025/1638 1303/3807/1564 1467/4168/1661
f 1403/4202/1678 1432/4203/1698 1482/4204/1709
f 1204/3541/1450 1403/4121/1678 1402/4122/1631
f 1370/4205/1641 1434/4206/1664 1339/4207/1567
f 1439/3909/1602 1493/4126/1680 1183/3478/1422
f 1404/4050/1633 1515/4155/1689 1292/3855/1548
f 1517/4127/1681 1399/3657/1500 1329/3659/1501
f 1441/4104/1672 1435/4208/1710 1415/3938/1613
f 1228/3613/1432 1520/4174/1701 1436/4209/1711
f 1444/3986/1624 1438/4210/1712 1245/4064/1504
f 1322/3895/1592 1488/4211/1713 1476/3896/1593
f 1324/4212/1594 1223/4213/1474 1463/4214/1714
f 1300/3964/1541 1464/4116/1677 1395/3962/1619
f 1386/4215/1656 1467/4117/1661 1275/3679/1509
f 1260/4216/1527 1446/4147/1687 1202/3636/1490
f 1206/4005/1345 1399/4217/1500 1337/4006/1632
f 1351/4054/1623 1449/4218/1715 1441/4219/1672
f 1351/4054/1623 1380/4057/1648 1449/4218/1715
f 1520/4220/1701 1422/4221/1550 1442/4222/1716
f 1185/3648/1425 1443/4223/1717 1252/3485/1426
f 1294/3923/1552 1541/4129/1682 1405/4091/1669
f 1444/4224/1624 1405/4225/1669 1438/4226/1712
f 1382/4065/1650 1362/3863/1582 1254/3700/1518
f 1374/4227/1571 1651/4228/1651 1406/4229/1683
f 1322/4230/1592 1456/4231/1718 1488/4232/1713
f 1136/3334/1371 1211/3377/1383 1419/4164/1695
f 1461/4019/1627 1462/4233/1719 1365/3932/1609
f 1429/4042/1642 1428/4185/1704 1445/4234/1676
f 1478/4235/1720 1366/4020/1637 1376/4045/1644
f 1335/4023/1610 1466/4236/1721 1503/4187/1597
f 1457/4138/1684 1481/4153/1688 1355/3992/1596
f 1345/4165/1620 1307/4237/1577 1420/4166/1696
f 1369/4029/1639 1357/3997/1629 1421/4167/1697
f 1260/4238/1527 1305/4239/1576 1446/4240/1687
f 1262/3732/1531 1447/4241/1722 1433/4242/1679
f 1448/4243/1723 1281/3778/1549 1378/3939/1614
f 1350/4084/1603 1400/4085/1665 1517/4127/1681
f 1341/3944/1615 1436/4244/1711 1380/4057/1648
f 1341/3944/1615 1228/3980/1432 1436/4244/1711
f 1213/3569/1464 1366/4020/1637 1377/4072/1655
f 1396/4245/1724 1450/4246/1725 1468/4247/1726
f 1307/4248/1577 1481/4249/1688 1432/331/1698
f 1306/4250/1493 1483/4251/1630 1308/2112/1546
f 1305/4239/1576 1398/4252/1671 1446/4240/1687
f 1308/3853/1546 1451/4253/1727 1307/3852/1577
f 1261/4254/1547 1435/4255/1710 1471/4256/1532
f 1439/4257/1602 1440/4258/1699 1493/4259/1680
f 1515/4155/1689 1516/4173/1700 1371/3917/1604
f 1517/4127/1681 1539/4260/1728 1399/3657/1500
f 1533/4261/1729 1392/4262/1666 1516/4263/1700
f 1533/4264/1729 1452/4265/1730 1392/4086/1666
f 1392/4086/1666 1474/4266/1731 1381/4087/1634
f 1453/4267/1732 1454/4268/1733 1502/4269/1734
f 1406/3702/1683 1558/4270/1674 1373/4271/1519
f 1455/4272/1702 1456/4273/1718 1322/4274/1592
f 1476/3896/1593 1488/4211/1713 1570/4275/1735
f 1419/4164/1695 1428/4276/1704 1231/3622/1486
f 1365/3932/1609 1527/4277/1736 1247/3676/1508
f 1325/4044/1595 1375/4043/1643 1457/4278/1684
f 1397/4279/1737 1450/4280/1738 1346/4281/1739
f 1389/4077/1660 1335/3933/1610 1326/3904/1599
f 1336/3995/1611 1459/4282/1740 1511/4283/1741
f 1327/3722/1526 1458/4284/1742 1397/4048/1646
f 1402/4119/1631 1459/4285/1740 1336/4120/1611
f 1402/3202/1631 1403/4202/1678 1482/4204/1709
f 1415/3938/1613 1435/4208/1710 1261/3973/1547
f 1349/3974/1622 1250/3693/1514 1607/4286/1743
f 1281/3778/1549 1448/4243/1723 1359/4051/1647
f 1449/4218/1715 1380/4057/1648 1436/4244/1711
f 829/2543/1041 1460/4287/1744 1167/3244/1333
f 1364/3958/1618 1321/4163/1590 1543/4288/1745
f 1211/3377/1383 1526/4289/1746 1419/4164/1695
f 1211/3377/1383 1384/4070/1653 1526/4289/1746
f 1461/4290/1627 1385/4291/1654 1462/4292/1719
f 1395/4096/1619 1464/4293/1677 1367/3994/1628
f 1367/3994/1628 1464/4293/1677 1465/4294/1747
f 1367/4021/1628 1465/4295/1747 1411/3903/1598
f 1335/4023/1610 1389/4296/1660 1466/4236/1721
f 1457/4297/1684 1530/4298/1748 1481/4299/1688
f 1467/4300/1749 1396/4245/1724 1468/4247/1726
f 1588/4301/1750 1397/4048/1646 1458/4284/1742
f 1467/4302/1749 1468/4303/1726 1469/4304/1751
f 1307/4237/1577 1530/4305/1748 1420/4166/1696
f 1337/4006/1632 1470/4306/1752 1398/4103/1671
f 1435/4307/1710 1440/4308/1699 1471/4309/1532
f 1434/4082/1664 1448/4310/1723 1378/4083/1614
f 1448/4243/1723 1338/3937/1612 1359/4051/1647
f 1392/4086/1666 1452/4265/1730 1474/4266/1731
f 1332/3946/1616 1499/4311/1753 1416/4159/1693
f 1460/4287/1744 829/2543/1041 1393/4090/1668
f 1423/4061/1649 1372/3921/1607 1342/3948/1617
f 1361/4312/1636 1333/3697/1516 1353/3982/1608
f 1443/4313/1717 1284/4314/1553 1252/4315/1426
f 1454/4268/1733 1494/4316/1754 1502/4269/1734
f 1478/4235/1720 1510/4317/1755 1366/4020/1637
f 1407/4134/1506 1420/4166/1696 1375/4135/1643
f 1223/4213/1474 1503/2483/1597 1463/4214/1714
f 1375/4135/1643 1420/4166/1696 1457/4318/1684
f 1469/4319/1751 1529/4320/1756 1467/4321/1749
f 1358/4322/1566 1414/1751/1663 1370/4323/1641
f 1338/3937/1612 1447/4241/1722 1262/3732/1531
f 1433/4324/1679 1515/4155/1689 1404/4050/1633
f 1449/4218/1715 1436/4244/1711 1520/4325/1701
f 1381/4326/1634 1474/4327/1731 1475/4328/1757
f 1381/4326/1634 1475/4328/1757 1332/4329/1616
f 1422/3782/1550 1437/4089/1667 1416/4159/1693
f 1455/4330/1702 1476/4331/1593 1456/4332/1718
f 1476/4333/1593 1570/4334/1735 1456/4335/1718
f 1478/4336/1758 1489/4337/1759 1376/4338/1760
f 1376/4112/1644 1477/4339/1761 1478/4340/1720
f 1477/4339/1761 1376/4112/1644 1401/4113/1675
f 1479/4341/1762 1301/4342/1585 1346/4343/1621
f 1420/4166/1696 1530/4305/1748 1457/4318/1684
f 1377/4072/1655 1409/4191/1685 1386/4073/1656
f 1479/4344/1762 1450/4345/1763 1396/4346/1764
f 1450/4046/1763 1479/4347/1762 1346/3966/1621
f 1336/3995/1611 1511/4283/1741 1389/4077/1660
f 1480/4348/1765 1412/4349/1686 1589/4350/1766
f 1588/4351/1750 1450/4352/1725 1397/4353/1646
f 1480/4354/1765 1414/4355/1663 1412/4356/1686
f 1588/4357/1750 1468/4247/1726 1450/4246/1725
f 1459/4285/1740 1402/4119/1631 1473/4358/1767
f 1482/4204/1768 1432/4203/1698 1481/4359/1688
f 1482/4360/1709 1473/4361/1767 1402/4362/1631
f 1308/3853/1546 1483/4363/1630 1451/4253/1727
f 1483/4364/1630 1369/4365/1639 1484/4366/1769
f 1447/4367/1722 1338/4368/1612 1485/4369/1770
f 1486/4370/1771 1448/4243/1723 1434/4371/1664
f 1532/4372/1772 1399/4217/1500 1539/4373/1728
f 1338/3937/1612 1448/4243/1723 1579/4374/1773
f 1499/4375/1753 1332/4329/1616 1475/4328/1757
f 1293/3981/1569 1251/4376/1515 653/4377/777
f 1443/4378/1717 1185/3483/1425 1360/4011/1635
f 1487/4379/1774 1245/4064/1504 1438/4210/1712
f 1418/4161/1694 1245/3664/1504 1487/4380/1774
f 1488/4211/1775 1489/4381/1776 1490/4382/1777
f 1324/3898/1594 1463/4383/1714 1408/4137/1626
f 1401/4113/1675 1247/3676/1508 1527/4277/1736
f 1385/4071/1654 1160/3413/1396 1301/4384/1585
f 1411/4385/1598 1505/4386/1778 1412/4387/1686
f 1396/4388/1724 1467/4321/1749 1529/4320/1756
f 1307/4237/1577 1451/4389/1727 1530/4305/1748
f 1446/4390/1687 1398/4391/1671 1498/4392/1779
f 1432/4393/1780 1491/4394/1781 1482/4395/1709
f 1591/4396/1782 1483/4363/1630 1484/4397/1769
f 1440/4398/1699 1492/4399/1783 1493/4400/1680
f 1494/4401/1754 1495/4402/1784 1496/4403/1785
f 1385/4071/1654 1652/4404/1786 1462/4405/1719
f 1479/4406/1787 1529/4407/1788 1396/4408/1789
f 1412/4349/1686 1497/4409/1790 1589/4350/1766
f 1327/3722/1526 1446/4147/1687 1458/4284/1742
f 1491/4394/1781 1473/3219/1767 1482/4395/1709
f 1398/4103/1671 1470/4306/1752 1498/4410/1779
f 1370/4205/1641 1553/4075/1791 1434/4206/1664
f 1449/4218/1715 1520/4325/1701 1523/4411/1792
f 1353/3982/1608 1500/4412/1793 1501/4413/1794
f 1453/460/1732 1502/4414/1734 1542/4415/1795
f 1542/4416/1795 1502/4417/1734 1600/4418/1796
f 1549/4419/1797 1570/4275/1735 1488/4211/1713
f 1503/4420/1597 1528/4421/1798 1463/4422/1714
f 1466/4423/1721 1504/4424/1799 1503/4425/1597
f 1412/4426/1686 1505/4427/1778 1497/4428/1790
f 1409/4429/1685 1587/4430/1800 1421/3707/1697
f 1468/4303/1726 1529/4431/1756 1469/4304/1751
f 1481/4299/1688 1530/4298/1748 1482/4432/1768
f 1482/4432/1801 1530/4298/1748 1432/4433/1780
f 1369/4365/1639 1421/4434/1697 1484/4366/1769
f 1432/4169/1780 1451/4253/1727 1491/4435/1781
f 1440/4308/1699 1435/4307/1710 1513/4436/1802
f 1517/4127/1681 1400/4085/1665 1506/4437/1803
f 1474/4327/1731 1507/4438/1804 1475/4328/1757
f 1405/4225/1669 1541/4439/1682 1438/4226/1712
f 1502/4440/1734 1494/4441/1754 1600/4442/1796
f 1651/4228/1651 1509/4443/1805 1406/4229/1683
f 1558/4109/1674 1544/4444/1806 1321/3894/1590
f 1488/4211/1775 1490/4382/1777 1549/4419/1807
f 1428/4185/1704 1535/4445/1808 1445/4234/1676
f 1366/4020/1637 1510/4317/1755 1377/4072/1655
f 1561/4446/1809 1466/4236/1721 1389/4296/1660
f 1389/4296/1660 1511/4447/1741 1561/4446/1809
f 1479/4448/1762 1529/776/1810 1588/4449/1811
f 1647/4450/1812 1530/4451/1813 1482/2519/1814
f 1483/4363/1630 1512/4452/1815 1451/4253/1727
f 1492/4453/1783 1616/4454/1816 1493/4455/1680
f 1493/4126/1680 1616/4456/1816 1250/3693/1514
f 1349/3974/1622 1547/4457/1817 1400/4085/1665
f 1441/4104/1672 1518/4458/1818 1435/4208/1710
f 1449/4459/1715 1523/4460/1792 1519/4461/1819
f 1520/4462/1701 1442/4463/1716 1609/4464/1820
f 1422/4221/1550 1416/4465/1693 1508/4466/1821
f 1416/4159/1693 1499/4311/1753 1508/4467/1821
f 1167/4468/1333 1460/4469/1744 1168/4470/1408
f 1495/4402/1784 1545/4471/1822 1620/4472/1823
f 1456/4231/1718 1549/4473/1797 1488/4232/1713
f 1488/4474/1775 1549/4475/1807 1489/4476/1776
f 1408/4477/1824 1559/4478/1825 1545/4471/1826
f 1462/4405/1719 1652/4404/1786 1521/4479/1827
f 1477/4339/1761 1575/4480/1828 1478/4340/1720
f 1465/4295/1747 1566/4481/1829 1411/3903/1598
f 1411/3903/1598 1566/4481/1829 1505/4482/1778
f 1377/4072/1655 1522/4483/1830 1409/4191/1685
f 1587/4484/1831 1430/4485/1832 1409/4486/1833
f 1446/4390/1687 1498/4392/1779 1552/4487/1834
f 1483/4363/1630 1591/4396/1782 1512/4452/1815
f 1433/4324/1679 1514/4488/1835 1515/4155/1689
f 1399/4217/1500 1532/4372/1772 1337/4006/1632
f 1435/4208/1710 1518/4458/1818 1513/4489/1802
f 1441/4104/1672 1449/4459/1715 1518/4458/1818
f 1520/4462/1701 1609/4464/1820 1523/4490/1792
f 1422/4221/1550 1508/4466/1821 1442/4222/1716
f 1443/4378/1717 1360/4011/1635 1500/4412/1793
f 1555/4491/1836 1583/4492/1837 1472/4493/1838
f 1472/4494/1838 1438/4495/1712 1540/4496/1839
f 1496/4403/1785 1600/4497/1796 1494/4401/1754
f 1494/4316/1754 1524/4498/1840 1495/4499/1784
f 1456/4274/1718 1570/4500/1735 1549/4501/1797
f 1495/4499/1784 1525/4502/1841 1545/4503/1822
f 1545/4504/1826 1550/4505/1842 1408/4506/1824
f 1428/4507/1704 1419/4508/1695 1526/4509/1746
f 1527/4510/1736 1365/4511/1609 1551/4512/1843
f 1565/4513/1844 1385/4071/1654 1301/4384/1585
f 1503/4425/1597 1504/4424/1799 1528/4514/1798
f 1589/4350/1766 1537/4515/1845 1480/4348/1765
f 1468/4516/1726 1623/4517/1846 1529/4518/1756
f 1468/4519/1726 1538/4520/1847 1623/4521/1846
f 1468/4519/1726 1588/4301/1750 1538/4520/1847
f 1530/4522/1748 1451/4523/1727 1432/4524/1780
f 1337/4525/1632 1531/4526/1848 1470/4527/1752
f 1533/4528/1729 1635/4529/1849 1452/4530/1730
f 1501/4413/1794 1361/4312/1636 1353/3982/1608
f 1555/4531/1836 1472/4494/1838 1540/4496/1839
f 1495/4499/1784 1524/4498/1840 1525/4502/1841
f 1526/4289/1746 1535/4532/1808 1428/4276/1704
f 1384/4070/1653 1427/4184/1703 1550/4533/1850
f 1427/4534/1703 1408/4535/1626 1612/4536/1851
f 1477/4339/1761 1401/4113/1675 1576/4537/1852
f 1463/4383/1714 1528/4538/1798 1408/4137/1626
f 1536/4539/1853 1465/4294/1747 1464/4293/1677
f 1480/4354/1765 1537/4540/1845 1414/4355/1663
f 1529/4541/1854 1623/4542/1855 1430/4543/1856
f 1588/4301/1750 1458/4284/1742 1538/4520/1847
f 1505/4544/1778 1675/4545/1857 1497/4409/1790
f 1592/4546/1858 1440/4308/1699 1513/4436/1802
f 1492/4547/1783 1440/4548/1699 1592/4549/1858
f 1539/2745/1728 1517/4550/1681 1532/4551/1772
f 653/4377/777 1282/3783/1551 1293/3981/1569
f 1556/4552/1859 1583/4492/1837 1555/4491/1836
f 1438/4210/1712 1472/4553/1838 1583/4554/1837
f 1540/4555/1839 1438/4556/1712 1541/4557/1682
f 1453/4558/1732 1542/4559/1795 1454/4560/1733
f 1406/4561/1683 1509/2224/1805 1543/4562/1745
f 1543/4288/1745 1321/4163/1590 1544/4563/1806
f 1620/4472/1823 1545/4471/1822 1559/4478/1860
f 1559/4564/1825 1550/4565/1842 1545/4566/1826
f 1551/4567/1843 1365/3932/1609 1462/4233/1719
f 1510/4568/1755 1478/4569/1720 1575/4570/1828
f 1589/4350/1766 1497/4409/1790 1605/4571/1861
f 1447/4572/1722 1582/4573/1862 1433/4574/1679
f 1433/4324/1679 1582/4575/1862 1514/4488/1835
f 1532/4372/1772 1531/4576/1848 1337/4006/1632
f 1400/4577/1665 1547/4578/1817 1506/4579/1803
f 1532/4551/1772 1517/4550/1681 1506/4580/1803
f 1499/4311/1753 1548/4581/1863 1508/4467/1821
f 1353/3926/1608 1284/3890/1553 1443/4582/1717
f 1487/4380/1774 1636/4583/1864 1418/4161/1694
f 1600/4497/1796 1496/4403/1785 1601/4584/1865
f 1544/4585/1806 1558/4586/1674 1639/4587/1866
f 1549/4475/1807 1663/4588/1867 1489/4476/1776
f 1549/4589/1807 1490/4590/1777 1663/4591/1867
f 1490/4592/1777 1489/4593/1776 1663/4594/1867
f 1550/4595/1850 1427/4596/1703 1612/4597/1851
f 1521/4598/1827 1551/1571/1843 1462/4599/1719
f 1528/4538/1798 1612/4600/1851 1408/4137/1626
f 1587/4601/1800 1665/4602/1868 1421/4167/1697
f 1446/4147/1687 1552/4603/1834 1458/4284/1742
f 1537/4540/1845 1546/4604/1869 1414/4355/1663
f 1421/4434/1697 1596/4605/1870 1484/4366/1769
f 1553/4606/1791 1554/4607/1871 1434/4608/1664
f 1423/4061/1649 1534/4609/1872 1372/3921/1607
f 1418/4161/1694 1581/4610/1873 1423/4175/1649
f 1418/4161/1694 1636/4583/1864 1581/4610/1873
f 1555/4531/1836 1540/4496/1839 1563/4611/1874
f 1542/4559/1795 1494/2060/1754 1454/4560/1733
f 1406/4612/1683 1557/4613/1875 1558/4614/1674
f 1543/4288/1745 1509/4615/1805 1364/3958/1618
f 1525/4502/1841 1571/4616/1876 1545/4503/1822
f 1559/4617/1860 1571/4618/1876 1620/4619/1823
f 1384/4070/1653 1550/4533/1850 1526/4289/1746
f 1575/4480/1828 1477/4339/1761 1576/4537/1852
f 1575/4620/1828 1594/4621/1877 1510/4317/1755
f 1385/4071/1654 1565/4513/1844 1652/4404/1786
f 1504/4424/1799 1560/4622/1878 1528/4514/1798
f 1466/4423/1721 1561/4623/1809 1603/4624/1879
f 1370/4625/1641 1414/4626/1663 1553/4627/1791
f 1554/4628/1871 1486/4629/1771 1434/4082/1664
f 1349/3974/1622 1562/4630/1880 1547/4457/1817
f 1449/4459/1715 1519/4461/1819 1518/4458/1818
f 1507/4631/1804 1474/4266/1731 1452/4265/1730
f 1442/4632/1716 1508/2104/1821 1597/4633/1881
f 1731/4634/1882 453/1256/534 1168/4635/1408
f 1556/4636/1859 1555/4637/1836 1563/4638/1874
f 1558/4614/1674 1557/4613/1875 1639/4639/1866
f 1495/4402/1784 1620/4472/1823 1496/4403/1785
f 1401/4113/1675 1564/4640/1883 1576/4537/1852
f 1536/4641/1853 1464/4642/1677 1445/4234/1676
f 1465/4643/1747 1631/4644/1884 1566/4645/1829
f 1529/4646/1810 1622/4647/1885 1588/4648/1811
f 1491/4435/1781 1567/4649/1886 1473/4650/1767
f 1512/4452/1815 1591/4396/1782 1648/4651/1887
f 1591/4652/1782 1592/4653/1858 1513/4654/1802
f 1338/4368/1612 1568/4655/1888 1485/4369/1770
f 1250/3693/1514 1616/4456/1816 1607/4286/1743
f 1448/4243/1723 1569/4656/1889 1579/4374/1773
f 1533/4657/1729 1516/4658/1700 1635/4659/1849
f 1361/4012/1636 1501/4660/1794 1541/4129/1682
f 1574/4661/1890 1610/4662/1891 1570/4663/1892
f 1545/4566/1822 1571/4664/1876 1559/4564/1860
f 1572/4665/1893 1573/4666/1894 1574/4667/1895
f 1408/4668/1824 1550/4669/1842 1559/4670/1825
f 1575/4671/1896 1490/4672/1897 1576/3368/1898
f 1535/4445/1808 1536/4641/1853 1445/4234/1676
f 1479/4347/1762 1565/4673/1844 1301/4674/1585
f 1561/4446/1809 1511/4447/1741 1630/4675/1899
f 1409/4676/1685 1522/4677/1830 1595/4678/1900
f 1498/4410/1779 1470/4306/1752 1578/4679/1901
f 1484/4397/1769 1596/4680/1870 1591/4396/1782
f 1607/4286/1743 1562/4630/1880 1349/3974/1622
f 1568/4655/1888 1338/4368/1612 1579/4681/1773
f 1516/4658/1700 1515/4682/1689 1635/4659/1849
f 1635/4529/1849 1580/4683/1902 1452/4530/1730
f 1581/4684/1873 1534/4609/1872 1423/4061/1649
f 1406/4685/1683 1543/600/1745 1557/4686/1875
f 1639/4587/1866 1641/4687/1903 1544/4585/1806
f 1575/4480/1828 1576/4537/1852 1594/4688/1877
f 1465/4643/1747 1653/4689/1904 1631/4644/1884
f 1409/4486/1685 1595/4690/1900 1587/4484/1800
f 1459/4691/1740 1473/4692/1767 1708/4693/1905
f 1485/4694/1770 1582/4695/1862 1447/4696/1722
f 1360/4011/1635 1282/3783/1551 1500/4412/1793
f 1443/4378/1717 1500/4412/1793 1353/3982/1608
f 1438/4697/1712 1583/4698/1837 1487/4699/1774
f 1543/4700/1745 1584/4701/1906 1557/4613/1875
f 1544/4563/1806 1584/4702/1906 1543/4288/1745
f 1521/4703/1827 1585/4704/1907 1551/4567/1843
f 1653/4705/1904 1465/4294/1747 1536/4539/1853
f 1587/4706/1800 1595/4707/1900 1623/4708/1846
f 1479/4709/1762 1588/4710/1811 1622/4711/1885
f 1589/4350/1766 1605/4571/1861 1537/4712/1845
f 1623/4521/1846 1665/4602/1868 1587/4601/1800
f 1546/4713/1869 1553/4627/1791 1414/4626/1663
f 1470/4306/1752 1531/4576/1848 1578/4679/1901
f 1485/4694/1770 1590/4714/1908 1582/4695/1862
f 1596/4715/1870 1592/4716/1858 1591/4717/1782
f 1492/4453/1783 1592/4718/1858 1616/4454/1816
f 1506/4719/1803 1531/4720/1848 1532/4721/1772
f 1550/4533/1850 1593/4722/1909 1526/4289/1746
f 1594/4723/1877 1576/4724/1852 1663/4725/1910
f 1565/4673/1844 1479/4347/1762 1586/4726/1911
f 1522/4727/1830 1377/4728/1655 1595/4729/1900
f 1529/4646/1810 1623/4730/1846 1622/4647/1885
f 1458/4731/1742 1552/4732/1834 1615/1533/1912
f 1591/4652/1782 1513/4654/1802 1648/4733/1887
f 1592/4718/1858 1596/4734/1870 1616/4454/1816
f 1514/4488/1835 1635/4735/1849 1515/4155/1689
f 1486/4370/1771 1569/4656/1889 1448/4243/1723
f 1548/4581/1863 1597/4736/1881 1508/4467/1821
f 1600/4418/1796 1599/4737/1913 1542/4416/1795
f 1599/4738/1913 1600/4739/1796 1601/4740/1865
f 1593/4741/1909 1550/4595/1850 1612/4597/1851
f 1401/4113/1675 1527/4277/1736 1637/4742/1914
f 1602/4743/1915 1576/4537/1852 1564/4640/1883
f 1672/4744/1916 1377/4072/1655 1510/4317/1755
f 1603/4624/1879 1504/4424/1799 1466/4423/1721
f 1604/4745/1917 1603/4624/1879 1561/4623/1809
f 1621/4746/1918 1511/4283/1741 1459/4282/1740
f 1605/4571/1861 1497/4409/1790 1675/4545/1857
f 1537/4747/1845 1605/4748/1861 1546/4749/1869
f 1590/4714/1908 1485/4694/1770 1568/4750/1888
f 1562/4751/1880 1607/4752/1743 1608/4753/1919
f 1609/4464/1820 1627/4754/1920 1523/4490/1792
f 1494/4316/1754 1650/4755/1921 1524/4498/1840
f 1496/4403/1785 1619/4756/1922 1668/4757/1923
f 1610/4758/1924 1611/4759/1925 1572/4760/1926
f 1535/4532/1808 1526/4289/1746 1593/4722/1909
f 1612/4761/1851 1577/4762/1927 1593/4763/1909
f 1637/4742/1914 1527/4277/1736 1683/4764/1928
f 1612/4600/1851 1528/4538/1798 1577/4765/1927
f 1652/4404/1786 1565/4513/1844 1613/4766/1929
f 1595/4707/1900 1622/4767/1885 1623/4708/1846
f 1491/4768/1781 1657/4769/1930 1567/4770/1886
f 1546/4713/1869 1554/4628/1871 1553/4627/1791
f 1498/4771/1779 1578/4772/1901 1615/4773/1912
f 1608/4774/1919 1607/4286/1743 1616/4456/1816
f 1452/4265/1730 1580/4775/1902 1507/4631/1804
f 1617/4776/1931 1609/4777/1820 1597/4778/1881
f 1609/4779/1820 1442/4632/1716 1597/4633/1881
f 1548/4780/1863 1499/4375/1753 1475/4328/1757
f 453/1256/534 1731/4634/1882 653/1884/777
f 1534/4609/1872 1393/4090/1668 1372/3921/1607
f 1542/4416/1795 1599/4737/1913 1618/4781/1932
f 1542/4416/1795 1650/4782/1921 1494/4783/1754
f 1557/4613/1875 1641/4784/1903 1639/4639/1866
f 1571/4785/1876 1619/4786/1922 1620/4787/1823
f 1401/4113/1675 1637/4742/1914 1564/4640/1883
f 1528/4514/1798 1560/4622/1878 1577/4788/1927
f 1511/4789/1741 1621/4790/1918 1630/4791/1899
f 1479/4347/1762 1622/4767/1885 1586/4726/1911
f 1505/4792/1778 1566/4793/1829 1675/4794/1857
f 1623/4795/1846 1538/4796/1847 1624/4797/1933
f 1567/4798/1886 1708/4693/1905 1473/4692/1767
f 1615/4773/1912 1646/4799/1934 1458/4800/1742
f 1552/4801/1834 1498/4771/1779 1615/4773/1912
f 1451/4253/1727 1625/4802/1935 1491/4435/1781
f 1531/4576/1848 1547/4803/1817 1578/4679/1901
f 1678/4804/1936 1582/4695/1862 1590/4714/1908
f 1626/4805/1937 1562/4751/1880 1608/4753/1919
f 1519/4461/1819 1523/4460/1792 1627/4806/1920
f 1583/4698/1837 1767/4807/1938 1487/4699/1774
f 1668/4808/1939 1639/4809/1940 1748/4810/1941
f 1524/4811/1840 1659/4812/1942 1525/4813/1841
f 1620/4472/1823 1619/4756/1922 1496/4403/1785
f 1574/4661/1890 1572/4814/1943 1610/4662/1891
f 1585/4704/1907 1628/4815/1944 1551/4567/1843
f 1551/4567/1843 1628/4815/1944 1527/4277/1736
f 1594/4621/1877 1629/4816/1945 1510/4317/1755
f 1560/4622/1878 1504/4424/1799 1692/4817/1946
f 1671/4818/1947 1630/4819/1899 1621/4820/1918
f 1377/4821/1655 1672/4822/1916 1595/4707/1900
f 1566/4823/1829 1674/4824/1948 1675/4825/1857
f 1605/4826/1861 1675/4827/1857 1614/4828/1949
f 1605/4829/1861 1614/4830/1949 1546/4831/1869
f 1458/4284/1742 1646/4832/1934 1538/4520/1847
f 1421/4167/1697 1665/4602/1868 1632/4833/1950
f 1491/4435/1781 1633/4834/1951 1657/4835/1930
f 1625/4802/1935 1633/4834/1951 1491/4435/1781
f 1554/4628/1871 1634/4836/1952 1486/4629/1771
f 1506/4837/1803 1547/4803/1817 1531/4576/1848
f 1568/4655/1888 1579/4681/1773 1569/4838/1889
f 1634/4839/1952 1569/4656/1889 1486/4370/1771
f 1518/4458/1818 1606/4840/1953 1513/4489/1802
f 1635/4841/1849 1514/4762/1835 1667/4842/1954
f 1518/4458/1818 1757/4843/1955 1606/4840/1953
f 1282/3783/1551 653/4377/777 1598/4844/1956
f 1282/3783/1551 1598/4844/1956 1500/4412/1793
f 1487/4699/1774 1767/4807/1938 1636/4845/1864
f 1496/4403/1785 1748/4846/1957 1601/4584/1865
f 1571/4616/1876 1525/4502/1841 1711/4847/1958
f 1711/3101/1958 1619/4786/1922 1571/4785/1876
f 1611/4848/1925 1637/4849/1959 1572/4850/1926
f 1535/4445/1808 1638/4851/1960 1536/4641/1853
f 1510/4317/1755 1629/4816/1945 1672/4744/1916
f 1692/4852/1946 1504/1729/1799 1603/4853/1879
f 1459/4282/1740 1708/4854/1905 1621/4746/1918
f 1757/4843/1955 1518/4458/1818 1519/4461/1819
f 1168/4470/1408 1460/4469/1744 1724/4855/1961
f 1699/1910/1962 1669/4856/1963 1639/2863/1940
f 1639/4857/1940 1669/4858/1963 1748/1013/1941
f 1641/4687/1903 1640/4859/1964 1544/4585/1806
f 1641/4687/1965 1639/4587/1940 1668/4860/1939
f 1619/4756/1922 1643/4861/1966 1642/4862/1967
f 1643/4863/1966 1619/4864/1922 1644/4865/1968
f 1711/4866/1958 1644/4865/1968 1619/4864/1922
f 1663/4725/1910 1576/4724/1852 1602/4867/1915
f 1603/4868/1879 1604/4869/1917 1645/4870/1969
f 1630/4871/1899 1693/4872/1970 1561/4623/1809
f 1561/4623/1809 1693/4872/1970 1604/4745/1917
f 1538/4873/1847 1646/4874/1934 1624/4875/1933
f 1647/4876/1971 1633/4877/1972 1765/4878/1893
f 1596/4605/1870 1421/4434/1697 1632/4879/1950
f 1512/4452/1815 1648/4651/1887 1451/4253/1727
f 1567/4770/1886 1657/4769/1930 1721/4880/1973
f 1513/4489/1802 1606/4840/1953 1676/4881/1974
f 1616/4456/1816 1649/4882/1975 1608/4774/1919
f 1626/4883/1937 1547/4884/1817 1562/4885/1880
f 1568/4655/1888 1569/4838/1889 1686/4886/1976
f 1541/4557/1682 1563/4638/1874 1540/4555/1839
f 1557/4613/1875 1584/4701/1906 1640/4887/1964
f 1641/4784/1903 1557/4613/1875 1640/4887/1964
f 1524/4888/1840 1650/4889/1921 1659/4890/1942
f 1521/4891/1827 1652/4892/1786 1613/4893/1929
f 1535/4445/1808 1593/4894/1909 1638/4851/1960
f 1631/4895/1884 1653/4896/1904 1566/4823/1829
f 1621/4820/1918 1708/4897/1905 1654/4898/1977
f 1655/4899/1978 1674/4824/1948 1566/4823/1829
f 1665/4900/1868 1623/4795/1846 1624/4797/1933
f 1633/4901/1951 1656/4902/1979 1657/4903/1930
f 1648/4904/1887 1513/4489/1802 1676/4881/1974
f 1635/4905/1849 1697/4906/1980 1580/4907/1902
f 1597/4778/1881 1548/4908/1863 1617/4776/1931
f 1501/4413/1794 1500/4412/1793 1658/4909/1981
f 1639/4639/1940 1641/4784/1965 1699/4910/1962
f 1601/4740/1865 1748/1581/1957 1599/4738/1913
f 1748/4846/1957 1496/4403/1785 1668/4757/1923
f 1525/4502/1841 1659/4911/1942 1711/4847/1958
f 1668/4757/1923 1619/4756/1922 1642/4862/1967
f 1660/4912/1982 1661/4913/1983 1662/4914/1984
f 1637/4742/1914 1753/4915/1985 1564/4640/1883
f 1594/4621/1877 1663/4916/1910 1664/4917/1986
f 1567/4918/1886 1709/4919/1987 1708/4920/1905
f 1665/4921/1868 1688/4922/1988 1632/4923/1950
f 1616/4456/1816 1596/4924/1870 1649/4882/1975
f 1590/4714/1908 1568/4750/1888 1695/4925/1989
f 1666/4926/1990 1514/4488/1835 1582/4575/1862
f 1658/4927/1981 1541/4129/1682 1501/4660/1794
f 1668/4928/1939 1669/4929/1963 1641/4930/1965
f 1659/4911/1942 1700/4931/1991 1711/4847/1958
f 1594/4621/1877 1664/4917/1986 1629/4816/1945
f 1577/4932/1927 1670/4933/1992 1593/4894/1909
f 1693/4872/1970 1630/4871/1899 1671/4934/1947
f 1654/4898/1977 1671/4818/1947 1621/4820/1918
f 1771/4935/1993 1566/4823/1829 1706/4936/1994
f 1566/4823/1829 1771/4935/1993 1655/4899/1978
f 1674/4937/1948 1614/4938/1949 1675/4939/1857
f 1677/4940/1995 1554/4628/1871 1546/4713/1869
f 1686/4941/1976 1695/4925/1989 1568/4750/1888
f 1666/4926/1990 1582/4575/1862 1678/4942/1936
f 1475/4943/1757 1679/4944/1996 1548/4945/1863
f 1509/4443/1805 1651/4228/1651 1819/4946/1997
f 1819/4947/1997 1651/4948/1651 1364/4949/1618
f 1681/4950/1998 1661/4913/1983 1660/4912/1982
f 1662/4914/1984 1661/4913/1983 1752/4951/1999
f 1611/4848/1925 1683/4952/2000 1637/4849/1959
f 1527/4277/1736 1628/4815/1944 1683/4764/1928
f 1602/4743/1915 1664/4953/1986 1663/4954/1910
f 1684/4955/2001 1564/4640/1883 1753/4915/1985
f 1706/4936/1994 1566/4823/1829 1653/4896/1904
f 1672/4822/1916 1673/4956/2002 1595/4707/1900
f 1685/4957/2003 1586/4726/1911 1622/4767/1885
f 1596/4605/1870 1632/4879/1950 1696/4958/2004
f 1624/4959/1933 1688/4960/1988 1665/4961/1868
f 1687/4962/2005 1686/4963/1976 1677/4964/1995
f 1687/4965/2005 1695/4966/1989 1686/4967/1976
f 1688/4968/1988 1626/4805/1937 1608/4753/1919
f 1688/4969/1988 1608/4970/1919 1649/4971/1975
f 1547/4884/1817 1626/4883/1937 1624/4972/1933
f 1689/4973/2006 1606/4840/1953 1690/4974/2007
f 1606/4840/1953 1757/4843/1955 1690/4974/2007
f 1617/4776/1931 1548/4908/1863 1679/4975/1996
f 1691/4976/2008 1662/4914/1984 1885/4977/2009
f 1691/4976/2008 1660/4912/1982 1662/4914/1984
f 1682/4978/2010 1681/4979/1998 1660/4980/1982
f 1637/4742/1914 1683/4764/1928 1753/4915/1985
f 1670/4933/1992 1638/4851/1960 1593/4894/1909
f 1560/4622/1878 1815/4981/2011 1577/4788/1927
f 1603/4982/1879 1705/4983/2012 1692/4984/1946
f 1645/4870/1969 1604/4869/1917 1693/4985/1970
f 1677/4986/1995 1546/4987/1869 1694/4988/2013
f 1687/4989/2005 1677/4986/1995 1720/4990/2014
f 1677/4940/1995 1686/4991/1976 1554/4628/1871
f 1720/4992/2014 1695/3803/1989 1687/4993/2005
f 1578/4994/1901 1547/4995/1817 1646/2338/1934
f 1686/4991/1976 1634/4836/1952 1554/4628/1871
f 1596/4924/1870 1696/4996/2004 1649/4882/1975
f 1635/4841/1849 1667/4842/1954 1697/4997/1980
f 1507/4438/1804 1723/4998/2015 1475/4328/1757
f 1609/4464/1820 1698/4999/2016 1627/4754/1920
f 1599/4737/2017 1669/5000/2018 1699/5001/2019
f 1599/5002/1913 1748/2010/1957 1699/5003/2020
f 1691/5004/2008 1701/5005/2021 1660/5006/1982
f 1711/5007/2022 1644/5008/2023 1702/1087/2024
f 1613/4893/1929 1703/5009/2025 1521/4891/1827
f 1536/5010/1853 1704/5011/2026 1706/4936/1994
f 1560/4622/1878 1705/5012/2012 1815/4981/2011
f 1638/4851/1960 1670/4933/1992 1716/5013/2027
f 1536/4539/1853 1706/5014/1994 1653/4705/1904
f 1693/5015/1970 1671/4818/1947 1707/5016/2028
f 1622/4767/1885 1595/4707/1900 1673/4956/2002
f 1708/5017/1905 1746/5018/2029 1654/5019/1977
f 1614/4938/1949 1694/4988/2013 1546/4987/1869
f 1765/4878/2030 1633/4877/2031 1656/5020/2032
f 1709/5021/2033 1765/5022/1943 1633/5023/2031
f 1783/5024/2034 1567/4770/1886 1721/4880/1973
f 1728/5025/2035 1688/4969/1988 1649/4971/1975
f 1624/4875/1933 1646/4874/1934 1547/5026/1817
f 1624/5027/1933 1626/5028/1937 1688/5029/1988
f 1617/5030/1931 1698/4999/2016 1609/4464/1820
f 1641/4930/1965 1669/4929/1963 1710/5031/2036
f 1669/5032/1963 1668/5033/1939 1748/5034/1941
f 1640/5035/1964 1750/5036/2037 1544/5037/1806
f 1660/5038/1982 1806/5039/2038 1682/887/2010
f 1700/5040/1991 1759/5041/2039 1711/5042/1958
f 1521/4703/1827 1703/5043/2025 1585/4704/1907
f 1664/4917/1986 1712/5044/2040 1629/4816/1945
f 1683/4764/1928 1628/4815/1944 1713/5045/2041
f 1713/5045/2041 1753/4915/1985 1683/4764/1928
f 1564/4640/1883 1684/4955/2001 1602/4743/1915
f 1704/5046/2026 1536/5047/1853 1638/5048/1960
f 1692/4817/1946 1705/5012/2012 1560/4622/1878
f 1603/4624/1879 1645/5049/1969 1717/5050/2042
f 1603/4624/1879 1717/5050/2042 1705/5012/2012
f 1567/5051/1886 1714/5052/2043 1709/5053/1987
f 1633/4834/1951 1625/4802/1935 1656/5054/1979
f 1578/4772/1901 1646/4799/1934 1615/4773/1912
f 1569/5055/1889 1634/4836/1952 1686/4991/1976
f 1723/4998/2015 1679/5056/1996 1475/4328/1757
f 1598/4844/1956 1680/5057/2044 1500/4412/1793
f 1618/4781/1932 1599/4737/1913 1699/5001/2020
f 1641/4784/1965 1710/5058/2036 1699/4910/1962
f 1759/967/2039 1700/5059/1991 1702/5060/2045
f 1711/4866/1958 1759/5061/2039 1644/4865/1968
f 1661/4913/1983 1715/5062/2046 1752/4951/1999
f 1585/5063/1907 1703/1469/2025 1628/5064/1944
f 1638/5065/2047 1653/3711/2048 1716/5066/2049
f 1645/5067/1969 1763/5068/2050 1717/5069/2042
f 1565/5070/1844 1718/5071/2051 1735/5072/2052
f 1586/4726/1911 1718/5073/2051 1565/4673/1844
f 1783/5074/2034 1714/5075/2043 1567/5076/1886
f 1648/4651/1887 1625/4802/1935 1451/4253/1727
f 1719/5077/2053 1695/5078/1989 1720/3662/2014
f 1657/4769/1930 1666/5079/1990 1721/4880/1973
f 1666/5080/1990 1678/5081/1936 1721/5082/1973
f 1676/4881/1974 1606/4840/1953 1689/4973/2006
f 1514/4488/1835 1666/4926/1990 1722/5083/2054
f 1757/4843/1955 1519/4461/1819 1741/5084/2055
f 1168/4635/1408 1724/5085/1961 1731/4634/1882
f 1732/5086/2056 1583/4492/1837 1556/4552/1859
f 1664/4917/1986 1715/5087/2046 1712/5044/2040
f 1629/4816/1945 1712/5044/2040 1725/5088/2057
f 1629/4816/1945 1726/5089/2058 1672/4744/1916
f 1645/5090/1969 1693/5091/1970 1779/5092/2059
f 1671/4818/1947 1727/5093/2060 1707/5016/2028
f 1654/4898/1977 1727/5093/2060 1671/4818/1947
f 1586/4726/1911 1685/4957/2003 1718/5073/2051
f 1746/5018/2029 1709/5053/1987 1783/5094/2034
f 1632/5095/1950 1688/5096/1988 1728/5097/2035
f 1729/5098/2061 1720/4990/2014 1677/4986/1995
f 1694/4988/2013 1729/5098/2061 1677/4986/1995
f 1696/4958/2004 1632/4879/1950 1728/5099/2035
f 1721/4880/1973 1678/5100/1936 1730/5101/2062
f 1731/5102/1882 1724/5103/1961 1460/5104/1744
f 1393/4090/1668 1774/5105/2063 1460/4287/1744
f 1556/4636/1859 1563/4638/1874 1732/5106/2056
f 1658/4909/1981 1563/4638/1874 1541/4557/1682
f 1668/4757/1923 1642/4862/1967 1733/5107/2064
f 1661/5108/1983 1734/5109/2065 1715/5110/2046
f 1752/4951/1999 1715/5062/2046 1664/5111/1986
f 1613/4893/1929 1565/5070/1844 1735/5072/2052
f 1725/5088/2057 1726/5089/2058 1629/4816/1945
f 1693/5112/1970 1737/5113/2066 1736/3110/2067
f 1736/5114/2067 1779/5115/2059 1693/964/1970
f 1707/5116/2028 1737/5117/2066 1693/5118/1970
f 1622/4767/1885 1738/5119/2068 1685/4957/2003
f 1708/5017/1905 1709/5053/1987 1746/5018/2029
f 1747/5120/2069 1755/5121/2070 1674/5122/1948
f 1709/5053/1987 1714/5052/2043 1783/5094/2034
f 1633/4877/2071 1656/5020/2072 1832/5123/2073
f 1648/4651/1887 1739/5124/2074 1625/4802/1935
f 1648/4651/1887 1676/5125/1974 1740/5126/2075
f 1649/4971/1975 1696/5127/2004 1728/5025/2035
f 1514/5128/1835 1722/5129/2054 1667/5130/1954
f 1580/5131/1902 1723/5132/2015 1507/5133/1804
f 1519/5134/1819 1742/5135/2076 1741/5136/2055
f 1627/5137/1920 1742/5138/2076 1519/5139/1819
f 1775/5140/2077 1542/4416/1795 1618/4781/1932
f 1542/4416/1795 1775/5140/2077 1650/4782/1921
f 1748/4846/1957 1668/4757/1923 1743/5141/2078
f 1743/5141/2078 1668/4757/1923 1733/5107/2064
f 1759/5142/2039 1643/5143/1966 1644/5144/1968
f 1744/5145/2079 1662/4914/1984 1752/4951/1999
f 1745/5146/2080 1654/4898/1977 1746/5147/2029
f 1747/5148/2069 1674/5149/1948 1655/5150/1978
f 1730/5101/2062 1783/5024/2034 1721/4880/1973
f 1748/5151/1957 1749/5152/2081 1699/5153/2020
f 1640/4887/1964 1584/4701/1906 1750/5154/2037
f 1819/5155/2082 1806/5156/2038 1660/5157/1982
f 1751/5158/2083 1681/5159/1998 1682/5160/2010
f 1702/5161/2045 1700/4931/1991 1770/5162/2084
f 1752/5163/1999 1664/5164/1986 1811/5165/2085
f 1811/5166/2085 1664/4953/1986 1602/4743/1915
f 1753/5167/1985 1713/5168/2041 1794/5169/2086
f 1638/5048/1960 1716/5170/2027 1754/5171/2087
f 1577/4788/1927 1827/5172/2088 1670/5173/1992
f 1645/5090/1969 1779/5092/2059 1763/5174/2050
f 1755/5175/2070 1614/4938/1949 1674/4937/1948
f 1694/4988/2013 1756/5176/2089 1729/5098/2061
f 1657/5177/1930 1772/5178/2090 1666/5179/1990
f 1690/5180/2007 1757/5181/1955 1758/2798/2091
f 1697/5182/1980 1667/5130/1954 1580/5131/1902
f 1679/5056/1996 1698/4999/2016 1617/5030/1931
f 1680/5057/2044 1658/4909/1981 1500/4412/1793
f 1748/5151/1957 1743/5183/2078 1749/5152/2081
f 1584/4702/1906 1544/4563/1806 1750/5184/2037
f 1751/5158/2083 1682/5160/2010 1806/5185/2038
f 1662/4914/1984 1744/5145/2079 1885/4977/2009
f 1751/5158/2083 1790/5186/2092 1681/5159/1998
f 1702/5187/2045 1809/5188/2093 1759/5189/2039
f 1642/5190/1967 1643/5143/1966 1760/5191/2094
f 1681/5192/1998 1792/2538/2095 1661/5193/1983
f 1703/5043/2025 1761/5194/2096 1628/4815/1944
f 1628/4815/1944 1761/5194/2096 1713/5045/2041
f 1815/4981/2011 1762/5195/2097 1577/4788/1927
f 1735/5072/2052 1703/5009/2025 1613/4893/1929
f 1778/5196/2098 1763/5197/2050 1779/5198/2059
f 1706/4936/1994 1764/5199/2099 1771/4935/1993
f 1614/4938/1949 1755/5175/2070 1694/4988/2013
f 1656/5200/2032 1832/5201/2100 1765/5202/2030
f 1765/5203/2030 1766/5204/2101 1714/5205/2102
f 1766/5204/2101 1765/5203/2030 1832/5206/2100
f 1625/4802/1935 1822/5207/2103 1656/5054/1979
f 1625/4802/1935 1739/5124/2074 1822/5207/2103
f 1656/5054/1979 1892/5208/2104 1657/4835/1930
f 1590/4714/1908 1695/4925/1989 1730/5209/2062
f 1742/5138/2076 1627/5137/1920 1698/5210/2016
f 1732/5086/2056 1767/5211/1938 1583/4492/1837
f 1659/4911/1942 1768/5212/2105 1700/4931/1991
f 1691/4976/2008 1885/4977/2009 1805/5213/2106
f 1702/5187/2045 1770/5214/2084 1809/5188/2093
f 1611/5215/2107 1794/5216/2108 1684/5217/2109
f 1713/5045/2110 1794/5218/2108 1611/5219/2107
f 1577/4788/1927 1762/5195/2097 1827/5172/2088
f 1716/2910/2027 1670/5220/1992 1827/5221/2088
f 1736/5222/2067 1737/5223/2066 1779/5224/2111
f 1673/4956/2002 1738/5119/2068 1622/4767/1885
f 1656/5054/1979 1822/5207/2103 1892/5208/2104
f 1657/5225/1930 1892/5226/2104 1772/5227/2090
f 1689/4973/2006 1789/5228/2112 1676/4881/1974
f 1690/4974/2007 1773/5229/2113 1689/4973/2006
f 1757/4843/1955 1741/5084/2055 1758/5230/2091
f 1774/5231/2063 1731/5102/1882 1460/5104/1744
f 1775/5232/2077 1659/4890/1942 1650/4889/1921
f 1699/5153/2020 1749/5152/2081 1618/5233/1932
f 1699/5234/1962 1710/5235/2036 1669/5236/1963
f 1819/5237/2082 1660/5238/1982 1701/5239/2021
f 1733/5107/2064 1642/4862/1967 1776/5240/2114
f 1681/5159/1998 1790/5186/2092 1792/5241/2095
f 1661/5108/1983 1792/5242/2095 1734/5109/2065
f 1777/5243/2115 1715/5110/2046 1734/5109/2065
f 1735/5072/2052 1828/5244/2116 1703/5009/2025
f 1638/5048/1960 1754/5171/2087 1704/5046/2026
f 1778/5196/2117 1779/5198/2118 1736/5245/2119
f 1827/5246/2088 1754/5171/2087 1716/5170/2027
f 1771/5247/1993 1747/5248/2069 1655/5249/1978
f 1625/4802/2120 1739/5124/2121 1832/5250/2122
f 1739/5124/2074 1648/4651/1887 1740/5126/2075
f 1695/5078/1989 1719/5077/2053 1730/5251/2062
f 1772/5252/2090 1722/5253/2054 1666/5254/1990
f 1723/4998/2015 1785/5255/2123 1679/5056/1996
f 1393/4090/1668 1534/4609/1872 1774/5105/2063
f 1509/4615/1805 1780/5256/2124 1364/3958/1618
f 1700/4931/1991 1769/5257/2125 1770/5162/2084
f 1759/5142/2039 1760/5191/2094 1643/5143/1966
f 1713/5045/2041 1781/5258/2126 1794/5218/2086
f 1713/5045/2041 1761/5194/2096 1781/5258/2126
f 1712/5259/2127 1725/5260/2128 1782/5261/2129
f 1703/5043/2025 1828/5262/2116 1761/5194/2096
f 1704/5011/2026 1764/5199/2099 1706/4936/1994
f 1755/5263/2070 1756/5264/2089 1694/4918/2013
f 1746/5147/2029 1783/5265/2034 1784/5266/2130
f 1783/5265/2034 1799/5267/2131 1784/5266/2130
f 1739/5268/2074 1849/5269/2132 1822/2262/2103
f 1678/4804/1936 1590/4714/1908 1730/5209/2062
f 1786/5270/2133 1732/5106/2056 1658/4909/1981
f 1819/4946/2082 1701/5005/2021 1787/5271/2134
f 1794/5218/2086 1781/5258/2126 1915/5272/2135
f 1705/5012/2012 1717/5050/2042 1928/5273/2136
f 1784/5274/2137 1799/5275/2138 1766/5276/2139
f 1676/5125/1974 1789/5277/2112 1740/5126/2075
f 1509/4443/1805 1819/4946/1997 1780/5278/2124
f 1790/5279/2092 1791/5280/2140 1792/5281/2095
f 1793/5282/2141 1734/5109/2065 1792/5242/2095
f 1777/5283/2115 1712/5044/2040 1715/5087/2046
f 1602/4743/1915 1684/4955/2001 1788/5284/2142
f 1915/5285/2135 1753/5286/1985 1794/5287/2086
f 1725/5288/2057 1782/5289/2143 1811/5290/2085
f 1795/5291/2144 1791/5292/2145 1796/5293/2146
f 1778/5294/2098 1797/5295/2147 1763/5296/2050
f 1725/5297/2057 1798/5298/2148 1726/5299/2058
f 1763/5296/2050 1928/5273/2136 1717/5050/2042
f 1707/5016/2028 1727/5093/2060 1837/5300/2149
f 1726/5299/2058 1798/5298/2148 1672/5301/1916
f 1654/4898/1977 1745/5146/2080 1727/5093/2060
f 1783/5302/2034 1730/5303/2062 1799/5304/2131
f 1773/5229/2113 1801/5305/2150 1689/4973/2006
f 1667/5130/1954 1802/5306/2151 1580/5131/1902
f 1758/5230/2091 1741/5084/2055 1833/5307/2152
f 1742/5135/2076 1803/5308/2153 1741/5136/2055
f 1803/5309/2153 1698/5210/2016 1824/5310/2154
f 1698/4999/2016 1679/5056/1996 1785/5255/2123
f 1658/4909/1981 1680/5057/2044 1786/5270/2133
f 1658/4909/1981 1732/5106/2056 1563/4638/1874
f 1767/4807/1938 1581/4684/1873 1636/4845/1864
f 1659/5311/1942 1804/5312/2155 1768/5313/2105
f 1691/5004/2008 1805/5314/2106 1701/5005/2021
f 1806/5315/2038 1780/5278/2156 1751/5316/2083
f 1733/5107/2064 1776/5240/2114 1807/5317/2157
f 1769/5257/2125 1808/5318/2158 1770/5162/2084
f 1809/5319/2093 1810/5320/2159 1759/5321/2039
f 1791/5322/2140 1904/5323/2160 1792/5242/2095
f 1752/4951/1999 1811/5324/2085 1812/5325/2161
f 1915/5285/2135 1788/5326/2142 1753/5286/1985
f 1753/4915/1985 1788/5284/2142 1684/4955/2001
f 1838/5327/2162 1837/5300/2149 1727/5093/2060
f 1746/5147/2029 1784/5266/2130 1745/5146/2080
f 1784/5266/2130 1799/5267/2131 1893/5328/2163
f 1722/5129/2054 1802/5306/2151 1667/5130/1954
f 1758/5329/2091 1773/5330/2113 1690/5331/2007
f 1803/5309/2153 1742/5138/2076 1698/5210/2016
f 1640/5332/2164 1750/5333/2165 1879/5334/2166
f 1700/4931/1991 1768/5212/2105 1769/5257/2125
f 1813/5335/2167 1364/3958/1618 1780/5256/2124
f 1813/5336/2167 1819/4947/1997 1364/4949/1618
f 1733/5107/2064 1807/5317/2157 1743/5141/2078
f 1814/5337/2168 1791/5338/2140 1790/5186/2092
f 1888/5339/2169 1781/5258/2126 1761/5194/2096
f 1798/5298/2148 1725/5297/2057 1811/5340/2085
f 1762/5341/2097 1754/5342/2087 1827/5343/2088
f 1735/5344/2052 1718/5345/2051 1816/5346/2170
f 1737/5117/2066 1707/5116/2028 1817/5347/2171
f 1738/5119/2068 1673/4956/2002 1907/5348/2172
f 1818/3035/2173 1766/5349/2139 1893/5350/2174
f 1849/5351/2132 1739/5124/2074 1740/5126/2075
f 1689/4973/2006 1801/5305/2150 1883/5352/2175
f 653/5353/777 1863/5354/2176 1598/5355/1956
f 1834/5356/2177 1774/5105/2063 1534/4609/1872
f 1804/5357/2155 1659/4890/1942 1775/5232/2077
f 1806/5358/2038 1819/5359/2082 1787/5360/2134
f 1770/5214/2084 1808/5361/2158 1809/5188/2093
f 1759/5142/2039 1810/5362/2159 1760/5191/2094
f 1752/4951/1999 1812/5325/2161 1744/5145/2079
f 1735/5344/2052 1816/5346/2170 1882/5363/2178
f 1685/4957/2003 1820/5364/2179 1718/5073/2051
f 1821/5365/2180 1720/4990/2014 1729/5098/2061
f 1849/5366/2132 1818/5367/2181 1822/5368/2103
f 1730/5303/2062 1823/5369/2182 1799/5304/2131
f 1698/4999/2016 1785/5255/2123 1824/5370/2154
f 1775/5140/2077 1618/4781/1932 1804/5312/2155
f 1919/5371/2183 1911/5372/2184 1879/5373/2185
f 1701/5005/2021 1805/5314/2106 1825/5374/2186
f 1701/5005/2021 1825/5374/2186 1787/5271/2134
f 1761/5194/2096 1882/5375/2178 1888/5339/2169
f 1791/5376/2187 1826/5377/2188 1904/5378/2189
f 1791/5379/2190 1826/5380/2191 1795/5381/2192
f 1778/5382/2098 1779/5383/2111 1797/5384/2147
f 1735/5385/2052 1882/5386/2178 1828/5387/2116
f 1705/5012/2012 1928/5273/2136 1815/4981/2011
f 1779/5388/2111 1737/5117/2066 1797/5389/2147
f 1707/5116/2028 1837/5390/2149 1817/5347/2171
f 1672/4822/1916 1829/5391/2193 1673/4956/2002
f 1830/5392/2194 1685/4957/2003 1738/5119/2068
f 1771/5393/1993 1831/5394/2195 1747/5395/2069
f 1745/5146/2080 1784/5266/2130 1899/5396/2196
f 1832/5397/2122 1849/4903/2197 1818/5398/2198
f 1729/5098/2061 1756/5176/2089 1821/5365/2180
f 1774/5231/2063 1834/5399/2177 1731/5102/1882
f 1602/4743/1915 1835/5400/2199 1811/5166/2085
f 1712/5401/2040 1777/5243/2115 1782/5289/2143
f 1791/5376/2200 1836/5402/2201 1826/5377/2202
f 1837/5403/2203 1838/5404/2204 1795/5405/2205
f 1799/5267/2131 1839/5406/2206 1893/5328/2163
f 1893/5407/2207 1839/5408/2208 1818/5409/2181
f 1822/5368/2103 1818/5367/2181 1892/5410/2104
f 1799/5304/2131 1823/5369/2182 1839/5411/2206
f 1892/5412/2104 1839/5329/2209 1772/5413/2090
f 1581/4684/1873 1767/4807/1938 1840/5414/2210
f 1804/5312/2155 1618/4781/1932 1749/5415/2081
f 1911/5416/2184 1749/5417/2081 1743/5141/2078
f 1911/5416/2184 1743/5141/2078 1854/5418/2211
f 1780/5278/2156 1841/5419/2212 1751/5316/2083
f 1836/5402/2213 1874/5420/2214 1826/5377/2215
f 1718/5345/2051 1820/5421/2179 1816/5346/2170
f 1745/5146/2080 1838/5327/2162 1727/5093/2060
f 1771/4935/1993 1891/5422/2216 1831/5423/2195
f 1730/5303/2062 1719/5424/2053 1843/5425/2217
f 1740/5126/2075 1789/5277/2112 1844/5426/2218
f 1689/4973/2006 1883/5352/2175 1789/5228/2112
f 1722/5427/2054 1862/5428/2219 1802/5429/2151
f 1758/5430/2091 1845/5431/2220 1773/5432/2113
f 1802/5433/2151 1894/5434/2221 1846/5435/2222
f 1833/5436/2152 1741/5136/2055 1803/5308/2153
f 1723/5132/2015 1802/5306/2151 1785/5437/2123
f 1847/5438/2223 1732/5106/2056 1786/5270/2133
f 1911/5416/2184 1854/5418/2211 1879/5439/2185
f 1743/5141/2078 1807/5317/2157 1854/5418/2211
f 1761/5194/2096 1828/5262/2116 1882/5375/2178
f 1815/4981/2011 1928/5273/2136 1848/5440/2224
f 1829/5441/2193 1907/5442/2172 1673/5443/2002
f 1764/5199/2099 1891/5422/2216 1771/4935/1993
f 1745/5146/2080 1899/5396/2196 1842/5444/2225
f 1784/5266/2130 1893/5328/2163 1899/5396/2196
f 1800/5445/2226 1849/5446/2132 1740/1145/2075
f 1818/5447/2181 1839/5448/2208 1892/5208/2104
f 1860/4279/2227 1849/5449/2132 1800/5450/2226
f 1723/5132/2015 1580/5131/1902 1802/5306/2151
f 1863/5451/2176 653/1884/777 1876/5452/2228
f 1744/5145/2079 1851/5453/2229 1885/4977/2009
f 1814/5454/2168 1904/5455/2160 1791/5456/2140
f 1737/5457/2066 1852/5458/2230 1797/5459/2147
f 1704/5460/2026 1853/5461/2231 1764/5462/2099
f 1672/5301/1916 1798/5298/2148 1829/5463/2193
f 1747/5464/2069 1831/5465/2195 1755/5466/2070
f 1720/4990/2014 1821/5365/2180 1719/5424/2053
f 1850/5467/2232 1800/5468/2226 1740/5126/2075
f 1772/5469/2090 1862/5428/2219 1722/5427/2054
f 1758/5430/2091 1833/5470/2152 1845/5431/2220
f 1846/5471/2222 1785/5472/2123 1802/5473/2151
f 1534/4609/1872 1910/5474/2233 1834/5356/2177
f 1879/5475/2185 1854/5476/2211 1878/5477/2234
f 1819/4946/1997 1813/5478/2167 1780/5278/2124
f 1780/5278/2156 1806/5315/2038 1813/5478/2235
f 1751/5158/2083 1814/5337/2168 1790/5186/2092
f 1855/5479/2236 1857/5480/2237 1856/5481/2238
f 1811/4357/2085 1782/5482/2143 1812/5483/2161
f 1857/5480/2237 1852/5458/2230 1856/5481/2238
f 1602/4743/1915 1788/5284/2142 1835/5400/2199
f 1857/5484/2237 1858/5485/2239 1852/5486/2230
f 1811/5340/2085 1835/5487/2199 1798/5298/2148
f 1737/5457/2066 1859/5488/2240 1852/5458/2230
f 1815/5489/2011 1881/5490/2241 1762/5491/2097
f 1928/5273/2136 1948/5492/2242 1848/5440/2224
f 1818/5447/2243 1849/5351/2132 1860/5493/2227
f 1800/5468/2226 1850/5467/2232 1860/5493/2227
f 1823/5494/2182 1893/5495/2244 1839/5496/2206
f 1839/5497/2209 1861/5498/2245 1772/5499/2090
f 1846/5500/2222 1824/5501/2154 1785/5437/2123
f 1732/5086/2056 1847/5502/2223 1767/5211/1938
f 1767/4807/1938 1847/5438/2223 1840/5414/2210
f 1751/5158/2083 1864/5503/2246 1814/5337/2168
f 1642/5190/1967 1760/5191/2094 1776/5504/2114
f 1812/5325/2161 1865/5505/2247 1744/5145/2079
f 1855/5479/2236 1856/5481/2238 1776/5240/2114
f 1852/5486/2230 1858/5485/2239 1866/5506/2248
f 1836/5507/2213 1887/5508/2249 1874/5509/2214
f 1815/4981/2011 1848/5440/2224 1881/5510/2241
f 1867/5511/2250 1763/5296/2050 1797/5295/2147
f 1737/5457/2066 1817/5512/2171 1859/5488/2240
f 1873/5513/2251 1838/5327/2162 1842/5444/2225
f 1738/5119/2068 1907/5348/2172 1830/5392/2194
f 1818/5447/2243 1860/5493/2227 1893/5514/2252
f 1893/5515/2252 1892/1773/2253 1839/5516/2254
f 1846/5517/2222 1868/5518/2255 1824/5519/2154
f 1879/5475/2185 1878/5477/2256 1919/5520/2183
f 1780/5278/2156 1813/5478/2235 1841/5419/2212
f 1751/5316/2083 1841/5419/2212 1870/5521/2257
f 1885/5522/2009 1825/5523/2186 1805/5524/2106
f 1809/5319/2093 1871/5525/2258 1810/5320/2159
f 1793/5282/2141 1777/5243/2115 1734/5109/2065
f 1888/5526/2169 1882/5527/2178 1872/5528/2259
f 1820/5529/2179 1872/5530/2259 1816/5531/2170
f 1837/5390/2149 1838/5532/2162 1873/5533/2251
f 1860/5534/2227 1892/5535/2253 1893/5536/2252
f 1850/5467/2232 1740/5126/2075 1875/5537/2260
f 1861/5498/2245 1862/5538/2219 1772/5499/2090
f 1801/5539/2150 1773/5540/2113 1845/5541/2220
f 1862/5538/2219 1894/5542/2221 1802/5306/2151
f 1869/5543/2261 1786/5270/2133 1680/5057/2044
f 1878/5544/2256 1750/5545/2165 1879/5546/2262
f 1904/5323/2160 1793/5282/2141 1792/5242/2095
f 1880/5547/2263 1782/5289/2143 1777/5243/2115
f 1762/5548/2097 1881/5549/2241 1754/5550/2087
f 1816/1411/2170 1872/5551/2259 1882/5552/2178
f 1704/5460/2026 1754/5553/2087 1853/5461/2231
f 1685/4831/2003 1830/5554/2194 1890/5555/2264
f 1838/5327/2162 1745/5146/2080 1842/5444/2225
f 1829/5463/2193 1906/5556/2265 1907/5557/2172
f 1944/5558/2266 1823/5369/2182 1730/5303/2062
f 1740/5126/2075 1844/5426/2218 1875/5537/2260
f 1883/5559/2175 1844/5426/2218 1789/5277/2112
f 1749/5415/2081 1884/5560/2267 1804/5312/2155
f 1885/5078/2009 1851/5561/2229 1825/5562/2186
f 1871/5525/2258 1809/5319/2093 1808/5318/2158
f 1760/5563/2094 1855/5479/2236 1776/5240/2114
f 1760/5191/2094 1810/5362/2159 1958/5564/2268
f 1776/5240/2114 1856/5481/2238 1886/5565/2269
f 1836/5566/2213 1826/5567/2215 1887/5568/2249
f 1888/5569/2169 1872/5570/2259 1781/5571/2126
f 1852/5486/2230 1866/5506/2248 1867/5572/2250
f 1852/5486/2230 1867/5572/2250 1797/5573/2147
f 1872/5570/2259 1820/5421/2179 1889/5574/2270
f 1887/5575/2271 1817/5576/2171 1874/5577/2272
f 1874/5578/2272 1817/5347/2171 1837/5390/2149
f 1685/5579/2003 1890/5580/2264 1820/5421/2179
f 1839/5448/2273 1892/5208/2253 1860/5493/2227
f 1843/5425/2217 1944/5558/2266 1730/5303/2062
f 1893/5407/2244 1944/5581/2266 1839/5408/2209
f 1894/5582/2221 1868/5583/2255 1846/5584/2222
f 1731/4634/1882 1985/5585/2274 653/1884/777
f 1938/5586/2275 1787/5271/2134 1825/5374/2186
f 1870/5587/2257 1864/5503/2246 1751/5158/2083
f 1808/5318/2158 1895/5588/2276 1871/5525/2258
f 1744/5145/2079 1865/5505/2247 1962/5589/2277
f 1807/5317/2157 1776/5240/2114 1886/5565/2269
f 1855/5590/2236 1896/5591/2278 1857/5484/2237
f 1915/5272/2135 1926/5592/2279 1788/5284/2142
f 1872/5570/2259 1889/5574/2270 1926/5593/2279
f 1798/5298/2148 1935/5594/2280 1829/5463/2193
f 1867/5511/2250 1928/5273/2136 1763/5296/2050
f 1874/5578/2272 1837/5390/2149 1897/5595/2281
f 1899/5396/2196 1898/5596/2282 1842/5444/2225
f 1891/5597/2216 1755/5175/2070 1831/5598/2195
f 1893/5599/2163 1898/5600/2282 1899/5601/2196
f 1893/5599/2163 1917/5602/2283 1898/5600/2282
f 1823/5369/2182 1944/5558/2266 1893/5599/2244
f 1803/5603/2153 1824/5604/2154 1900/5605/2284
f 1581/4684/1873 1877/5606/2285 1534/4609/1872
f 1901/5607/2286 1902/5608/2287 1768/5313/2105
f 1903/5609/2288 1825/5562/2186 1851/5561/2229
f 1769/5257/2125 1895/5588/2276 1808/5318/2158
f 1855/5610/2236 1760/5191/2094 1958/5564/2268
f 1904/5611/2160 1814/5337/2168 1905/5612/2289
f 1852/5458/2230 1859/5488/2240 1886/5565/2269
f 1826/5613/2215 1874/5614/2214 1887/5615/2249
f 1754/5616/2087 1881/5510/2241 1980/5617/2290
f 1873/5533/2251 1971/5618/2291 1837/5390/2149
f 1837/5390/2149 1971/5618/2291 1897/5595/2281
f 1907/5348/2172 1906/5619/2265 1830/5392/2194
f 1756/5176/2089 1755/5175/2070 1929/5620/2292
f 1821/5365/2180 1756/5176/2089 1929/5620/2292
f 1598/4844/1956 1863/5621/2176 1680/5057/2044
f 1834/5399/2177 1910/5622/2233 1731/5102/1882
f 1534/4609/1872 1877/5606/2285 1910/5474/2233
f 1804/5312/2155 1901/5607/2286 1768/5313/2105
f 1749/5417/2081 1911/5416/2184 1919/5623/2293
f 1911/5416/2294 1878/5624/2295 1919/5623/2296
f 1768/5625/2105 1902/5626/2287 1769/5627/2125
f 1903/1196/2288 1986/5628/2297 1825/5629/2186
f 1787/5271/2134 1912/5630/2298 1806/5315/2038
f 1807/5317/2157 1913/5631/2299 1854/5418/2211
f 1904/5323/2160 1914/5632/2300 1793/5282/2141
f 1852/5458/2230 1886/5565/2269 1856/5481/2238
f 1915/5633/2135 1781/5634/2126 1926/5635/2279
f 1859/5488/2240 1916/5636/2301 1886/5565/2269
f 1898/5596/2282 1908/5637/2302 1842/5444/2225
f 1821/5365/2180 1994/5638/2303 1719/5424/2053
f 1893/5515/2163 1839/5516/2273 1917/5639/2283
f 1860/5493/2227 1917/5640/2283 1839/5448/2273
f 1932/5641/2304 1801/5642/2150 1845/5431/2220
f 653/1884/777 1918/5643/2305 1876/5452/2228
f 1919/5644/2293 1884/5560/2267 1749/5415/2081
f 1878/5624/2234 1854/5418/2211 1913/5631/2299
f 1807/5317/2157 1886/5565/2269 1992/5645/2306
f 1782/5289/2143 1921/5646/2307 1812/5647/2161
f 1788/5284/2142 1926/5592/2279 1835/5400/2199
f 1926/5648/2279 1935/5649/2280 1835/5650/2199
f 1781/5571/2126 1872/5570/2259 1926/5593/2279
f 1859/5488/2240 1887/5651/2308 1916/5636/2301
f 1859/5488/2240 1922/5652/2309 1887/5651/2308
f 1817/5653/2171 1922/5654/2309 1859/5655/2240
f 1889/5574/2270 1820/5421/2179 1890/5580/2264
f 1754/5553/2087 1980/5656/2290 1853/5461/2231
f 1719/5424/2053 1923/5657/2310 1843/5425/2217
f 1839/5408/2209 1944/5581/2266 1861/5658/2245
f 1883/5659/2175 1801/5642/2150 1932/5641/2304
f 1894/5542/2221 1862/5538/2219 1925/5660/2311
f 653/1884/777 1985/5585/2274 1918/5643/2305
f 1581/4684/1873 1840/5414/2210 1877/5606/2285
f 1744/5145/2079 1962/5589/2277 1851/5453/2229
f 1904/5323/2160 1905/5661/2289 1914/5632/2300
f 1857/5484/2237 1896/5591/2278 1858/5485/2239
f 1858/5485/2239 1927/5662/2312 1866/5506/2248
f 1835/5487/2199 1935/5594/2280 1798/5298/2148
f 1887/5663/2313 1874/5578/2272 1976/5664/2314
f 1928/5665/2136 1867/3087/2250 1948/5666/2242
f 1887/5667/2271 1922/5177/2309 1817/5668/2171
f 1873/5513/2251 1842/5444/2225 1942/5669/2315
f 1764/5462/2099 1853/5461/2231 1891/5670/2216
f 1755/5175/2070 1891/5597/2216 1929/5620/2292
f 1944/5581/2266 1955/5671/2316 1861/5658/2245
f 1844/5426/2218 1924/5672/2317 1875/5537/2260
f 1883/5659/2175 1932/5641/2304 1844/5673/2218
f 1845/5431/2220 1931/5674/2318 1932/5641/2304
f 1803/5308/2153 1900/5675/2284 1833/5436/2152
f 1804/5312/2155 1884/5560/2267 1901/5607/2286
f 1807/5317/2157 1992/5645/2306 1870/5676/2257
f 1864/5503/2246 1905/5612/2289 1814/5337/2168
f 1793/5282/2141 1920/5677/2319 1777/5243/2115
f 1976/3386/2314 1922/5678/2320 1887/5679/2313
f 1976/5664/2314 1874/5578/2272 1897/5595/2281
f 1923/5657/2310 1719/5424/2053 1994/5638/2303
f 1875/5537/2260 1933/5680/2321 1850/5467/2232
f 1824/5519/2154 1868/5518/2255 1974/5681/2322
f 1919/5644/2293 1878/5682/2234 1934/5683/2323
f 1806/5315/2038 1912/5630/2298 1813/5478/2235
f 1992/5684/2306 1864/5503/2246 1870/5587/2257
f 1935/5685/2280 1926/5686/2279 1889/5687/2270
f 1850/5467/2232 1936/5688/2324 1860/5493/2227
f 1983/5689/2325 1894/5542/2221 1925/5660/2311
f 1824/5519/2154 1974/5681/2322 1900/5690/2284
f 1957/5691/2326 1731/5102/1882 1910/5622/2233
f 1937/5692/2327 1847/5438/2223 1786/5270/2133
f 1938/113/2275 1825/5693/2186 1986/5694/2297
f 1958/5564/2268 1896/5695/2278 1855/5610/2236
f 1987/5696/2328 1886/5565/2269 1916/5636/2301
f 1939/5697/2329 1976/5664/2314 1897/5595/2330
f 1971/5618/2291 1873/5698/2251 1940/5699/2331
f 1862/5538/2219 1861/5498/2245 1925/5660/2311
f 1941/5700/2332 1869/5543/2261 1680/5057/2044
f 1963/5701/2333 1810/5362/2159 1871/5702/2258
f 1887/5703/2308 1947/3032/2334 1916/5704/2301
f 1889/5705/2270 1954/5706/2335 1935/5707/2280
f 1976/5664/2314 1947/5708/2334 1922/5709/2320
f 1970/5710/2336 1897/4572/2281 1971/5711/2291
f 1873/5698/2251 1942/5712/2315 1940/5699/2331
f 1890/5580/2264 1830/5713/2194 1906/5714/2265
f 1943/5715/2337 1917/5602/2283 1944/5558/2266
f 1917/5640/2283 1860/5493/2227 1936/5688/2324
f 1917/5716/2283 1955/5717/2316 1944/5718/2266
f 1861/5498/2245 1945/5719/2338 1925/5660/2311
f 1833/5436/2152 1900/5675/2284 1909/5720/2339
f 1786/5270/2133 1869/5543/2261 1991/5721/2340
f 1884/5560/2267 1919/5644/2293 1934/5683/2323
f 1787/5271/2134 1938/5586/2275 1912/5630/2298
f 1807/5317/2157 1870/5676/2257 1967/5722/2341
f 1851/5561/2229 1962/5723/2277 2025/5724/2342
f 1810/5362/2159 1946/5725/2343 1958/5564/2268
f 1793/5282/2141 1914/5632/2300 1920/5677/2319
f 1880/5547/2263 1921/5646/2307 1782/5289/2143
f 1922/5726/2320 1947/5727/2334 1887/5728/2308
f 1970/5710/2336 1971/5711/2291 1968/5729/2344
f 1948/5730/2242 1867/5731/2250 1866/5732/2248
f 2014/5733/2345 1994/5638/2303 1821/5365/2180
f 1843/5425/2217 1943/5715/2337 1944/5558/2266
f 1875/5537/2260 1924/5672/2317 1933/5680/2321
f 1845/5431/2220 1833/5470/2152 1931/5674/2318
f 1813/5478/2235 1912/5630/2298 1949/5734/2346
f 1938/5586/2275 1950/5735/2347 1912/5630/2298
f 1886/5736/2269 2009/5737/2348 1992/353/2306
f 1865/5738/2247 1812/5647/2161 1951/5739/2349
f 1958/5564/2268 1952/5740/2350 1896/5695/2278
f 1976/5664/2314 1939/5697/2329 1953/5741/2351
f 1889/5574/2270 1890/5580/2264 1954/5742/2335
f 1954/5742/2335 1890/5580/2264 1906/5714/2265
f 1829/5463/2193 1954/5743/2335 1906/5556/2265
f 1923/5657/2310 1930/5744/2352 1843/5425/2217
f 1929/5620/2292 2014/5733/2345 1821/5365/2180
f 1917/5716/2283 1936/5745/2324 1955/5717/2316
f 1844/5426/2218 1956/5746/2353 1924/5672/2317
f 1861/5498/2245 1955/5747/2316 1945/5719/2338
f 1844/5673/2218 1932/5641/2304 1956/5748/2353
f 1680/5057/2044 1863/5621/2176 1941/5700/2332
f 1877/5606/2285 1957/5749/2326 1910/5474/2233
f 1878/5682/2234 1913/5750/2299 1934/5683/2323
f 1895/5588/2276 1963/5751/2333 1871/5525/2258
f 1946/5752/2343 1952/5753/2350 1958/5754/2268
f 1968/5755/2354 1970/5756/2355 1959/5757/2356
f 1881/5510/2241 1848/5440/2224 1980/5617/2290
f 1866/5758/2248 1960/5759/2357 1948/5760/2242
f 1898/1310/2282 1917/5761/2283 1943/5762/2337
f 1894/5542/2221 1983/5689/2325 1868/5763/2255
f 1833/5436/2152 1909/5720/2339 1931/5764/2318
f 2030/5765/2358 1847/5438/2223 1937/5692/2327
f 1901/5607/2286 2035/5766/2359 1902/5608/2287
f 1807/5317/2157 1967/5722/2341 1913/5631/2299
f 1864/5767/2246 1992/5768/2306 1993/5769/2360
f 1962/5770/2277 1865/5771/2247 1951/5772/2349
f 1886/5773/2269 1997/5774/2361 2037/5775/2362
f 1880/5547/2263 1777/5243/2115 1964/5776/2363
f 1920/5677/2319 1964/5776/2363 1777/5243/2115
f 1916/5704/2301 1947/3032/2334 1987/5777/2328
f 1947/5708/2334 1976/5664/2314 1953/5741/2351
f 1842/5444/2225 2012/5778/2364 1942/5669/2315
f 1853/5461/2231 1965/5779/2365 1891/5670/2216
f 1891/5597/2216 1961/5780/2366 1929/5620/2292
f 1936/5688/2324 1850/5467/2232 1966/5781/2367
f 1918/5643/2305 1985/5585/2274 1984/5782/2368
f 1863/5783/2176 1876/5784/2228 1941/5785/2332
f 1840/5414/2210 1847/5438/2223 2034/5786/2369
f 1912/5630/2298 1950/5735/2347 1949/5734/2346
f 1903/5609/2288 1851/5561/2229 2025/5724/2342
f 2009/5737/2348 1886/5736/2269 2037/5787/2362
f 1963/5701/2333 1946/5725/2343 1810/5362/2159
f 1968/5788/2344 1969/5789/2370 1970/5790/2371
f 1968/5791/2344 1971/5792/2291 1969/5793/2370
f 1940/5699/2331 1972/5794/2372 1971/5618/2291
f 1935/5594/2280 1954/5743/2335 1829/5463/2193
f 1948/5492/2242 1973/5795/2373 1848/5440/2224
f 1974/5796/2322 1983/5797/2325 1900/5798/2284
f 1840/5414/2210 2034/5786/2369 1877/5606/2285
f 1902/5799/2287 1975/5800/2374 1769/5801/2125
f 1769/5801/2125 1975/5800/2374 1895/5802/2276
f 1864/5803/2246 1993/5804/2360 1905/5805/2289
f 1886/5773/2269 1987/5806/2328 1997/5774/2361
f 1970/5807/2375 1897/5808/2376 1976/5809/2377
f 1897/5808/2330 1970/5807/2371 1969/5810/2370
f 1948/5492/2242 1960/5811/2357 1973/5795/2373
f 1853/5461/2231 1980/5656/2290 1981/5812/2378
f 1908/5637/2302 2012/5778/2364 1842/5444/2225
f 1943/5715/2337 1977/5813/2379 1898/5600/2282
f 1955/502/2316 1936/5814/2324 2007/5815/2380
f 2034/5786/2369 1847/5438/2223 2030/5765/2358
f 1938/5586/2275 2003/5816/2381 1950/5735/2347
f 1813/5478/2235 1949/5734/2346 1841/5419/2212
f 1870/5521/2257 1841/5419/2212 1967/5817/2341
f 1987/5818/2382 1996/5819/2383 1988/5820/2384
f 1896/5591/2278 1952/5821/2350 1858/5485/2239
f 1858/5485/2239 1952/5821/2350 1927/5662/2312
f 1942/5669/2315 2039/5822/2385 1979/5823/2386
f 1980/5824/2290 1848/4303/2224 1981/5825/2378
f 1850/5467/2232 1933/5680/2321 1966/5781/2367
f 1900/5826/2284 1983/5827/2325 1925/5828/2311
f 1868/5763/2255 1983/5689/2325 1974/5829/2322
f 1957/5830/2326 1985/5585/2274 1731/4634/1882
f 1877/3685/2285 1985/5831/2274 1957/5832/2326
f 1986/5833/2297 2003/465/2381 1938/3342/2275
f 2009/5834/2348 1988/5454/2384 1992/5835/2306
f 1921/5646/2307 1951/5739/2349 1812/5647/2161
f 1987/5836/2382 1988/5837/2384 2009/5838/2348
f 1947/5839/2334 2026/5840/2387 1987/5841/2328
f 1897/5595/2330 1969/5842/2370 1939/5697/2329
f 1942/5669/2315 1979/5823/2386 1940/5843/2331
f 2039/5822/2385 1942/5669/2315 1982/5844/2388
f 1942/5669/2315 2012/5778/2364 1982/5844/2388
f 1936/5688/2324 1966/5781/2367 1989/5845/2389
f 1930/5744/2352 1990/5846/2390 1843/5425/2217
f 2001/5847/2391 1909/3037/2339 1900/5848/2284
f 1909/5720/2339 2017/5849/2392 1931/5764/2318
f 2018/5850/2393 1786/5851/2133 1991/5852/2340
f 1992/5853/2306 2031/5854/2394 1993/5855/2360
f 1992/5853/2306 1988/5856/2384 2031/5854/2394
f 1914/5632/2300 2036/5857/2395 1920/5677/2319
f 1880/5547/2263 1964/5776/2363 2010/5858/2396
f 1979/5859/2386 1972/5860/2372 1940/493/2331
f 2023/5861/2397 1960/5862/2357 1866/5506/2248
f 1981/5812/2378 1848/5863/2224 1973/5864/2373
f 1994/5865/2303 2011/5866/2398 1923/5867/2310
f 1923/5657/2310 2013/5868/2399 1930/5744/2352
f 1955/5747/2316 2000/5869/2400 1945/5719/2338
f 2034/5786/2369 2033/5870/2401 1877/5606/2285
f 2036/5857/2395 1914/5632/2300 1905/5661/2289
f 1921/5646/2307 1880/5547/2263 1995/5871/2402
f 1996/5872/2403 1987/5873/2404 1997/5874/2405
f 1998/5875/2406 1953/5741/2351 1939/5697/2329
f 1999/5876/2407 1981/5812/2378 1973/5864/2373
f 1961/5877/2366 1891/5670/2216 1965/5779/2365
f 2006/5878/2408 2045/5879/2409 1929/5620/2292
f 1908/5880/2302 1898/5600/2282 1977/5813/2379
f 1990/5846/2390 1943/5715/2337 1843/5425/2217
f 2000/5869/2400 1925/5660/2311 1945/5719/2338
f 1931/5881/2318 2016/5882/2410 1932/5883/2304
f 1900/5884/2284 1925/5660/2311 2001/5885/2391
f 1984/5886/2368 1985/4353/2274 1877/5887/2285
f 2035/5888/2359 2002/5889/2411 1902/5890/2287
f 1902/5890/2287 2002/5889/2411 1975/5891/2374
f 1934/5683/2323 1913/5750/2299 1978/5892/2412
f 1986/5893/2297 1903/5609/2288 2003/5894/2381
f 2004/5895/2413 1905/5805/2289 1993/5804/2360
f 1996/5819/2383 1987/5818/2382 2009/5896/2348
f 1951/5739/2349 1921/5646/2307 1995/5871/2402
f 1927/5662/2312 2023/5861/2397 1866/5506/2248
f 2005/5897/2414 1998/4591/2415 1939/5898/2416
f 1965/5779/2365 2006/5899/2408 1929/5900/2292
f 1929/3330/2292 1961/5901/2366 1965/5902/2365
f 1936/5688/2324 1989/5845/2389 2007/5903/2380
f 1924/5672/2317 1956/5746/2353 1933/5680/2321
f 1932/5641/2304 2016/5904/2410 1956/5748/2353
f 1895/5802/2276 2008/5905/2417 1963/5906/2333
f 2009/5907/2348 2037/5908/2362 1996/5909/2383
f 1995/5871/2402 1880/5547/2263 2010/5858/2396
f 1973/5910/2373 1960/5911/2357 2011/5866/2398
f 1853/5461/2231 1981/5812/2378 1965/5779/2365
f 2011/5866/2398 2027/5912/2418 1973/5910/2373
f 1977/5813/2379 2012/5913/2364 1908/5880/2302
f 2011/5914/2398 2013/5915/2399 1923/5916/2310
f 1929/5917/2292 2045/5918/2409 2014/5919/2345
f 1933/5680/2321 1956/5746/2353 2015/5920/2419
f 1956/5921/2353 2016/3324/2410 1931/5922/2318
f 2017/5923/2392 1909/5924/2339 2001/5885/2391
f 1876/5925/2228 1869/5543/2261 1941/5700/2332
f 2018/5926/2393 1937/5692/2327 1786/5270/2133
f 1877/5887/2285 2033/5927/2401 1984/5886/2368
f 1950/5735/2347 2019/5928/2420 1949/5734/2346
f 1913/5750/2299 1967/5929/2341 2048/5930/2421
f 1947/5839/2334 1953/5931/2351 2026/5840/2387
f 1971/5618/2291 1972/5794/2372 1969/5842/2370
f 2007/5932/2380 1989/5933/2389 1955/5747/2316
f 2000/5869/2400 2001/5885/2391 1925/5660/2311
f 1918/5643/2305 1984/5782/2368 2047/5934/2422
f 1913/5750/2299 2048/5930/2421 1978/5892/2412
f 1975/5800/2374 2020/5935/2423 1895/5802/2276
f 1962/5770/2277 1951/5772/2349 2021/5936/2424
f 2008/5905/2417 1946/5937/2343 1963/5938/2333
f 1920/5677/2319 2022/5939/2425 1964/5776/2363
f 2024/5940/2426 1977/5813/2379 1943/5715/2337
f 1943/5715/2337 1990/5846/2390 2024/5940/2426
f 2015/5941/2419 1966/5942/2367 1933/5943/2321
f 2015/5944/2419 1956/5748/2353 2017/5945/2392
f 1956/5748/2353 1931/5674/2318 2017/5945/2392
f 1869/5543/2261 1876/5925/2228 1991/5721/2340
f 1841/5946/2212 2004/5895/2413 1967/5947/2341
f 1967/5947/2341 2004/5895/2413 1993/5804/2360
f 1962/5770/2277 2021/5936/2424 2025/5948/2342
f 1987/5873/2328 2026/4144/2387 1997/5874/2361
f 1973/5864/2373 2027/5949/2418 1999/5876/2407
f 1982/5950/2388 2012/5951/2364 2028/5952/2427
f 2045/5918/2409 1994/5953/2303 2014/5919/2345
f 1989/5933/2389 2029/5954/2428 1955/5747/2316
f 2029/5954/2428 2000/5869/2400 1955/5747/2316
f 2035/5766/2359 1901/5607/2286 1884/5560/2267
f 2060/5955/2429 1841/5419/2212 1949/5734/2346
f 1982/5950/2388 2042/5956/2430 2039/5957/2385
f 2027/5912/2418 2011/5866/2398 1994/5865/2303
f 1966/5781/2367 2029/5958/2428 1989/5845/2389
f 1876/2470/2228 2018/5850/2393 1991/5852/2340
f 1884/5560/2267 1934/5683/2323 1978/5892/2412
f 1967/5959/2341 1993/5960/2360 2031/5961/2394
f 1988/5820/2384 1996/5819/2383 2040/5962/2431
f 2022/5939/2425 2010/5858/2396 1964/5776/2363
f 2088/5963/2432 2071/5964/2433 1927/5662/2312
f 1981/5812/2378 1999/5876/2407 1965/5779/2365
f 2011/3169/2398 2059/5965/2434 2013/5966/2399
f 2015/5967/2419 2001/5885/2391 2000/5869/2400
f 1918/5643/2305 2053/5968/2435 1876/5452/2228
f 2018/5926/2393 2053/5969/2435 1937/5692/2327
f 1984/5970/2368 2033/5971/2401 2034/5972/2369
f 2035/5973/2359 2043/5974/2436 2002/5975/2411
f 1949/5734/2346 2019/5928/2420 2060/5955/2429
f 2020/5935/2423 2008/5905/2417 1895/5802/2276
f 1905/5805/2289 2004/5895/2413 2036/5976/2395
f 1996/5977/2383 2037/5978/2362 2038/5979/2437
f 1997/5774/2361 2026/5980/2387 2057/5981/2438
f 1939/5697/2329 1972/5794/2372 1998/5875/2406
f 1969/5842/2370 1972/5794/2372 1939/5697/2329
f 1960/5982/2357 2032/5983/2439 2011/5984/2398
f 2011/5985/2398 2032/5986/2439 2059/5987/2434
f 1999/5876/2407 2027/5949/2418 2045/5918/2409
f 2053/5969/2435 2018/5926/2393 1876/5925/2228
f 2034/5988/2369 1918/5989/2305 2047/5990/2422
f 1918/5989/2305 2034/5988/2369 2030/4097/2358
f 1918/5991/2305 2030/5992/2358 1937/5993/2327
f 2052/5994/2440 1952/5740/2350 1946/5725/2343
f 1997/5774/2361 2057/5981/2438 2037/5775/2362
f 1927/5662/2312 1952/5821/2350 2052/5995/2440
f 1953/5931/2351 2090/5996/2441 2026/5840/2387
f 1927/5662/2312 2071/5964/2433 2023/5861/2397
f 1979/5997/2386 2039/5998/2385 1972/3834/2372
f 2045/5918/2409 2027/5949/2418 1994/5953/2303
f 1966/5942/2367 2015/5941/2419 2029/5999/2428
f 2002/5975/2411 2043/5974/2436 1975/5800/2374
f 1903/5609/2288 2025/5724/2342 2003/5894/2381
f 1988/6000/2384 2040/6001/2431 2031/5961/2394
f 2038/6002/2437 2040/5962/2431 1996/5819/2383
f 1927/6003/2312 2052/6004/2440 2088/6005/2432
f 2039/6006/2385 2041/6007/2442 1972/5794/2372
f 2039/6006/2385 2042/6008/2430 2041/6007/2442
f 1965/5779/2365 1999/5876/2407 2006/5899/2408
f 2015/6009/2419 2000/6010/2400 2029/6011/2428
f 2015/5967/2419 2017/5923/2392 2001/5885/2391
f 1884/5560/2267 2043/6012/2436 2035/5766/2359
f 1950/5735/2347 2003/5816/2381 2044/6013/2443
f 2003/5894/2381 2025/5724/2342 2058/6014/2444
f 2045/6015/2409 2006/6016/2408 1999/6017/2407
f 2034/5972/2369 2047/3551/2422 1984/5970/2368
f 1884/5560/2267 1978/5892/2412 2069/6018/2445
f 1975/5800/2374 2043/5974/2436 2020/5935/2423
f 1967/5959/2341 2031/5961/2394 2048/6019/2421
f 2057/5981/2438 2038/3930/2437 2037/5775/2362
f 1982/5950/2388 2028/5952/2427 2042/5956/2430
f 2050/6020/2446 2019/5928/2420 1950/5735/2347
f 2031/5961/2394 2040/6001/2431 2049/6021/2447
f 2022/5939/2425 1920/5677/2319 2036/5857/2395
f 2080/6022/2448 2010/5858/2396 2022/5939/2425
f 1953/5741/2351 1998/5875/2406 2090/6023/2441
f 1998/5875/2406 1972/5794/2372 2091/6024/2449
f 2032/6025/2439 1960/6026/2357 2023/6027/2397
f 2053/6028/2435 1918/5991/2305 1937/5993/2327
f 2043/5974/2436 1884/6029/2267 2054/6030/2450
f 1841/5946/2212 2055/6031/2451 2004/5895/2413
f 2004/6032/2413 2073/6033/2452 2036/6034/2395
f 2038/6002/2437 2056/6035/2453 2040/5962/2431
f 2057/6036/2438 2051/6037/2454 2038/6038/2437
f 2026/6039/2387 2090/6040/2441 2093/6041/2455
f 2028/6042/2427 2012/5913/2364 1977/5813/2379
f 1977/6043/2379 2046/6044/2456 2028/6045/2427
f 2043/5974/2436 2054/6030/2450 2020/5935/2423
f 1950/5735/2347 2044/6013/2443 2050/6020/2446
f 2003/6046/2381 2058/6047/2444 2044/6048/2443
f 2060/6049/2429 2055/6031/2451 1841/5946/2212
f 1995/6050/2402 2010/6051/2396 2074/6052/2457
f 1930/6053/2352 2013/6054/2399 2068/6055/2458
f 2024/5940/2426 2046/6056/2456 1977/5813/2379
f 2064/6057/2459 1978/5892/2412 2048/5930/2421
f 2021/5936/2424 2058/6047/2444 2025/5948/2342
f 1946/5937/2343 2008/5905/2417 2061/6058/2460
f 1946/5937/2343 2061/6058/2460 2052/6059/2440
f 1995/6050/2402 2021/5936/2424 1951/5772/2349
f 2040/6001/2431 2056/6060/2453 2049/6021/2447
f 2026/6039/2387 2093/6041/2455 2057/6061/2438
f 2090/6023/2441 1998/5875/2406 2091/6024/2449
f 2061/6058/2460 2008/5905/2417 2020/5935/2423
f 2089/6062/2461 2088/6005/2432 2052/6004/2440
f 2071/6063/2433 2070/6064/2462 2023/6065/2397
f 2091/6024/2449 1972/5794/2372 2041/6007/2442
f 2028/5952/2427 2046/6066/2456 2062/6067/2463
f 2019/5928/2420 2063/6068/2464 2060/5955/2429
f 2048/6019/2421 2031/5961/2394 2064/6069/2459
f 2021/5936/2424 2065/6070/2465 2058/6047/2444
f 2021/5936/2424 1995/6050/2402 2065/6070/2465
f 2066/6071/2466 2056/6035/2453 2038/6002/2437
f 2028/5952/2427 2067/6072/2467 2042/5956/2430
f 2068/6073/2458 2085/6074/2468 1930/5744/2352
f 2068/6075/2458 2013/6076/2399 2059/6077/2434
f 2069/6078/2445 2054/6030/2450 1884/6029/2267
f 2061/6058/2460 2066/6079/2466 2052/6059/2440
f 2066/6080/2466 2038/6081/2437 2052/6082/2440
f 2081/6083/2469 2070/3480/2462 2071/6084/2433
f 2049/6021/2447 2064/6069/2459 2031/5961/2394
f 2004/5895/2413 2055/6031/2451 2073/6085/2452
f 2052/6004/2440 2038/6086/2437 2089/6062/2461
f 2042/5956/2430 2067/6072/2467 2041/6087/2442
f 2032/5983/2439 2072/6088/2470 2059/6089/2434
f 2064/6069/2459 2082/6090/2471 1978/6091/2412
f 2020/5935/2423 2054/6030/2450 2061/6058/2460
f 2076/6092/2472 2022/6093/2425 2036/5976/2395
f 2072/6094/2470 2084/6095/2473 2075/6096/2474
f 2084/6095/2473 2077/6097/2475 2078/6098/2476
f 2078/6098/2476 2024/6099/2426 1990/6100/2390
f 2085/6074/2468 1990/5846/2390 1930/5744/2352
f 2076/6092/2472 2073/6085/2452 2055/6031/2451
f 2076/6101/2472 2036/6102/2395 2073/6103/2452
f 1995/6050/2402 2074/6052/2457 2065/6070/2465
f 2038/6086/2437 2051/6104/2454 2089/6062/2461
f 2074/6052/2457 2010/6105/2396 2080/6106/2448
f 2088/5963/2432 2081/6107/2469 2071/5964/2433
f 2093/6041/2455 2090/6040/2441 2084/6108/2473
f 2023/6065/2397 2070/6064/2462 2032/5983/2439
f 2032/5983/2439 2070/6064/2462 2072/6088/2470
f 2059/6109/2434 2072/6110/2470 2068/6111/2458
f 2024/5940/2426 2079/6112/2477 2046/6056/2456
f 2050/6020/2446 2063/6068/2464 2019/5928/2420
f 2041/6007/2442 2083/6113/2478 2091/6024/2449
f 2084/6114/2473 2090/6115/2441 2077/6116/2475
f 2028/5952/2427 2062/6067/2463 2067/6072/2467
f 2069/6018/2445 1978/5892/2412 2082/6117/2471
f 2050/6020/2446 2044/6013/2443 2097/6118/2479
f 2057/6119/2438 2098/6120/2480 2051/6104/2454
f 2093/6041/2455 2084/6108/2473 2094/6121/2481
f 2084/6108/2473 2072/6122/2470 2094/6121/2481
f 2067/6072/2467 2083/6123/2478 2041/6087/2442
f 2084/6124/2473 2078/6125/2476 2075/6126/2474
f 2078/6098/2476 2086/6127/2482 2024/6099/2426
f 2078/6128/2476 1990/6129/2390 2085/6130/2468
f 2024/5940/2426 2086/6131/2482 2079/6112/2477
f 2060/6049/2429 2063/6132/2464 2055/6031/2451
f 2058/6047/2444 2065/6070/2465 2087/6133/2483
f 2088/6134/2432 2089/6135/2461 2081/6136/2469
f 2094/6137/2481 2072/6088/2470 2070/6064/2462
f 2090/6138/2441 2091/6139/2449 2077/6097/2475
f 2085/6140/2468 2068/6141/2458 2072/6094/2470
f 2055/6031/2451 2063/6132/2464 2092/6142/2484
f 2051/6104/2454 2098/6120/2480 2089/6062/2461
f 2093/6143/2455 2094/6144/2481 2099/6145/2485
f 2083/6123/2478 2067/6072/2467 2095/6146/2486
f 2079/6147/2477 2062/6067/2463 2046/6066/2456
f 2054/6030/2450 2069/6078/2445 2082/6148/2471
f 2065/6070/2465 2074/6052/2457 2087/6133/2483
f 2089/6135/2461 2070/6064/2462 2081/6136/2469
f 2067/6072/2467 2062/6067/2463 2095/6146/2486
f 2054/6030/2450 2082/6148/2471 2061/6058/2460
f 2044/6048/2443 2087/6133/2483 2097/6149/2479
f 2044/6048/2443 2058/6047/2444 2087/6133/2483
f 2049/6150/2447 2066/6079/2466 2061/6058/2460
f 2022/5939/2425 2096/6151/2487 2080/6022/2448
f 2089/6135/2461 2098/6152/2480 2099/6153/2485
f 2075/6096/2474 2078/6098/2476 2072/6094/2470
f 2095/6146/2486 2062/6067/2463 2086/6154/2482
f 2082/6090/2471 2064/6069/2459 2049/6021/2447
f 2056/6155/2453 2066/6079/2466 2049/6150/2447
f 2076/6092/2472 2096/6156/2487 2022/6093/2425
f 2057/6061/2438 2093/6041/2455 2098/6157/2480
f 2089/6135/2461 2094/6137/2481 2070/6064/2462
f 2089/6135/2461 2099/6153/2485 2094/6137/2481
f 2083/6113/2478 2077/6158/2475 2091/6024/2449
f 2083/6123/2478 2095/6146/2486 2102/6159/2488
f 2100/6160/2489 2078/6098/2476 2077/6097/2475
f 2072/6094/2470 2078/6098/2476 2085/6140/2468
f 2061/6058/2460 2082/6148/2471 2049/6150/2447
f 2092/6142/2484 2076/6092/2472 2055/6031/2451
f 2087/6133/2483 2074/6052/2457 2103/6161/2490
f 2086/6154/2482 2062/6067/2463 2079/6147/2477
f 2078/6098/2476 2100/6160/2489 2086/6127/2482
f 2087/6133/2483 2101/6162/2491 2097/6149/2479
f 2074/6052/2457 2080/6106/2448 2103/6161/2490
f 2093/6041/2455 2099/6163/2485 2098/6157/2480
f 2100/6160/2489 2102/6164/2488 2086/6127/2482
f 2050/6020/2446 2097/6118/2479 2063/6068/2464
f 2077/6158/2475 2083/6113/2478 2100/6165/2489
f 2102/6159/2488 2100/6166/2489 2083/6123/2478
f 2096/6167/2487 2103/6161/2490 2080/6106/2448
f 2095/6146/2486 2086/6154/2482 2102/6159/2488
f 2103/6161/2490 2101/6162/2491 2087/6133/2483
f 2092/6142/2484 2103/6168/2490 2076/6092/2472
f 2096/6156/2487 2076/6092/2472 2103/6168/2490
f 2092/6142/2484 2104/6169/2492 2103/6168/2490
f 2097/6170/2479 2092/6142/2484 2063/6132/2464
f 2092/6142/2484 2097/6170/2479 2104/6169/2492
f 2104/6171/2492 2101/6162/2491 2103/6161/2490
f 2104/6171/2492 2097/6149/2479 2101/6162/2491
